fecha,qobs
1980-01-01,0.13310605377259743
1980-01-02,0.03562130678302375
1980-01-03,0.05245618644231097
1980-01-04,0.02170617318783412
1980-01-05,0.08976285760665463
1980-01-06,0.04155723715455302
1980-01-07,0.1270968655409845
1980-01-08,0.02788204910698605
1980-01-09,0.07512119124405489
1980-01-10,0.07316390619885435
1980-01-11,0.11793367702810392
1980-01-12,0.12720133767175013
1980-01-13,0.1282936955624837
1980-01-14,0.1312773893676385
1980-01-15,0.109688367919803
1980-01-16,0.12938786003255504
1980-01-17,0.08297187706649231
1980-01-18,0.14561954562573715
1980-01-19,0.05426720188313252
1980-01-20,0.09154687177626047
1980-01-21,0.08847414105291408
1980-01-22,0.10251793022235958
1980-01-23,0.10245984328093957
1980-01-24,0.09465331106040026
1980-01-25,0.054153974772252055
1980-01-26,0.09306564100900536
1980-01-27,0.12318155814891907
1980-01-28,0.12436506830560558
1980-01-29,0.25985376566726637
1980-01-30,0.13712256753422133
1980-01-31,0.11975657953579905
1980-02-01,0.12630440105805518
1980-02-02,0.15203394865736747
1980-02-03,0.13846975675401124
1980-02-04,0.11444454167905631
1980-02-05,0.19046651852311572
1980-02-06,0.014836145594633213
1980-02-07,0.07160820483549542
1980-02-08,0.1553303149728428
1980-02-09,0.07794486211554234
1980-02-10,0.04197463150026405
1980-02-11,0.11651857906128765
1980-02-12,0.17031925297409062
1980-02-13,0.06346655763822853
1980-02-14,0.0955628743101574
1980-02-15,0.13811118790436647
1980-02-16,0.062430760513132205
1980-02-17,0.06442503520827692
1980-02-18,0.055390757887774145
1980-02-19,0.07462460845367395
1980-02-20,0.051728591738710625
1980-02-21,0.09396269918599698
1980-02-22,0.13358883127361157
1980-02-23,0.16600960311085294
1980-02-24,0.15608801198893268
1980-02-25,0.20523199538511272
1980-02-26,0.25083271929995427
1980-02-27,0.27309101384070705
1980-02-28,0.1876369760762568
1980-02-29,0.1297602823103945
1980-03-01,0.27035635682866394
1980-03-02,0.09438789796549032
1980-03-03,0.07889231551557464
1980-03-04,0.0030075375423550266
1980-03-05,0.11966911779700108
1980-03-06,0.0
1980-03-07,0.12878457369560842
1980-03-08,0.23058436395467996
1980-03-09,0.20221757285720954
1980-03-10,0.043148274048836394
1980-03-11,0.037010089192273304
1980-03-12,0.07082989182384294
1980-03-13,0.12382615322608685
1980-03-14,0.15245885220673336
1980-03-15,0.1363764790807838
1980-03-16,0.15323923682072657
1980-03-17,0.2534893214845576
1980-03-18,0.11120306389161952
1980-03-19,0.07499333910591752
1980-03-20,0.058460322298105986
1980-03-21,0.1440814149104551
1980-03-22,0.09528188613266973
1980-03-23,0.21508246446925844
1980-03-24,0.14509142817013984
1980-03-25,0.16430151475236413
1980-03-26,0.12901298166240338
1980-03-27,0.15728306850030147
1980-03-28,0.15631362949371805
1980-03-29,0.05438086038606736
1980-03-30,0.1087360927348333
1980-03-31,0.13958288322380022
1980-04-01,0.06950202955046006
1980-04-02,0.21128258162110913
1980-04-03,0.1618616678310249
1980-04-04,0.13180008990095532
1980-04-05,0.09827587287379858
1980-04-06,0.1739016207810104
1980-04-07,0.07706083261818017
1980-04-08,0.1248157098406676
1980-04-09,0.17275963300743338
1980-04-10,0.1622050121832109
1980-04-11,0.09649617783165462
1980-04-12,0.14551046288873093
1980-04-13,0.08871402509204354
1980-04-14,0.006965544179749497
1980-04-15,0.13704562289342148
1980-04-16,0.037323322402724346
1980-04-17,0.07320555028499634
1980-04-18,0.1051052269487909
1980-04-19,0.04795052296180999
1980-04-20,0.15288324541503145
1980-04-21,0.08764179907452921
1980-04-22,0.1162010130619483
1980-04-23,0.20756713582959532
1980-04-24,0.14845533736568778
1980-04-25,0.10889359696101314
1980-04-26,0.16603973517922802
1980-04-27,0.15106345472538993
1980-04-28,0.038415473548451026
1980-04-29,0.28434320462844864
1980-04-30,0.23792574506673742
1980-05-01,0.13173731235954722
1980-05-02,0.14005237410950938
1980-05-03,0.12407158385661832
1980-05-04,0.17876455670441269
1980-05-05,0.14799004532531154
1980-05-06,0.11799262150615564
1980-05-07,0.14813845358636313
1980-05-08,0.14539048782829672
1980-05-09,0.02969470334345692
1980-05-10,0.12543329810654721
1980-05-11,0.1556732892086906
1980-05-12,0.13475779385692316
1980-05-13,0.13511619206949216
1980-05-14,0.07572411114175467
1980-05-15,0.013428057721096412
1980-05-16,0.198622170636498
1980-05-17,0.10824006434077671
1980-05-18,0.2644573610368045
1980-05-19,0.18884584238205546
1980-05-20,0.21464183476094517
1980-05-21,0.14718719002703978
1980-05-22,0.19742258668478357
1980-05-23,0.1408436621062437
1980-05-24,0.12704960244886487
1980-05-25,0.12830384718862134
1980-05-26,0.14747576945716076
1980-05-27,0.1494220424206089
1980-05-28,0.10188385102161451
1980-05-29,0.1183974525001808
1980-05-30,0.050375754514341786
1980-05-31,0.027605103448997845
1980-06-01,0.14034382265387282
1980-06-02,0.11508435636394089
1980-06-03,0.045735876682134996
1980-06-04,0.13737150759394512
1980-06-05,0.13951780534858294
1980-06-06,0.10043078658724199
1980-06-07,0.08222806478233316
1980-06-08,0.039609621571705694
1980-06-09,0.05541607030854928
1980-06-10,0.13610376488429
1980-06-11,0.05375493510957436
1980-06-12,0.04539831663967531
1980-06-13,0.09724511498552299
1980-06-14,0.1877065893051211
1980-06-15,0.07696062330091674
1980-06-16,0.19205177400409243
1980-06-17,0.10233926607251767
1980-06-18,0.1457302632764717
1980-06-19,0.18787658751855513
1980-06-20,0.17540845544659717
1980-06-21,0.13497876420009317
1980-06-22,0.09377719079918115
1980-06-23,0.12801383749107356
1980-06-24,0.16615658450345533
1980-06-25,0.13153552052912787
1980-06-26,0.21953495192652883
1980-06-27,0.1518058040221057
1980-06-28,0.06499799040854493
1980-06-29,0.07343018495847004
1980-06-30,0.20115254275966485
1980-07-01,0.0789296490020609
1980-07-02,0.1254092039604542
1980-07-03,0.1077096005126293
1980-07-04,0.11373624313508116
1980-07-05,0.16581985213412384
1980-07-06,0.12551224732616456
1980-07-07,0.10118300340597254
1980-07-08,0.03814033814063054
1980-07-09,0.012459053751480896
1980-07-10,0.17126777509479083
1980-07-11,0.0716718814205467
1980-07-12,0.06566330554256405
1980-07-13,0.08549984419584247
1980-07-14,0.07663659604538
1980-07-15,0.1534537151724964
1980-07-16,0.08967316894264411
1980-07-17,0.0
1980-07-18,0.03920891077363252
1980-07-19,0.07574718000093468
1980-07-20,0.1251026204875113
1980-07-21,0.0
1980-07-22,0.10500983926700164
1980-07-23,0.16731925170093231
1980-07-24,0.14777280035841528
1980-07-25,0.14406042067232278
1980-07-26,0.1680373039200796
1980-07-27,0.0438160210962359
1980-07-28,0.1201033745179639
1980-07-29,0.07340639179966522
1980-07-30,0.11834356645615937
1980-07-31,0.0933103264790345
1980-08-01,0.12484045678671113
1980-08-02,0.016217717608635544
1980-08-03,0.15432050485783594
1980-08-04,0.1631072367227174
1980-08-05,0.08298705948179937
1980-08-06,0.11505598950187232
1980-08-07,0.055915569876547104
1980-08-08,0.054235818335171104
1980-08-09,0.1083168749217436
1980-08-10,0.09925542599893764
1980-08-11,0.0592445457468425
1980-08-12,0.019757380866727903
1980-08-13,0.10113343255663099
1980-08-14,0.0635885672107643
1980-08-15,0.024898276634140987
1980-08-16,0.14953842713229198
1980-08-17,0.06045547866348859
1980-08-18,0.12528167354787592
1980-08-19,0.05677862879534247
1980-08-20,0.07543385291911914
1980-08-21,0.15688798212755753
1980-08-22,0.12072253379329753
1980-08-23,0.0753127312843444
1980-08-24,0.14609994781219085
1980-08-25,0.10287908416801965
1980-08-26,0.0
1980-08-27,0.15979737696564103
1980-08-28,0.03142027290229848
1980-08-29,0.0
1980-08-30,0.020568414102705643
1980-08-31,0.04373811772706743
1980-09-01,0.05226302007586979
1980-09-02,0.0
1980-09-03,0.0
1980-09-04,0.011941387777965426
1980-09-05,0.033060367164172384
1980-09-06,0.09738625853040991
1980-09-07,0.03013024258665276
1980-09-08,0.08869974104912628
1980-09-09,0.09822510331182298
1980-09-10,0.11530409269784543
1980-09-11,0.0
1980-09-12,0.050893457735841974
1980-09-13,0.05835538730393241
1980-09-14,0.06009046077734367
1980-09-15,0.0
1980-09-16,0.014462219408762488
1980-09-17,0.0
1980-09-18,0.0
1980-09-19,0.0549641557927378
1980-09-20,0.0364857800525902
1980-09-21,0.030784494804171336
1980-09-22,0.057588412088810735
1980-09-23,0.03078060256815012
1980-09-24,0.058256511194553454
1980-09-25,0.017771618823532728
1980-09-26,0.0
1980-09-27,0.0
1980-09-28,0.0561471587686054
1980-09-29,0.06024293644304275
1980-09-30,0.0061523026315959545
1980-10-01,0.09669395701045247
1980-10-02,0.06719208881957403
1980-10-03,0.02126464405451741
1980-10-04,0.060389214873209376
1980-10-05,0.0
1980-10-06,0.1062243084556617
1980-10-07,0.15869237980160963
1980-10-08,0.018631244516480044
1980-10-09,0.1152038210307994
1980-10-10,0.0038769435493434673
1980-10-11,0.02107344750495195
1980-10-12,0.11350156348159698
1980-10-13,0.03452123831546984
1980-10-14,0.09267832240716443
1980-10-15,0.04690424064686551
1980-10-16,0.0
1980-10-17,0.17882183331756013
1980-10-18,0.0598311938044783
1980-10-19,0.06184440428010642
1980-10-20,0.02028115755188368
1980-10-21,0.10759158567819943
1980-10-22,0.08775988862583949
1980-10-23,0.0
1980-10-24,0.0612457723724236
1980-10-25,0.11735099235203851
1980-10-26,0.12374754940036403
1980-10-27,0.10446475889079393
1980-10-28,0.13518287965777298
1980-10-29,0.07112947768695949
1980-10-30,0.02440262565118797
1980-10-31,0.0701154516092373
1980-11-01,0.009871321839381608
1980-11-02,0.0347527772010408
1980-11-03,0.03012631598428228
1980-11-04,0.025580488990813624
1980-11-05,0.09204808273382192
1980-11-06,0.021493602004926247
1980-11-07,0.15688988174596225
1980-11-08,0.13113796296778016
1980-11-09,0.13271300597272487
1980-11-10,0.020065985551710144
1980-11-11,0.05691337273908645
1980-11-12,0.0011840013459968046
1980-11-13,0.1065783646901153
1980-11-14,0.015358911606913314
1980-11-15,0.12901028715166746
1980-11-16,0.026827437480725365
1980-11-17,0.10084306117749452
1980-11-18,0.11742242535660846
1980-11-19,0.11944758349039726
1980-11-20,0.07940445490958936
1980-11-21,0.08917958542804243
1980-11-22,0.13000687394197988
1980-11-23,0.07091957002279113
1980-11-24,0.1284527117046622
1980-11-25,0.12377856278648172
1980-11-26,0.06747922824481932
1980-11-27,0.058396191285065596
1980-11-28,0.08898386147630677
1980-11-29,0.12531935366828278
1980-11-30,0.06071100322039545
1980-12-01,0.1830844691236711
1980-12-02,0.10659968821333239
1980-12-03,0.08835123672674434
1980-12-04,0.11455541388067267
1980-12-05,0.035403327829721984
1980-12-06,0.022244105897286773
1980-12-07,0.13170552443300468
1980-12-08,0.12378057407410914
1980-12-09,0.09016255627284517
1980-12-10,0.1316546964122724
1980-12-11,0.07863425687860956
1980-12-12,0.09491760040400173
1980-12-13,0.18177553423173903
1980-12-14,0.1338147692806339
1980-12-15,0.10481410274023394
1980-12-16,0.09023543403523625
1980-12-17,0.06818406414288532
1980-12-18,0.001276827036756037
1980-12-19,0.03176550123630455
1980-12-20,0.08083020246500924
1980-12-21,0.0
1980-12-22,0.034755010877324556
1980-12-23,0.0
1980-12-24,0.09153287325092577
1980-12-25,0.052441524720857516
1980-12-26,0.16555129456941015
1980-12-27,0.16866971941829528
1980-12-28,0.18196063668762394
1980-12-29,0.13364689975011296
1980-12-30,0.17314794516438708
1980-12-31,0.20956370743366642
1981-01-01,0.18442175656720988
1981-01-02,0.09648568982627498
1981-01-03,0.048369512629445874
1981-01-04,0.12312403876042144
1981-01-05,0.0713540372247689
1981-01-06,0.0864724973215597
1981-01-07,0.11108134738962301
1981-01-08,0.05835002007469543
1981-01-09,0.0749906459479121
1981-01-10,0.13399751157667167
1981-01-11,0.12854975138238933
1981-01-12,0.14894781902983628
1981-01-13,0.030498501514612267
1981-01-14,0.13384644137332663
1981-01-15,0.09684725575388015
1981-01-16,0.11258368242523784
1981-01-17,0.01579374526787615
1981-01-18,0.16470905384161794
1981-01-19,0.15526418400786654
1981-01-20,0.19673262062957603
1981-01-21,0.07432486202820135
1981-01-22,0.06237783659036328
1981-01-23,0.0
1981-01-24,0.0755451639197475
1981-01-25,0.16129895642330241
1981-01-26,0.12209780056337281
1981-01-27,0.04336146738293117
1981-01-28,0.14726881848892362
1981-01-29,0.11555461089321016
1981-01-30,0.027483442234835648
1981-01-31,0.03261918325110162
1981-02-01,0.17250634804671017
1981-02-02,0.15666490545319345
1981-02-03,0.016617599764673405
1981-02-04,0.09140386979121758
1981-02-05,0.05911537332422521
1981-02-06,0.1408309583375112
1981-02-07,0.09903522240050625
1981-02-08,0.03332131954824319
1981-02-09,0.0815973319428111
1981-02-10,0.11120510568546552
1981-02-11,0.12050691337923194
1981-02-12,0.09770130388436274
1981-02-13,0.14736598553758704
1981-02-14,0.06641275354125706
1981-02-15,0.027527342377599448
1981-02-16,0.0429941778183627
1981-02-17,0.038893304464850606
1981-02-18,0.10427918020483673
1981-02-19,0.08973695656633811
1981-02-20,0.13368218970928739
1981-02-21,0.09342530317669322
1981-02-22,0.15300328775780264
1981-02-23,0.12126838416228186
1981-02-24,0.11868073605136252
1981-02-25,0.14766321903951146
1981-02-26,0.17148824571962296
1981-02-27,0.12394318150688297
1981-02-28,0.08357289372187349
1981-03-01,0.18902557518643143
1981-03-02,0.2437578786755209
1981-03-03,0.15343454559613529
1981-03-04,0.13121211818672845
1981-03-05,0.15562039383881862
1981-03-06,0.04143582422838776
1981-03-07,0.1087276165708917
1981-03-08,0.08199392561256164
1981-03-09,0.13497550283581636
1981-03-10,0.21798881952502622
1981-03-11,0.18617507845819314
1981-03-12,0.05878626074103603
1981-03-13,0.11373635942905204
1981-03-14,0.04012217455087583
1981-03-15,0.1980863560286958
1981-03-16,0.10445876516798028
1981-03-17,0.14909521682802399
1981-03-18,0.168770649299451
1981-03-19,0.14663376805846587
1981-03-20,0.0
1981-03-21,0.12709765082712585
1981-03-22,0.1214905255503472
1981-03-23,0.1628471226909489
1981-03-24,0.17547006246497018
1981-03-25,0.18537468987955694
1981-03-26,0.11096208123120782
1981-03-27,0.10571355104578309
1981-03-28,0.193086954290545
1981-03-29,0.19760845001068644
1981-03-30,0.1522632311146232
1981-03-31,0.18913325052040253
1981-04-01,0.1696442919120547
1981-04-02,0.1206269956331994
1981-04-03,0.2079381495899198
1981-04-04,0.1268446554096067
1981-04-05,0.10239497379601506
1981-04-06,0.0724936520362416
1981-04-07,0.0
1981-04-08,0.1335589025603157
1981-04-09,0.08438960861611858
1981-04-10,0.12691424511848792
1981-04-11,0.08575309253382944
1981-04-12,0.10755365542035873
1981-04-13,0.11213223967414195
1981-04-14,0.06983394030030267
1981-04-15,0.08805404592569402
1981-04-16,0.06443763717931439
1981-04-17,0.07748598855823954
1981-04-18,0.22688972144490036
1981-04-19,0.09875968075428551
1981-04-20,0.14612837542808907
1981-04-21,0.16421360067651464
1981-04-22,0.22022829133153227
1981-04-23,0.18906857069588387
1981-04-24,0.1624685731468579
1981-04-25,0.1363350542414265
1981-04-26,0.16597972945673958
1981-04-27,0.12501876943031381
1981-04-28,0.14626545293882454
1981-04-29,0.08998738811545542
1981-04-30,0.15746927172889466
1981-05-01,0.16189853787787262
1981-05-02,0.12837328581994786
1981-05-03,0.147363872763489
1981-05-04,0.3031897475349405
1981-05-05,0.14656142495728705
1981-05-06,0.2245211991716417
1981-05-07,0.17325994225100053
1981-05-08,0.19850130020189727
1981-05-09,0.16032411609491068
1981-05-10,0.17429460485325826
1981-05-11,0.1443678672065451
1981-05-12,0.23167945430219195
1981-05-13,0.15993483578369144
1981-05-14,0.1829522571451776
1981-05-15,0.11630717806262317
1981-05-16,0.1377009649876054
1981-05-17,0.1914136434458038
1981-05-18,0.07887628610540265
1981-05-19,0.0747941943461447
1981-05-20,0.10988302507385836
1981-05-21,0.18776780181979402
1981-05-22,0.19827849542037157
1981-05-23,0.19579753107508338
1981-05-24,0.19186236351943753
1981-05-25,0.10122216623267014
1981-05-26,0.1470739904759295
1981-05-27,0.141149610083682
1981-05-28,0.15164810234334752
1981-05-29,0.08237520469864276
1981-05-30,0.08655302397052961
1981-05-31,0.13138721878733325
1981-06-01,0.0864289438045826
1981-06-02,0.034190998300527436
1981-06-03,0.03954847418415137
1981-06-04,0.046128911118574555
1981-06-05,0.15095870423719737
1981-06-06,0.17866952588061846
1981-06-07,0.05540219426130994
1981-06-08,0.10732694203983417
1981-06-09,0.07626469536541
1981-06-10,0.11110326591097491
1981-06-11,0.09638645611614624
1981-06-12,0.04657900109171467
1981-06-13,0.04117839510069103
1981-06-14,0.10650207205333363
1981-06-15,0.1736466441455709
1981-06-16,0.08074682596901123
1981-06-17,0.04105878200311122
1981-06-18,0.20695538081093362
1981-06-19,0.15352340581207655
1981-06-20,0.0724541131362925
1981-06-21,0.12186926912823604
1981-06-22,0.18911191616307488
1981-06-23,0.1362896177830178
1981-06-24,0.175141089748414
1981-06-25,0.12009503727037368
1981-06-26,0.08444863323318104
1981-06-27,0.07516104651166136
1981-06-28,0.05450961951077079
1981-06-29,0.1165889478310832
1981-06-30,0.07467592864764702
1981-07-01,0.11558335839164903
1981-07-02,0.08536538326324047
1981-07-03,0.07685502810842047
1981-07-04,0.04329825518631735
1981-07-05,0.04507766063835673
1981-07-06,0.0806956304145079
1981-07-07,0.1144252225138393
1981-07-08,0.08269511809652388
1981-07-09,0.013997375378113165
1981-07-10,0.0
1981-07-11,0.08727172097282596
1981-07-12,0.20135989396933238
1981-07-13,0.08610446226960809
1981-07-14,0.08717178236603958
1981-07-15,0.14133849316633984
1981-07-16,0.040495647516832274
1981-07-17,0.17213068805363474
1981-07-18,0.12184242608154075
1981-07-19,0.11901671127718526
1981-07-20,0.0704696087251702
1981-07-21,0.18204700469391633
1981-07-22,0.09934078300648574
1981-07-23,0.133753355641535
1981-07-24,0.10335577492064572
1981-07-25,0.1524931614737749
1981-07-26,0.08279533067177144
1981-07-27,0.2671097178258642
1981-07-28,0.13363191691817175
1981-07-29,0.10262507689512645
1981-07-30,0.06943394233296915
1981-07-31,0.1227386375156782
1981-08-01,0.041638732751690444
1981-08-02,0.016680103965809344
1981-08-03,0.06755292384799186
1981-08-04,0.07732317957867126
1981-08-05,0.2122406668395819
1981-08-06,0.12411824303415656
1981-08-07,0.06298379072344903
1981-08-08,0.15202000384800957
1981-08-09,0.08308856240897552
1981-08-10,0.16464722334687612
1981-08-11,0.21161638829914603
1981-08-12,0.03397851533019278
1981-08-13,0.0
1981-08-14,0.18796031114915918
1981-08-15,0.06774018321620179
1981-08-16,0.01836867199976877
1981-08-17,0.06073299680485378
1981-08-18,0.020170908355069204
1981-08-19,0.015592847417802612
1981-08-20,0.11946579921371395
1981-08-21,0.053530337540953585
1981-08-22,0.0
1981-08-23,0.07382413733833887
1981-08-24,0.01426263694832082
1981-08-25,0.03187664429888278
1981-08-26,0.03407666088055659
1981-08-27,0.08629313181577762
1981-08-28,0.018953169305660406
1981-08-29,0.07952712269135931
1981-08-30,0.012993979012670062
1981-08-31,0.14533402883195573
1981-09-01,0.1568547932865545
1981-09-02,0.07009253045529715
1981-09-03,0.0336948258096951
1981-09-04,0.027503671367946146
1981-09-05,0.07259679582430807
1981-09-06,0.14502823414358992
1981-09-07,0.06043118507237707
1981-09-08,0.17432392288071108
1981-09-09,0.04228791064911776
1981-09-10,0.08901746327061719
1981-09-11,0.0806398952879312
1981-09-12,0.0798734918716708
1981-09-13,0.0876771208378232
1981-09-14,0.16725262967531615
1981-09-15,0.16186700227676698
1981-09-16,0.13190263985481498
1981-09-17,0.090448114899468
1981-09-18,0.08831272742687069
1981-09-19,0.17313194532106607
1981-09-20,0.10095596433525107
1981-09-21,0.028827392328192702
1981-09-22,0.02304378070357299
1981-09-23,0.11788111099508944
1981-09-24,0.039122055930920496
1981-09-25,0.07997990974972224
1981-09-26,0.11355748866316483
1981-09-27,0.0
1981-09-28,0.08157821767155654
1981-09-29,0.07691983253714507
1981-09-30,0.0
1981-10-01,0.08476550811944225
1981-10-02,0.12036582620283134
1981-10-03,0.08925364250439476
1981-10-04,0.09228108389742615
1981-10-05,0.06573913972306243
1981-10-06,0.12282667207687187
1981-10-07,0.048270097399275
1981-10-08,0.03184771935368831
1981-10-09,0.027798119910889832
1981-10-10,0.02538474416862907
1981-10-11,0.15161821846540624
1981-10-12,0.038680441587899204
1981-10-13,0.0561172841818197
1981-10-14,0.07653111053213517
1981-10-15,0.0666299426345782
1981-10-16,0.16029900668632735
1981-10-17,0.0
1981-10-18,0.16205589096003842
1981-10-19,0.051435696325542776
1981-10-20,0.11289769788653403
1981-10-21,0.05115930680257544
1981-10-22,0.0840249214238118
1981-10-23,0.0
1981-10-24,0.0
1981-10-25,0.17201207427249166
1981-10-26,0.1507918991402982
1981-10-27,0.008118400689797495
1981-10-28,0.12410986291430329
1981-10-29,0.1410874068830958
1981-10-30,0.11966764861644277
1981-10-31,0.06173396086390726
1981-11-01,0.1634027470062694
1981-11-02,0.08472040826494057
1981-11-03,0.0
1981-11-04,0.028589272475366644
1981-11-05,0.024200445155629753
1981-11-06,0.05939660731533102
1981-11-07,0.11048272767898079
1981-11-08,0.15192998996911455
1981-11-09,0.14477199862012002
1981-11-10,0.11650088752216531
1981-11-11,0.10483668700480343
1981-11-12,0.1265171561942962
1981-11-13,0.0472540273503017
1981-11-14,0.0
1981-11-15,0.1994642747822658
1981-11-16,0.05166850269136168
1981-11-17,0.16154777958221245
1981-11-18,0.08610339277150947
1981-11-19,0.15189527875546138
1981-11-20,0.03145606181131176
1981-11-21,0.03192409578067162
1981-11-22,0.04785310296233898
1981-11-23,0.08424189563437186
1981-11-24,0.05401851880735235
1981-11-25,0.08640253210811125
1981-11-26,0.10938950945323146
1981-11-27,0.14905466420459207
1981-11-28,0.15251398851006118
1981-11-29,0.17354235784286648
1981-11-30,0.11157709149474418
1981-12-01,0.09008291376287438
1981-12-02,0.15223553517102784
1981-12-03,0.1555038028792565
1981-12-04,0.1113708945908981
1981-12-05,0.04121244090606123
1981-12-06,0.01989105535022609
1981-12-07,0.1308653440090608
1981-12-08,0.12189722671312926
1981-12-09,0.06489616964357275
1981-12-10,0.13382000775192426
1981-12-11,0.04902940134657524
1981-12-12,0.10289666809220512
1981-12-13,0.0864727169927896
1981-12-14,0.10345203664396078
1981-12-15,0.10054650909806702
1981-12-16,0.14867536913382662
1981-12-17,0.13139121184154048
1981-12-18,0.18144583098732744
1981-12-19,0.13811034309003473
1981-12-20,0.13868382852250255
1981-12-21,0.10699645852583457
1981-12-22,0.11865311470240675
1981-12-23,0.13427753851058566
1981-12-24,0.05453134070213926
1981-12-25,0.11510014273962198
1981-12-26,0.09342424400169651
1981-12-27,0.11553182974813983
1981-12-28,0.12044698633976413
1981-12-29,0.0
1981-12-30,0.018368991121445383
1981-12-31,0.045214254581915594
1982-01-01,0.056512265862980214
1982-01-02,0.08513477714231303
1982-01-03,0.15442674132461343
1982-01-04,0.11724548790629824
1982-01-05,0.052284053059781635
1982-01-06,0.12344917365131061
1982-01-07,0.08414816992788532
1982-01-08,0.09881426897671274
1982-01-09,0.02501006589010922
1982-01-10,0.00757423994065802
1982-01-11,0.11910847221929588
1982-01-12,0.08725735916037032
1982-01-13,0.13874006455638668
1982-01-14,0.1666252544343873
1982-01-15,0.057601873698105356
1982-01-16,0.06080940563666074
1982-01-17,0.18018487861136723
1982-01-18,0.11293055363097497
1982-01-19,0.056907931256886826
1982-01-20,0.1073288826675009
1982-01-21,0.05602289504039317
1982-01-22,0.044232006299849344
1982-01-23,0.09291359073797552
1982-01-24,0.1467581029946061
1982-01-25,0.07988925790315274
1982-01-26,0.06424316960707349
1982-01-27,0.1038163986544548
1982-01-28,0.03514317312060557
1982-01-29,0.008369314667452027
1982-01-30,0.057626545966991814
1982-01-31,0.11241338717030645
1982-02-01,0.1383280540238659
1982-02-02,0.11178232547874513
1982-02-03,0.1671424801631248
1982-02-04,0.2687777027679476
1982-02-05,0.1722508732775501
1982-02-06,0.1562771546817548
1982-02-07,0.28308853401335143
1982-02-08,0.26336900016426584
1982-02-09,0.1632932261517913
1982-02-10,0.19070659372549512
1982-02-11,0.0873507752286754
1982-02-12,0.0
1982-02-13,0.0344929165093953
1982-02-14,0.08126101563895728
1982-02-15,0.0906054415024647
1982-02-16,0.18146809944090275
1982-02-17,0.07059639606314257
1982-02-18,0.08941117285780553
1982-02-19,0.170178590186767
1982-02-20,0.045753118000856144
1982-02-21,0.09507452858398115
1982-02-22,0.12074830551420784
1982-02-23,0.07045522937357128
1982-02-24,0.15973839716187568
1982-02-25,0.07205059504534883
1982-02-26,0.26057618412075195
1982-02-27,0.12693117993666148
1982-02-28,0.108744462044605
1982-03-01,0.2304438251926284
1982-03-02,0.004226019490340571
1982-03-03,0.02483456903096397
1982-03-04,0.14968921266072066
1982-03-05,0.034421764582616685
1982-03-06,0.12376729200269933
1982-03-07,0.06721480472350394
1982-03-08,0.02658935740479454
1982-03-09,0.14677133692460106
1982-03-10,0.16531953285807588
1982-03-11,0.13349585629918356
1982-03-12,0.20801754658659782
1982-03-13,0.07724116648559887
1982-03-14,0.14385102996526553
1982-03-15,0.15844919226350626
1982-03-16,0.18137221262405454
1982-03-17,0.10648314472568027
1982-03-18,0.16758838404858145
1982-03-19,0.18756056336376015
1982-03-20,0.19604524891510633
1982-03-21,0.20413582340937214
1982-03-22,0.13248900321911916
1982-03-23,0.13086850731967717
1982-03-24,0.1868216666054164
1982-03-25,0.16010193504443937
1982-03-26,0.1296906738107782
1982-03-27,0.20224728227339786
1982-03-28,0.0615350152892874
1982-03-29,0.03506750825167054
1982-03-30,0.12827764030820415
1982-03-31,0.06396891982420175
1982-04-01,0.07000427301304409
1982-04-02,0.21023548091089753
1982-04-03,0.16528404886632322
1982-04-04,0.10342024500837384
1982-04-05,0.08590559624754783
1982-04-06,0.044067439502052094
1982-04-07,0.15945882451453963
1982-04-08,0.1424161706037952
1982-04-09,0.26069801920952884
1982-04-10,0.28050401455580554
1982-04-11,0.27456528040640354
1982-04-12,0.22031370032029246
1982-04-13,0.22025290048992568
1982-04-14,0.18425838966531224
1982-04-15,0.12380608939111168
1982-04-16,0.24309583179740268
1982-04-17,0.25492831613545874
1982-04-18,0.12845642561358142
1982-04-19,0.1731833437296212
1982-04-20,0.14275469044938346
1982-04-21,0.08408634013952468
1982-04-22,0.11030699077062628
1982-04-23,0.12011965365361357
1982-04-24,0.09415317279623267
1982-04-25,0.13522394590360484
1982-04-26,0.19961384173880858
1982-04-27,0.33940996700119974
1982-04-28,0.17104910402793805
1982-04-29,0.12128583682221691
1982-04-30,0.15783934668872462
1982-05-01,0.12039448274278944
1982-05-02,0.07309864174998601
1982-05-03,0.07415769875886735
1982-05-04,0.15305438187811202
1982-05-05,0.1858675120864513
1982-05-06,0.1567283247445718
1982-05-07,0.1034910378962744
1982-05-08,0.2597462300566659
1982-05-09,0.10083483369876942
1982-05-10,0.09156695944452525
1982-05-11,0.1735322940071761
1982-05-12,0.19369579478522403
1982-05-13,0.17608008130515077
1982-05-14,0.07105183040363544
1982-05-15,0.10342435929320702
1982-05-16,0.05277896434008501
1982-05-17,0.23961343107722327
1982-05-18,0.13638845858614254
1982-05-19,0.133231700706406
1982-05-20,0.06550763066401408
1982-05-21,0.19726425729232772
1982-05-22,0.05975999011201659
1982-05-23,0.05516945813582308
1982-05-24,0.11122437719555528
1982-05-25,0.12676610289569373
1982-05-26,0.178680626380107
1982-05-27,0.14294467143219572
1982-05-28,0.13156030155775514
1982-05-29,0.04673029730891293
1982-05-30,0.04180123878901301
1982-05-31,0.02105132092333279
1982-06-01,0.07413178303251655
1982-06-02,0.01047787782726517
1982-06-03,0.18374790747252184
1982-06-04,0.12180650055326771
1982-06-05,0.08822931282263533
1982-06-06,0.1460372130266022
1982-06-07,0.0664005066540657
1982-06-08,0.1402200094543497
1982-06-09,0.05605181111318234
1982-06-10,0.1697391353049041
1982-06-11,0.16912402060662968
1982-06-12,0.06570874760804107
1982-06-13,0.07547658640432275
1982-06-14,0.062216790172165595
1982-06-15,0.04899260428603523
1982-06-16,0.06526929232661581
1982-06-17,0.09091856376190428
1982-06-18,0.0
1982-06-19,0.09329147219649822
1982-06-20,0.14632018476623224
1982-06-21,0.12526850682964147
1982-06-22,0.0
1982-06-23,0.13828465984532484
1982-06-24,0.1844539865670398
1982-06-25,0.07641646425164791
1982-06-26,0.004701923855004703
1982-06-27,0.03687706976118312
1982-06-28,0.044514855881895736
1982-06-29,0.14289611347984424
1982-06-30,0.060701403318799585
1982-07-01,0.07314638339708787
1982-07-02,0.17900049102059984
1982-07-03,0.12452924633380058
1982-07-04,0.1182078537025647
1982-07-05,0.0887263976164132
1982-07-06,0.14031468105687828
1982-07-07,0.13677509060914705
1982-07-08,0.22697541955090217
1982-07-09,0.2134832839716495
1982-07-10,0.14797826160237346
1982-07-11,0.11332234085742236
1982-07-12,0.12793371024330186
1982-07-13,0.08800207723579825
1982-07-14,0.10486971101210496
1982-07-15,0.007228622055765535
1982-07-16,0.06712017730241804
1982-07-17,0.16724456570912388
1982-07-18,0.14548674273808107
1982-07-19,0.09812300823219329
1982-07-20,0.1024705192064831
1982-07-21,0.17763992445378152
1982-07-22,0.07824500623474981
1982-07-23,0.013951117565945581
1982-07-24,0.12840356781706674
1982-07-25,0.1017035693491154
1982-07-26,0.09947583469710006
1982-07-27,0.0
1982-07-28,0.0
1982-07-29,0.08281440090795636
1982-07-30,0.08925570464742434
1982-07-31,0.07898221298892057
1982-08-01,0.17185299506203125
1982-08-02,0.13223301462311024
1982-08-03,0.19590398812179366
1982-08-04,0.15689477160728582
1982-08-05,0.038168851182995595
1982-08-06,0.03901306387782085
1982-08-07,0.025651455997304007
1982-08-08,0.09850296588648084
1982-08-09,0.09038655545232162
1982-08-10,0.15661756192076492
1982-08-11,0.10138402596539184
1982-08-12,0.02370024354238426
1982-08-13,0.06359125239375435
1982-08-14,0.013092102107297166
1982-08-15,0.11694642773347384
1982-08-16,0.2265135902923836
1982-08-17,0.07558178321456635
1982-08-18,0.06612544725497319
1982-08-19,0.07272715151504662
1982-08-20,0.12219568972943241
1982-08-21,0.08283073456166459
1982-08-22,0.11083062737763147
1982-08-23,0.0366819399811605
1982-08-24,0.05482735592669848
1982-08-25,0.008321453952423494
1982-08-26,0.07090192265562806
1982-08-27,0.02981220423417983
1982-08-28,0.1578780543023578
1982-08-29,0.03999992202413845
1982-08-30,0.0
1982-08-31,0.018593550086295776
1982-09-01,0.10226506094339836
1982-09-02,0.1484010657567291
1982-09-03,0.1406407991294399
1982-09-04,0.0645721480123385
1982-09-05,0.05051012194576106
1982-09-06,0.03663962528407413
1982-09-07,0.09634289816345623
1982-09-08,0.10361048594258285
1982-09-09,0.05641240876851766
1982-09-10,0.028196122264504637
1982-09-11,0.029253540528592123
1982-09-12,0.049230151061132946
1982-09-13,0.1062565790914834
1982-09-14,0.05282483505301984
1982-09-15,0.03183179898088641
1982-09-16,0.018124417246671045
1982-09-17,0.1257251344174034
1982-09-18,0.07893875441033946
1982-09-19,0.09387739660954827
1982-09-20,0.08886221022739796
1982-09-21,0.04299769045741925
1982-09-22,0.1267911181508995
1982-09-23,0.0
1982-09-24,0.13285957326013298
1982-09-25,0.08046418309812406
1982-09-26,0.0755101660847612
1982-09-27,0.02276134510979739
1982-09-28,0.10106523811921081
1982-09-29,0.11482782889427776
1982-09-30,0.05314292108257449
1982-10-01,0.060641781519709996
1982-10-02,0.017375829512652236
1982-10-03,0.08588025260875162
1982-10-04,0.052056595327748326
1982-10-05,0.1646954590192245
1982-10-06,0.0
1982-10-07,0.023451063068328712
1982-10-08,0.06419434100843724
1982-10-09,0.09596268631109717
1982-10-10,0.10870519224934175
1982-10-11,0.08096709368100484
1982-10-12,0.0785699227747943
1982-10-13,0.06816102805212648
1982-10-14,0.11255487804780213
1982-10-15,0.017577011500902608
1982-10-16,0.029851135297044355
1982-10-17,0.0785947618012239
1982-10-18,0.14418334307656963
1982-10-19,0.039126500792307894
1982-10-20,0.06860903679380474
1982-10-21,0.05486253731615644
1982-10-22,0.12489989167009694
1982-10-23,0.002039755375459612
1982-10-24,0.05895744704533908
1982-10-25,0.057470972850973426
1982-10-26,0.08742112105937411
1982-10-27,0.0
1982-10-28,0.16398456883539722
1982-10-29,0.0
1982-10-30,0.07952883389963093
1982-10-31,0.00696075776251559
1982-11-01,0.03318565432688644
1982-11-02,0.12177755655569501
1982-11-03,0.12022754026902757
1982-11-04,0.01686802181670944
1982-11-05,0.006599109621040461
1982-11-06,0.0
1982-11-07,0.07507894688514433
1982-11-08,0.02198723361898472
1982-11-09,0.13690677623641198
1982-11-10,0.012154532780490536
1982-11-11,0.09141381294790768
1982-11-12,0.1390852242334621
1982-11-13,0.10273325534593321
1982-11-14,0.013821865839956496
1982-11-15,0.10908027118453503
1982-11-16,0.06971088109203873
1982-11-17,0.08432840093128545
1982-11-18,0.147840163941571
1982-11-19,0.07411504950747733
1982-11-20,0.10888375260712482
1982-11-21,0.055802632343174834
1982-11-22,0.06000431952401094
1982-11-23,0.1213742930452548
1982-11-24,0.05595847335650989
1982-11-25,0.084762759050687
1982-11-26,0.17617698673516882
1982-11-27,0.18119245917679316
1982-11-28,0.05835202557809552
1982-11-29,0.1310909041421322
1982-11-30,0.19898026767937188
1982-12-01,0.209704216929205
1982-12-02,0.09187267976099057
1982-12-03,0.11931612630157745
1982-12-04,0.12076765594237175
1982-12-05,0.10158968630499074
1982-12-06,0.11122926893989818
1982-12-07,0.15547448074000855
1982-12-08,0.0019103825174373312
1982-12-09,0.05501725062099499
1982-12-10,0.09842302997473179
1982-12-11,0.07559405010284752
1982-12-12,0.10005842578667817
1982-12-13,0.1726691749580223
1982-12-14,0.21221663243668243
1982-12-15,0.13596163905831216
1982-12-16,0.1959020039086356
1982-12-17,0.13119508110696151
1982-12-18,0.09382240780218286
1982-12-19,0.021892645581002415
1982-12-20,0.0572014191347052
1982-12-21,0.1006713103334963
1982-12-22,0.09070340278971985
1982-12-23,0.08789968283389021
1982-12-24,0.17926343660084318
1982-12-25,0.11453559844131156
1982-12-26,0.14007085944630498
1982-12-27,0.21048547587032249
1982-12-28,0.10336626563400869
1982-12-29,0.10290285754981802
1982-12-30,0.18937082851284218
1982-12-31,0.1601902681256648
1983-01-01,0.13807362976658488
1983-01-02,0.130300836589534
1983-01-03,0.13973918876607827
1983-01-04,0.12366329713015853
1983-01-05,0.10558906666762997
1983-01-06,0.07383945092919775
1983-01-07,0.11150193058421456
1983-01-08,0.10078918673337103
1983-01-09,0.047874188979100285
1983-01-10,0.1416428318869427
1983-01-11,0.055996158501881055
1983-01-12,0.11614417960270695
1983-01-13,0.10659718092871057
1983-01-14,0.10002977928828845
1983-01-15,0.10046789164035257
1983-01-16,0.10060893149407538
1983-01-17,0.06354697514786188
1983-01-18,0.13051815878786274
1983-01-19,0.07406844494602416
1983-01-20,0.16095578435680408
1983-01-21,0.0014326053030571106
1983-01-22,0.08790259317062933
1983-01-23,0.011806280946577485
1983-01-24,0.06333399658625452
1983-01-25,0.09173409449072419
1983-01-26,0.17162597578464323
1983-01-27,0.1481104087485205
1983-01-28,0.08848384896430618
1983-01-29,0.07773573430998512
1983-01-30,0.16579134723096997
1983-01-31,0.159902537101586
1983-02-01,0.07725111008863106
1983-02-02,0.16042214372451888
1983-02-03,0.05637588945283447
1983-02-04,0.06314634599292629
1983-02-05,0.10299212564391334
1983-02-06,0.05469811466476086
1983-02-07,0.07844578410999511
1983-02-08,0.02462540945511002
1983-02-09,0.1263886241291476
1983-02-10,0.031757895088005486
1983-02-11,0.03956880565494761
1983-02-12,0.1825635150251585
1983-02-13,0.11519676651242713
1983-02-14,0.17624056996404958
1983-02-15,0.18846675689495296
1983-02-16,0.18747129540267524
1983-02-17,0.1556162089872516
1983-02-18,0.12871459659068024
1983-02-19,0.10763855111502482
1983-02-20,0.040548407265313904
1983-02-21,0.1403433782229588
1983-02-22,0.12730050604009135
1983-02-23,0.16853082942013964
1983-02-24,0.008584177706016383
1983-02-25,0.10952204261149832
1983-02-26,0.1647936975824112
1983-02-27,0.1712318356108803
1983-02-28,0.1313264974454756
1983-03-01,0.10669437124664526
1983-03-02,0.04560414935512626
1983-03-03,0.16322969738108656
1983-03-04,0.11474430623275073
1983-03-05,0.10099265185936951
1983-03-06,0.07191113837036733
1983-03-07,0.0580639863432075
1983-03-08,0.11703140167241852
1983-03-09,0.015298044681857928
1983-03-10,0.17596237255343913
1983-03-11,0.2549250835145201
1983-03-12,0.09507598062983592
1983-03-13,0.18723744176780288
1983-03-14,0.19608243802258085
1983-03-15,0.15709668334489965
1983-03-16,0.20339789365112698
1983-03-17,0.16075889763023724
1983-03-18,0.19464922275774937
1983-03-19,0.1412392351489349
1983-03-20,0.26847130818491394
1983-03-21,0.22825768714123285
1983-03-22,0.03533897187588941
1983-03-23,0.20043231654067167
1983-03-24,0.0789116192316527
1983-03-25,0.1636314106357343
1983-03-26,0.14443938952342578
1983-03-27,0.01879890096506151
1983-03-28,0.11207671139150892
1983-03-29,0.06081221858732196
1983-03-30,0.104907280937639
1983-03-31,0.07623551054112893
1983-04-01,0.08798071265185217
1983-04-02,0.06767581564308682
1983-04-03,0.15140207420949042
1983-04-04,0.1890031123693114
1983-04-05,0.1258311165372897
1983-04-06,0.06639835588525306
1983-04-07,0.11068236820165142
1983-04-08,0.07015556263765368
1983-04-09,0.14083931239067218
1983-04-10,0.0
1983-04-11,0.13974392053272006
1983-04-12,0.08795052534105469
1983-04-13,0.1141486230461597
1983-04-14,0.09643947352109634
1983-04-15,0.1336886500013559
1983-04-16,0.07959475174931879
1983-04-17,0.15024003394029162
1983-04-18,0.003048199871667684
1983-04-19,0.17385322412302337
1983-04-20,0.027734182215533622
1983-04-21,0.08505777090017884
1983-04-22,0.17802809523891258
1983-04-23,0.20443160241000252
1983-04-24,0.1156241857363062
1983-04-25,0.03815153678968623
1983-04-26,0.210059834411853
1983-04-27,0.14286483950432138
1983-04-28,0.06300220375945953
1983-04-29,0.13485417920464818
1983-04-30,0.04560650246988186
1983-05-01,0.11799497362226094
1983-05-02,0.04041796982265498
1983-05-03,0.007555308233657396
1983-05-04,0.012100236181652901
1983-05-05,0.07238744380285828
1983-05-06,0.20227643749093444
1983-05-07,0.21275275385793313
1983-05-08,0.22642215157186207
1983-05-09,0.059709544050514346
1983-05-10,0.10179517385952974
1983-05-11,0.11746579725930936
1983-05-12,0.1045613924040744
1983-05-13,0.20443748039875115
1983-05-14,0.10727048963824337
1983-05-15,0.16548145696564243
1983-05-16,0.2256377630648224
1983-05-17,0.015838335910115103
1983-05-18,0.0630668908737273
1983-05-19,0.13476033045977026
1983-05-20,0.18196832150601244
1983-05-21,0.17893534065217925
1983-05-22,0.0835198649190935
1983-05-23,0.09140405994020341
1983-05-24,0.04304652751161646
1983-05-25,0.16106788665864594
1983-05-26,0.08580461437995635
1983-05-27,0.15601614032669675
1983-05-28,0.18028931152723326
1983-05-29,0.03286961122417448
1983-05-30,0.17765067342086138
1983-05-31,0.1766351694965601
1983-06-01,0.09504510649516244
1983-06-02,0.11978981168059047
1983-06-03,0.062390263314572994
1983-06-04,0.16353802350604235
1983-06-05,0.0901161182799419
1983-06-06,0.11944744907407245
1983-06-07,0.04771790930631158
1983-06-08,0.08007056423347189
1983-06-09,0.10074007641728888
1983-06-10,0.09556047551261537
1983-06-11,0.09398883814959802
1983-06-12,0.013371341155146522
1983-06-13,0.06556550146571313
1983-06-14,0.014687860367273549
1983-06-15,0.07010540311705064
1983-06-16,0.04060615872127573
1983-06-17,0.09690204582519613
1983-06-18,0.014270678918214971
1983-06-19,0.08588425143978434
1983-06-20,0.08685566646717903
1983-06-21,0.048765324429185145
1983-06-22,0.1429680877667202
1983-06-23,0.1367609641045885
1983-06-24,0.10081318860331148
1983-06-25,0.1275615146325831
1983-06-26,0.07177642655223442
1983-06-27,0.07905211232524995
1983-06-28,0.08517890875792307
1983-06-29,0.13519415905036397
1983-06-30,0.009659831820158143
1983-07-01,0.07497078485651104
1983-07-02,0.1505081892901323
1983-07-03,0.040780188471779805
1983-07-04,0.07470377962358289
1983-07-05,0.0969732161527684
1983-07-06,0.02559684506647175
1983-07-07,0.17962024340871804
1983-07-08,0.10519964903841701
1983-07-09,0.07175999006706033
1983-07-10,0.11922247630839967
1983-07-11,0.06290954318687267
1983-07-12,0.0884197494718976
1983-07-13,0.15305898312633243
1983-07-14,0.06578070373093524
1983-07-15,0.15138722735047572
1983-07-16,0.052192534212418484
1983-07-17,0.09560817196710529
1983-07-18,0.09469339762433515
1983-07-19,0.04911154239778557
1983-07-20,0.037638675245119185
1983-07-21,0.11676387414072806
1983-07-22,0.16788138568743843
1983-07-23,0.13518202304352608
1983-07-24,0.11867115724116786
1983-07-25,0.062264958850433164
1983-07-26,0.10302969302424853
1983-07-27,0.07233677939476109
1983-07-28,0.09332006068664465
1983-07-29,0.09238211444548551
1983-07-30,0.10454711052651655
1983-07-31,0.03264574344286313
1983-08-01,0.09196585343198671
1983-08-02,0.0
1983-08-03,0.06058921280954384
1983-08-04,0.06825956890866969
1983-08-05,0.2622394129216043
1983-08-06,0.11706629891089537
1983-08-07,0.02975455843918201
1983-08-08,0.009162436268711521
1983-08-09,0.0
1983-08-10,0.0014654128777453618
1983-08-11,0.0020007082664428785
1983-08-12,0.0
1983-08-13,0.021632342304138776
1983-08-14,0.07828014492262672
1983-08-15,0.036778953940406915
1983-08-16,0.08759076048659839
1983-08-17,0.0
1983-08-18,0.029429188287342912
1983-08-19,0.0
1983-08-20,0.08160114442330438
1983-08-21,0.06398702747767909
1983-08-22,0.1469626797100027
1983-08-23,0.01438090042337746
1983-08-24,0.0
1983-08-25,0.07019563250556932
1983-08-26,0.0526802433141763
1983-08-27,0.1038444413510171
1983-08-28,0.09053123089310447
1983-08-29,0.06376133973149514
1983-08-30,0.04171990761277845
1983-08-31,0.07631172129060432
1983-09-01,0.000600491617633328
1983-09-02,0.1314866279654694
1983-09-03,0.12928264273743578
1983-09-04,0.10900018600233345
1983-09-05,0.0512452910373168
1983-09-06,0.0723788874071282
1983-09-07,0.1406222996227287
1983-09-08,0.04617852585705203
1983-09-09,0.1441141686753254
1983-09-10,0.0
1983-09-11,0.037342776450075915
1983-09-12,0.005330068133468327
1983-09-13,0.11321255282485516
1983-09-14,0.10022116581257451
1983-09-15,0.08123608973884386
1983-09-16,0.15740379793861392
1983-09-17,0.06783921008902746
1983-09-18,0.10316155594614188
1983-09-19,0.0
1983-09-20,0.032959988334869655
1983-09-21,0.05750663203958013
1983-09-22,0.025663389386454634
1983-09-23,0.13269785801596984
1983-09-24,0.008136339716270702
1983-09-25,0.12887431039383732
1983-09-26,0.05731251827100681
1983-09-27,0.044319190889309745
1983-09-28,0.15455065952304078
1983-09-29,0.16583912280935728
1983-09-30,0.12144787293433994
1983-10-01,0.04479168150847928
1983-10-02,0.11153366364105069
1983-10-03,0.04531895833836497
1983-10-04,0.10920862918981175
1983-10-05,0.09211831032335853
1983-10-06,0.0
1983-10-07,0.05253194246709528
1983-10-08,0.0344536234247384
1983-10-09,0.03712947415943712
1983-10-10,0.05115012737113121
1983-10-11,0.07213419632309956
1983-10-12,0.18031670126561258
1983-10-13,0.10979635004481117
1983-10-14,0.18247978669560885
1983-10-15,0.027728859194123864
1983-10-16,0.05458038549684793
1983-10-17,0.1936099616932624
1983-10-18,0.022658971265698283
1983-10-19,0.12800551143453515
1983-10-20,0.0685330480752572
1983-10-21,0.06011181348498458
1983-10-22,0.11635691820874831
1983-10-23,0.1169799660929105
1983-10-24,0.14710702206291543
1983-10-25,0.05311665352889074
1983-10-26,0.06676984105411016
1983-10-27,0.04437510555553116
1983-10-28,0.02057236225458521
1983-10-29,0.09742257057057432
1983-10-30,0.0653674073970647
1983-10-31,0.0
1983-11-01,0.1763341723074141
1983-11-02,0.11936513570998696
1983-11-03,0.050168909994012405
1983-11-04,0.08926083161945618
1983-11-05,0.06360828905021151
1983-11-06,0.14300053448615355
1983-11-07,0.22624067092171596
1983-11-08,0.1576599922601726
1983-11-09,0.09346029398845965
1983-11-10,0.040584180819893345
1983-11-11,0.05087574332588992
1983-11-12,0.11144993040675158
1983-11-13,0.06187698335708872
1983-11-14,0.11003323995784808
1983-11-15,0.06111478958648629
1983-11-16,0.02267034771322142
1983-11-17,0.09874954533384969
1983-11-18,0.10304912955494794
1983-11-19,0.08969888243027022
1983-11-20,0.04260325363588169
1983-11-21,0.09003779501254522
1983-11-22,0.1623894141410151
1983-11-23,0.18342405780779547
1983-11-24,0.15437616956549002
1983-11-25,0.14390800926653924
1983-11-26,0.05660256510073955
1983-11-27,0.10646368649673082
1983-11-28,0.1254799824926288
1983-11-29,0.030723417262178046
1983-11-30,0.1015753268057276
1983-12-01,0.06104255402662441
1983-12-02,0.0
1983-12-03,0.08555920360218304
1983-12-04,0.016892879101026353
1983-12-05,0.12444250895097743
1983-12-06,0.026376292908207387
1983-12-07,0.08178240242716917
1983-12-08,0.09398853316780065
1983-12-09,0.02971017642405055
1983-12-10,0.1028576674955931
1983-12-11,0.11100574839702934
1983-12-12,0.15290307847140255
1983-12-13,0.11065866992010463
1983-12-14,0.15603751845237104
1983-12-15,0.16636239953038104
1983-12-16,0.1532465221975613
1983-12-17,0.17937346558673403
1983-12-18,0.1520516576685692
1983-12-19,0.10808745556187405
1983-12-20,0.2209426557667523
1983-12-21,0.17391534666814304
1983-12-22,0.16499044985940942
1983-12-23,0.20159705842980993
1983-12-24,0.15174830038259007
1983-12-25,0.08437632005845253
1983-12-26,0.08580775389967069
1983-12-27,0.1540236581130941
1983-12-28,0.08081411017351581
1983-12-29,0.08326383188600284
1983-12-30,0.12037125987564226
1983-12-31,0.10822345788472962
1984-01-01,0.04565502648834157
1984-01-02,0.11767079240061241
1984-01-03,0.08123569993762735
1984-01-04,0.046672473446604454
1984-01-05,0.16281368857325673
1984-01-06,0.08614709382012099
1984-01-07,0.0
1984-01-08,0.10522803190189091
1984-01-09,0.0939780074785043
1984-01-10,0.19518156819881555
1984-01-11,0.08038558594457487
1984-01-12,0.11429392840459378
1984-01-13,0.11031765688167197
1984-01-14,0.032040590480740434
1984-01-15,0.10486817605834492
1984-01-16,0.0754638698244099
1984-01-17,0.06011302051994695
1984-01-18,0.07609165783201305
1984-01-19,0.08676953101171944
1984-01-20,0.12737138035683937
1984-01-21,0.10234041468874068
1984-01-22,0.06858124041744074
1984-01-23,0.09372330875679306
1984-01-24,0.05181879979096178
1984-01-25,0.09727812350483592
1984-01-26,0.15864468289328434
1984-01-27,0.24489018568614337
1984-01-28,0.20623438079980555
1984-01-29,0.11011587439946424
1984-01-30,0.2523960084803324
1984-01-31,0.14418086429796137
1984-02-01,0.12511184250354865
1984-02-02,0.16731496281023364
1984-02-03,0.17940402720284584
1984-02-04,0.07414888316424914
1984-02-05,0.08692837163694858
1984-02-06,0.2431091563792589
1984-02-07,0.22262382951558893
1984-02-08,0.144335276042158
1984-02-09,0.21427354808929844
1984-02-10,0.20079102846200564
1984-02-11,0.13937235328489825
1984-02-12,0.19384977366487247
1984-02-13,0.13951175918519435
1984-02-14,0.1431602832038412
1984-02-15,0.10540049237499273
1984-02-16,0.10869960070647526
1984-02-17,0.20520203883456106
1984-02-18,0.21458290596356006
1984-02-19,0.07001902518282559
1984-02-20,0.15225768035462398
1984-02-21,0.24797911347344553
1984-02-22,0.09229883304475599
1984-02-23,0.19655015527712966
1984-02-24,0.27015753517685803
1984-02-25,0.12177780505331691
1984-02-26,0.12899162098809447
1984-02-27,0.037877364164468394
1984-02-28,0.13576888748200933
1984-02-29,0.1601462389571997
1984-03-01,0.14814788630080478
1984-03-02,0.19832499746960608
1984-03-03,0.14272895449831247
1984-03-04,0.06207449814318924
1984-03-05,0.06765139023194153
1984-03-06,0.06767088428083412
1984-03-07,0.10215042899080264
1984-03-08,0.2096571518681106
1984-03-09,0.06900345094437563
1984-03-10,0.1454978539504999
1984-03-11,0.07441390525057869
1984-03-12,0.02834564645123218
1984-03-13,0.06434120674676296
1984-03-14,0.04887662868577027
1984-03-15,0.06693338946918816
1984-03-16,0.08829550753250681
1984-03-17,0.024789109975041468
1984-03-18,0.1277005182792558
1984-03-19,0.1346655400122387
1984-03-20,0.07555901990223161
1984-03-21,0.12399981097273344
1984-03-22,0.0
1984-03-23,0.0
1984-03-24,0.14885710301991487
1984-03-25,0.06810086738096512
1984-03-26,0.20266515342209943
1984-03-27,0.07633041749273346
1984-03-28,0.035734131530300715
1984-03-29,0.1635146379586947
1984-03-30,0.18655920872310292
1984-03-31,0.2413728327646574
1984-04-01,0.12864904953940182
1984-04-02,0.15560522746669514
1984-04-03,0.10932756642317629
1984-04-04,0.0514068074698634
1984-04-05,0.22659179201561078
1984-04-06,0.17116151127228973
1984-04-07,0.1115517473807413
1984-04-08,0.12929014689684304
1984-04-09,0.1755883304542597
1984-04-10,0.22192324625546964
1984-04-11,0.21817196794793928
1984-04-12,0.17717962080754038
1984-04-13,0.1961274554567357
1984-04-14,0.02402022872904072
1984-04-15,0.1486260424943093
1984-04-16,0.12491794609185813
1984-04-17,0.030196317433621687
1984-04-18,0.0
1984-04-19,0.11904190876624535
1984-04-20,0.0214191406131376
1984-04-21,0.16048028756102395
1984-04-22,0.18332887826223487
1984-04-23,0.11839480878039527
1984-04-24,0.10384063470354615
1984-04-25,0.08975766075253823
1984-04-26,0.029600449270307125
1984-04-27,0.13414258776171703
1984-04-28,0.08624699658414534
1984-04-29,0.06402184794404639
1984-04-30,0.10075309924241939
1984-05-01,0.08092920469386859
1984-05-02,0.09473657585974539
1984-05-03,0.020167560954559634
1984-05-04,0.07919855998043075
1984-05-05,0.053783789810730384
1984-05-06,0.13868212925842402
1984-05-07,0.10537739734364082
1984-05-08,0.20769866202345177
1984-05-09,0.1907940281843047
1984-05-10,0.3393824556132942
1984-05-11,0.2903182556665969
1984-05-12,0.13348775337560786
1984-05-13,0.24934238998443034
1984-05-14,0.14940621117186556
1984-05-15,0.11943210468873758
1984-05-16,0.11827088266793961
1984-05-17,0.13316022006329017
1984-05-18,0.10543263849382896
1984-05-19,0.11968525941249909
1984-05-20,0.21039567001495565
1984-05-21,0.1979337247493449
1984-05-22,0.18709803643681874
1984-05-23,0.06728677507606469
1984-05-24,0.07779024657045465
1984-05-25,0.17040876658481316
1984-05-26,0.10005575160539429
1984-05-27,0.09947396967417499
1984-05-28,0.13251528661047915
1984-05-29,0.10677716913276952
1984-05-30,0.1040231346440693
1984-05-31,0.16664687963734393
1984-06-01,0.09626587636481175
1984-06-02,0.043013145359540456
1984-06-03,0.18900215174103585
1984-06-04,0.07532320234810094
1984-06-05,0.03740946695537968
1984-06-06,0.1026957313055826
1984-06-07,0.1050503097728658
1984-06-08,0.08373010501998318
1984-06-09,0.07424315707471259
1984-06-10,0.01633334534466091
1984-06-11,0.15301880719924071
1984-06-12,0.049372269051625034
1984-06-13,0.1016370269632518
1984-06-14,0.1567379553588914
1984-06-15,0.18779019145067838
1984-06-16,0.13129877979515325
1984-06-17,0.04666499767472057
1984-06-18,0.06086638128477549
1984-06-19,0.053388676289827755
1984-06-20,0.0
1984-06-21,0.08054194571263222
1984-06-22,0.026001678701766034
1984-06-23,0.09616760198412617
1984-06-24,0.08261816302925923
1984-06-25,0.03984594476027167
1984-06-26,0.03521090322628031
1984-06-27,0.08910507882933072
1984-06-28,0.03772849299963181
1984-06-29,0.14358317219759203
1984-06-30,0.15830001873015037
1984-07-01,0.1632700844012505
1984-07-02,0.13991616477508279
1984-07-03,0.1000855856036197
1984-07-04,0.039940236945250354
1984-07-05,0.13494839269893816
1984-07-06,0.15439862474039168
1984-07-07,0.04731011192393762
1984-07-08,0.054144137537990786
1984-07-09,0.014617983811567342
1984-07-10,0.0913464058895649
1984-07-11,0.0439555096900722
1984-07-12,0.06654303816259496
1984-07-13,0.09870890297067819
1984-07-14,0.12075344896091264
1984-07-15,0.09982087266382333
1984-07-16,0.0
1984-07-17,0.08116590498985521
1984-07-18,0.08748225167887089
1984-07-19,0.08487000691377969
1984-07-20,0.13136511047928665
1984-07-21,0.06276341877521627
1984-07-22,0.09095941367620637
1984-07-23,0.027819583386725383
1984-07-24,0.08605082530068511
1984-07-25,0.09099425397477778
1984-07-26,0.021361686460939194
1984-07-27,0.0
1984-07-28,0.033720637610888005
1984-07-29,0.006404463546575832
1984-07-30,0.08176140055648151
1984-07-31,0.03479683202403224
1984-08-01,0.11914396563637267
1984-08-02,0.0
1984-08-03,0.01637166230518161
1984-08-04,0.013205461936458635
1984-08-05,0.10602152351234266
1984-08-06,0.0
1984-08-07,0.045706601346791026
1984-08-08,0.037407858554454554
1984-08-09,0.07460895504602988
1984-08-10,0.05452112117092372
1984-08-11,0.0
1984-08-12,0.0
1984-08-13,0.019703999980302825
1984-08-14,0.0071980670605523295
1984-08-15,0.010528751588535251
1984-08-16,0.06421898887875876
1984-08-17,0.14328883484191568
1984-08-18,0.03578341627593741
1984-08-19,0.01719131429163427
1984-08-20,0.06895815588142479
1984-08-21,0.07105827667170424
1984-08-22,0.06518096348658364
1984-08-23,0.028178314793876398
1984-08-24,0.050556951812444566
1984-08-25,0.07151556460997112
1984-08-26,0.022949797092300182
1984-08-27,0.13226804431270062
1984-08-28,0.07535685371939965
1984-08-29,0.11869639955201632
1984-08-30,0.09362300898423848
1984-08-31,0.04308921005936375
1984-09-01,0.01297056282390427
1984-09-02,0.13750370998618688
1984-09-03,0.03988130939686992
1984-09-04,0.06209767211001888
1984-09-05,0.031031831054611984
1984-09-06,0.13299494178557514
1984-09-07,0.06342088263896441
1984-09-08,0.01296910608332505
1984-09-09,0.09349803309633682
1984-09-10,0.15624347156291782
1984-09-11,0.04045817597011636
1984-09-12,0.0
1984-09-13,0.12073010764613187
1984-09-14,0.026717834250030992
1984-09-15,0.0
1984-09-16,0.019963218810682512
1984-09-17,0.08200172008293681
1984-09-18,0.09334508678768183
1984-09-19,0.0834701674238785
1984-09-20,0.00876147569044989
1984-09-21,0.09715302445152721
1984-09-22,0.08243260840622683
1984-09-23,0.06514975121647434
1984-09-24,0.0
1984-09-25,0.008089735892481457
1984-09-26,0.04345578506975015
1984-09-27,0.06053111164617293
1984-09-28,0.0
1984-09-29,0.12468403042373265
1984-09-30,0.029282891788340502
1984-10-01,0.09612862067170597
1984-10-02,0.0
1984-10-03,0.04144613461866972
1984-10-04,0.0
1984-10-05,0.04585449740741583
1984-10-06,0.05496395127215126
1984-10-07,0.07740246645809382
1984-10-08,0.006466166976124066
1984-10-09,0.0
1984-10-10,0.07727436903536147
1984-10-11,0.04821498089877521
1984-10-12,0.034685018225435085
1984-10-13,0.005711638706923067
1984-10-14,0.03968139547833676
1984-10-15,0.06180950956231921
1984-10-16,0.12898092138448736
1984-10-17,0.00871850651748926
1984-10-18,0.08175632303309759
1984-10-19,0.13891204654341238
1984-10-20,0.001645035196968389
1984-10-21,0.04587285447051804
1984-10-22,0.1973874760454683
1984-10-23,0.06628835879699155
1984-10-24,0.09962682764501296
1984-10-25,0.0
1984-10-26,0.1082714079599922
1984-10-27,0.058296991158855616
1984-10-28,0.1223199740644207
1984-10-29,0.15387503525506227
1984-10-30,0.06758142950432136
1984-10-31,0.10262349097653835
1984-11-01,0.006770460754592353
1984-11-02,0.07891229318252974
1984-11-03,0.10318728644718927
1984-11-04,0.035634806268486294
1984-11-05,0.00525536111875699
1984-11-06,0.05868725461130138
1984-11-07,0.12594319543862517
1984-11-08,0.0996685717817732
1984-11-09,0.08271934958660218
1984-11-10,0.17260926412055055
1984-11-11,0.10868715372791968
1984-11-12,0.09245293345063223
1984-11-13,0.0
1984-11-14,0.051212647264199926
1984-11-15,0.09851203968201096
1984-11-16,0.1366621377858285
1984-11-17,0.029763207082744395
1984-11-18,0.07367647591084313
1984-11-19,0.19523484502865673
1984-11-20,0.08347178545635342
1984-11-21,0.16195284300783575
1984-11-22,0.10458132390324502
1984-11-23,0.1000610488034797
1984-11-24,0.017370970512744208
1984-11-25,0.0
1984-11-26,0.1024173984363719
1984-11-27,0.09673461412110347
1984-11-28,0.13295573192437182
1984-11-29,0.052073197160937806
1984-11-30,0.10102209985010449
1984-12-01,0.09413371273416882
1984-12-02,0.09970824952980555
1984-12-03,0.11112856428552297
1984-12-04,0.16054922072943045
1984-12-05,0.15257972072388706
1984-12-06,0.13328325791496984
1984-12-07,0.10465495047244773
1984-12-08,0.08504810861872615
1984-12-09,0.030442516182090554
1984-12-10,0.11431908260513532
1984-12-11,0.13095243042941274
1984-12-12,0.07939337702442087
1984-12-13,0.0735113031843313
1984-12-14,0.08008699067988734
1984-12-15,0.0823312393271228
1984-12-16,0.10453175400284949
1984-12-17,0.27055254767063275
1984-12-18,0.0766682180804269
1984-12-19,0.09475929485565072
1984-12-20,0.11532138492294307
1984-12-21,0.20585125691540146
1984-12-22,0.19231391086355049
1984-12-23,0.16778584457889897
1984-12-24,0.20214258046914976
1984-12-25,0.16215161432330435
1984-12-26,0.1459453123415216
1984-12-27,0.07189835888354726
1984-12-28,0.0568283241148134
1984-12-29,0.08771868064976263
1984-12-30,0.08692638144071756
1984-12-31,0.1262641522595125
1985-01-01,0.03923845406967443
1985-01-02,0.038603314147322446
1985-01-03,0.08792618289384144
1985-01-04,0.14385149923529714
1985-01-05,0.03190962786582084
1985-01-06,0.20116443180596416
1985-01-07,0.21473183681031374
1985-01-08,0.14963056187025273
1985-01-09,0.06739687474025959
1985-01-10,0.09739445505813689
1985-01-11,0.12290951177148127
1985-01-12,0.18159037839229206
1985-01-13,0.1408080917259952
1985-01-14,0.04499845533975119
1985-01-15,0.08595836086332496
1985-01-16,0.11865513678257697
1985-01-17,0.0
1985-01-18,0.030330222037227385
1985-01-19,0.09704658527133349
1985-01-20,0.03999691508029201
1985-01-21,0.028523756318431792
1985-01-22,0.09456322852502379
1985-01-23,0.04317559364143664
1985-01-24,0.04089647412425079
1985-01-25,0.06819267449274419
1985-01-26,0.07696630479328637
1985-01-27,0.09601358838189225
1985-01-28,0.17617302309762523
1985-01-29,0.09970943326563078
1985-01-30,0.10758665574876038
1985-01-31,0.1706669900108963
1985-02-01,0.21590013421220772
1985-02-02,0.28273564322962347
1985-02-03,0.17914805992258603
1985-02-04,0.17663724790680846
1985-02-05,0.16654326823283794
1985-02-06,0.09504039367146634
1985-02-07,0.16137130960753945
1985-02-08,0.1527044912674505
1985-02-09,0.16976411744157519
1985-02-10,0.2573871269198118
1985-02-11,0.20907469613268065
1985-02-12,0.188490440756243
1985-02-13,0.20013056108306415
1985-02-14,0.11038473344499672
1985-02-15,0.1965019446991243
1985-02-16,0.030322114313444143
1985-02-17,0.1335273299432191
1985-02-18,0.09908307450051822
1985-02-19,0.04329983846929334
1985-02-20,0.12578292719569706
1985-02-21,0.0
1985-02-22,0.17398929228474458
1985-02-23,0.21998299349377368
1985-02-24,0.10483319262393895
1985-02-25,0.10465899007409579
1985-02-26,0.12520225416865075
1985-02-27,0.232820503076719
1985-02-28,0.23616909869519526
1985-03-01,0.09008653704909744
1985-03-02,0.19786390386288172
1985-03-03,0.21035917973262813
1985-03-04,0.17812033845818007
1985-03-05,0.22784656798527753
1985-03-06,0.24714496892740573
1985-03-07,0.12411718780165758
1985-03-08,0.2028923889720812
1985-03-09,0.08548468421161068
1985-03-10,0.23207178715784135
1985-03-11,0.14967848819039814
1985-03-12,0.2245929378410565
1985-03-13,0.210844485815346
1985-03-14,0.2238284403539363
1985-03-15,0.13865419249624544
1985-03-16,0.1611973952580789
1985-03-17,0.0881161443102465
1985-03-18,0.14015381344484756
1985-03-19,0.14931691270394576
1985-03-20,0.14707400126497983
1985-03-21,0.15489409813890864
1985-03-22,0.09862115145485259
1985-03-23,0.2006430784602524
1985-03-24,0.2446161937393982
1985-03-25,0.09372951550144763
1985-03-26,0.22192502567687294
1985-03-27,0.23993280095182137
1985-03-28,0.13413034548840214
1985-03-29,0.05602902044075929
1985-03-30,0.1932975040395234
1985-03-31,0.14966964900571356
1985-04-01,0.17929961972256014
1985-04-02,0.18666393652742144
1985-04-03,0.20445229549761368
1985-04-04,0.033698327853133425
1985-04-05,0.13463027285623053
1985-04-06,0.1331453827816726
1985-04-07,0.19687169572683455
1985-04-08,0.19727293489562642
1985-04-09,0.16652462482163502
1985-04-10,0.10902218448328051
1985-04-11,0.16985775323533564
1985-04-12,0.08844897058113962
1985-04-13,0.1160664987743184
1985-04-14,0.15869892827637208
1985-04-15,0.09876486964070909
1985-04-16,0.09606973179969372
1985-04-17,0.20805764859983977
1985-04-18,0.10192226036733246
1985-04-19,0.044206743420492786
1985-04-20,0.0278167389401592
1985-04-21,0.007547972275767922
1985-04-22,0.15307263150136674
1985-04-23,0.09399385941004768
1985-04-24,0.1447701822215175
1985-04-25,0.12429418796575459
1985-04-26,0.0843035033282952
1985-04-27,0.22416890643842252
1985-04-28,0.1395444031403295
1985-04-29,0.2616983782034569
1985-04-30,0.13200483090706522
1985-05-01,0.2074150908504872
1985-05-02,0.06898614307034112
1985-05-03,0.19289697298796335
1985-05-04,0.07762972499658134
1985-05-05,0.19273767460521493
1985-05-06,0.15803728398818237
1985-05-07,0.23585932232321077
1985-05-08,0.10591653203203069
1985-05-09,0.17462556760918013
1985-05-10,0.13521909327013834
1985-05-11,0.11818238904317971
1985-05-12,0.10639648345366283
1985-05-13,0.10172427993692687
1985-05-14,0.1434598434004063
1985-05-15,0.1655280736784196
1985-05-16,0.04066309290965141
1985-05-17,0.0
1985-05-18,0.08297509950945209
1985-05-19,0.13901146719870688
1985-05-20,0.15881151039525856
1985-05-21,0.04925575512986126
1985-05-22,0.021361852526406586
1985-05-23,0.1444215689923563
1985-05-24,0.0401296409283044
1985-05-25,0.14494452727614165
1985-05-26,0.15942237451985294
1985-05-27,0.2158028281723463
1985-05-28,0.16977924974046654
1985-05-29,0.19724959070429368
1985-05-30,0.1884619834969899
1985-05-31,0.06921620051048606
1985-06-01,0.13684664391921522
1985-06-02,0.11240684947917684
1985-06-03,0.11906009233265633
1985-06-04,0.16176963027622304
1985-06-05,0.06072828998451014
1985-06-06,0.15660975639632654
1985-06-07,0.23263452099972037
1985-06-08,0.10543339255577311
1985-06-09,0.11830135596974659
1985-06-10,0.20008702721152494
1985-06-11,0.16565423837012855
1985-06-12,0.061916510235281885
1985-06-13,0.10737133441024291
1985-06-14,0.0
1985-06-15,0.08824180193410087
1985-06-16,0.16289763959651093
1985-06-17,0.05801084494933224
1985-06-18,0.06355608217434716
1985-06-19,0.025809306377188923
1985-06-20,0.036678420448921216
1985-06-21,0.0
1985-06-22,0.07126744003184883
1985-06-23,0.10247970680574159
1985-06-24,0.08874338316458763
1985-06-25,0.024306582738108033
1985-06-26,0.0
1985-06-27,0.059798490519904594
1985-06-28,0.005400524091173822
1985-06-29,0.04374975590394809
1985-06-30,0.07601644778285646
1985-07-01,0.028269045092214347
1985-07-02,0.1179295341281714
1985-07-03,0.0022742587911658146
1985-07-04,0.020384515703900426
1985-07-05,0.12667433815980328
1985-07-06,0.10139853108068342
1985-07-07,0.09268467519897708
1985-07-08,0.0430926117435999
1985-07-09,0.12544123390453105
1985-07-10,0.14689226302888594
1985-07-11,0.1186690111331936
1985-07-12,0.08939198306529401
1985-07-13,0.1399292487111743
1985-07-14,0.09490321173593949
1985-07-15,0.11413973778009118
1985-07-16,0.11718867592590243
1985-07-17,0.09458942063601605
1985-07-18,0.11706535798212628
1985-07-19,0.23807196094235156
1985-07-20,0.034778196494656896
1985-07-21,0.21659992133211156
1985-07-22,0.17121405136065268
1985-07-23,0.11403065585840033
1985-07-24,0.021246854561981887
1985-07-25,0.11529530859737849
1985-07-26,0.09516641564393667
1985-07-27,0.17144569686107217
1985-07-28,0.07077959188318492
1985-07-29,0.08659854026193836
1985-07-30,0.10361304403358872
1985-07-31,0.056270118579152456
1985-08-01,0.2267947160372078
1985-08-02,0.12940983878459436
1985-08-03,0.026247566567288882
1985-08-04,0.09725479975938621
1985-08-05,0.10751076889910392
1985-08-06,0.1461415541249742
1985-08-07,0.11847761581404859
1985-08-08,0.15562082139717232
1985-08-09,0.10345381637157637
1985-08-10,0.03985176664720808
1985-08-11,0.040044547928907985
1985-08-12,0.0
1985-08-13,0.044065749954195564
1985-08-14,0.08152874075308758
1985-08-15,0.0
1985-08-16,0.13034055765835556
1985-08-17,0.06166792815638205
1985-08-18,0.004505849653344961
1985-08-19,0.0
1985-08-20,0.13308779593399794
1985-08-21,0.11689101455803699
1985-08-22,0.060926384516635096
1985-08-23,0.11636045441005313
1985-08-24,0.05803348130645687
1985-08-25,0.07932742851885426
1985-08-26,0.06666128143559699
1985-08-27,0.07615243608011642
1985-08-28,0.0512586732814731
1985-08-29,0.08403103640317308
1985-08-30,0.1454442599841766
1985-08-31,0.20043865013275322
1985-09-01,0.028710254323254206
1985-09-02,0.09712165051291487
1985-09-03,0.07206381968241318
1985-09-04,0.07927119919199979
1985-09-05,0.01793453751726011
1985-09-06,0.07954287988491646
1985-09-07,0.0
1985-09-08,0.21259636383636787
1985-09-09,0.06032969779048099
1985-09-10,0.08196369542035474
1985-09-11,0.0
1985-09-12,0.015531111140840895
1985-09-13,0.0
1985-09-14,0.1513645015532843
1985-09-15,0.025865420959294526
1985-09-16,0.060560979882181905
1985-09-17,0.059457434760602224
1985-09-18,0.08405440045989672
1985-09-19,0.0
1985-09-20,0.10359627324850848
1985-09-21,0.11001846561600905
1985-09-22,0.004548003130936479
1985-09-23,0.0325727025947284
1985-09-24,0.0799015725834814
1985-09-25,0.07392223626046002
1985-09-26,0.023008576436355788
1985-09-27,0.09517058196572209
1985-09-28,0.13652637728536882
1985-09-29,0.13123011086379793
1985-09-30,0.08376047285476038
1985-10-01,0.08968741547732059
1985-10-02,0.03772806772010077
1985-10-03,0.00454696372651707
1985-10-04,0.06961500824913529
1985-10-05,0.20279867875194912
1985-10-06,0.06147964986927833
1985-10-07,0.1190574317021817
1985-10-08,0.0929017334054989
1985-10-09,0.07316820409767566
1985-10-10,0.16246563356113808
1985-10-11,0.1528248272248916
1985-10-12,0.1952239754951634
1985-10-13,0.05290357064690457
1985-10-14,0.11754617626570371
1985-10-15,0.0893547571428161
1985-10-16,0.030848137073064615
1985-10-17,0.054572830754540044
1985-10-18,0.07764270674938514
1985-10-19,0.03926876627076237
1985-10-20,0.011420076096062472
1985-10-21,0.05890704963313291
1985-10-22,0.0
1985-10-23,0.0321940097307321
1985-10-24,0.072839116928721
1985-10-25,0.055125637795895806
1985-10-26,0.08356637540047317
1985-10-27,0.1642863553846881
1985-10-28,0.1434264468716549
1985-10-29,0.06332600822374486
1985-10-30,0.0
1985-10-31,0.10941703419924095
1985-11-01,0.19775812516178054
1985-11-02,0.1235251238367494
1985-11-03,0.0
1985-11-04,0.03841157700432271
1985-11-05,0.014453267547239385
1985-11-06,0.021193675462176653
1985-11-07,0.13395437219362527
1985-11-08,0.12482184373401409
1985-11-09,0.17644056070035263
1985-11-10,0.14507235494082477
1985-11-11,0.10943487019002605
1985-11-12,0.10160922951844562
1985-11-13,0.03841398901560977
1985-11-14,0.18429342322786768
1985-11-15,0.06110744111345099
1985-11-16,0.08016354966277475
1985-11-17,0.0674770368555126
1985-11-18,0.0
1985-11-19,0.12420706749663321
1985-11-20,0.029438839117148792
1985-11-21,0.11980923209642336
1985-11-22,0.10494594927830579
1985-11-23,0.09275870680067129
1985-11-24,0.044081132520426294
1985-11-25,0.15663067798564678
1985-11-26,0.1836941169149962
1985-11-27,0.15338475501867307
1985-11-28,0.12149088546600183
1985-11-29,0.14198236893907437
1985-11-30,0.1735806236907999
1985-12-01,0.10777968001991695
1985-12-02,0.16388000849019324
1985-12-03,0.03322810696319642
1985-12-04,0.1205911546727362
1985-12-05,0.11672630178057625
1985-12-06,0.015291571983155096
1985-12-07,0.03874250003534166
1985-12-08,0.08805025048812005
1985-12-09,0.09667220218033167
1985-12-10,0.037080713565165825
1985-12-11,0.06684460324258609
1985-12-12,0.0
1985-12-13,0.1315079461766005
1985-12-14,0.13134583721987092
1985-12-15,0.18093191618118004
1985-12-16,0.11777986956845078
1985-12-17,0.07594554752648466
1985-12-18,0.0996006434807633
1985-12-19,0.12306917916275249
1985-12-20,0.14361971519068134
1985-12-21,0.08926674493051563
1985-12-22,0.09057361255082189
1985-12-23,0.1530663779754143
1985-12-24,0.09033350206458977
1985-12-25,0.14321399820717007
1985-12-26,0.17841547685245787
1985-12-27,0.13577052519876062
1985-12-28,0.21385025442169947
1985-12-29,0.14270707736586014
1985-12-30,0.14072477980834602
1985-12-31,0.13412666137975415
1986-01-01,0.10855078707925322
1986-01-02,0.04189249213004667
1986-01-03,0.09833783829895584
1986-01-04,0.216300091617189
1986-01-05,0.28178568492516953
1986-01-06,0.15986524706794009
1986-01-07,0.03846543715788099
1986-01-08,0.17390333576297495
1986-01-09,0.05249068211185537
1986-01-10,0.11557770111045282
1986-01-11,0.07748889696354522
1986-01-12,0.09627958145465494
1986-01-13,0.06527020397638157
1986-01-14,0.14383583513453163
1986-01-15,0.06474714532105105
1986-01-16,0.10871884351382359
1986-01-17,0.08933426207298188
1986-01-18,0.08438709091944978
1986-01-19,0.003017784362454465
1986-01-20,0.03685830208312436
1986-01-21,0.16888521119110697
1986-01-22,0.15922694956443087
1986-01-23,0.07189954793652448
1986-01-24,0.08342675073812936
1986-01-25,0.1091536435107836
1986-01-26,0.12320228150197107
1986-01-27,0.19105679091197245
1986-01-28,0.0057626692106602095
1986-01-29,0.20022866477052834
1986-01-30,0.131055718684125
1986-01-31,0.06071358514468431
1986-02-01,0.12664359265790412
1986-02-02,0.197076254948036
1986-02-03,0.20979757587803244
1986-02-04,0.11166877007507242
1986-02-05,0.11411056913772641
1986-02-06,0.09654350966257483
1986-02-07,0.1627718993542409
1986-02-08,0.1343329661206721
1986-02-09,0.1525239871735774
1986-02-10,0.10566691260172904
1986-02-11,0.16469141181306057
1986-02-12,0.023064481436446196
1986-02-13,0.1800187027930057
1986-02-14,0.15293751612550882
1986-02-15,0.05810931552490109
1986-02-16,0.04431002357003112
1986-02-17,0.1844087489610703
1986-02-18,0.03116851420173121
1986-02-19,0.11275573302560078
1986-02-20,0.08062264345483025
1986-02-21,0.14413769908256902
1986-02-22,0.11629560155924225
1986-02-23,0.07095944991530678
1986-02-24,0.11128918491795387
1986-02-25,0.1482691298943864
1986-02-26,0.0814884061714932
1986-02-27,0.1743685730905998
1986-02-28,0.1801559431994386
1986-03-01,0.11575343744164251
1986-03-02,0.1530940454192835
1986-03-03,0.09232395053923012
1986-03-04,0.1149913139073579
1986-03-05,0.15523086033546124
1986-03-06,0.198642341344085
1986-03-07,0.18864289425522499
1986-03-08,0.1488862716527272
1986-03-09,0.1414297409156658
1986-03-10,0.028959332937193882
1986-03-11,0.16900667393514665
1986-03-12,0.15429920913868045
1986-03-13,0.07182909294543745
1986-03-14,0.06682900188356433
1986-03-15,0.07306006398298828
1986-03-16,0.06843474721467144
1986-03-17,0.12900224595972037
1986-03-18,0.09837090669362894
1986-03-19,0.19965044132704893
1986-03-20,0.1665226729881572
1986-03-21,0.06663313235001438
1986-03-22,0.14119758492045725
1986-03-23,0.24298360829721574
1986-03-24,0.16889004845480626
1986-03-25,0.14054700589963356
1986-03-26,0.12944943152618843
1986-03-27,0.1388611422357323
1986-03-28,0.2020237121126015
1986-03-29,0.06582850678148962
1986-03-30,0.12061439623511157
1986-03-31,0.14442133407965874
1986-04-01,0.07121174491374732
1986-04-02,0.1232541171821112
1986-04-03,0.15600380876315179
1986-04-04,0.10348081656567272
1986-04-05,0.14373065739320062
1986-04-06,0.06800450379779509
1986-04-07,0.1575025936875284
1986-04-08,0.09956786023399487
1986-04-09,0.07420756452414196
1986-04-10,0.09069296723636187
1986-04-11,0.09825167469873061
1986-04-12,0.1242447685964379
1986-04-13,0.06396685843553147
1986-04-14,0.06056577274203123
1986-04-15,0.08960867717947667
1986-04-16,0.1022886734287213
1986-04-17,0.17637515581690236
1986-04-18,0.06829161148269398
1986-04-19,0.030987618393852515
1986-04-20,0.17093821813341573
1986-04-21,0.09052081868669623
1986-04-22,0.2139748092463853
1986-04-23,0.19803464823804212
1986-04-24,0.1353809461898306
1986-04-25,0.1699435932999215
1986-04-26,0.0037431298830667564
1986-04-27,0.042189409357091257
1986-04-28,0.09341096008978064
1986-04-29,0.06086379723551938
1986-04-30,0.036550611760764795
1986-05-01,0.14494735790839408
1986-05-02,0.091799278264911
1986-05-03,0.13850383557345053
1986-05-04,0.08557012999673545
1986-05-05,0.16544066815956154
1986-05-06,0.21505166465263348
1986-05-07,0.07055826343081487
1986-05-08,0.09650134062496903
1986-05-09,0.0563290886552236
1986-05-10,0.21824035046495205
1986-05-11,0.3063336234618501
1986-05-12,0.18144970891886472
1986-05-13,0.15291348531806703
1986-05-14,0.15428031503147055
1986-05-15,0.11294703972907945
1986-05-16,0.09937369787185854
1986-05-17,0.07137851313671818
1986-05-18,0.15792706837033307
1986-05-19,0.05664500008288366
1986-05-20,0.10233510811120886
1986-05-21,0.11793771835413167
1986-05-22,0.10073213138993851
1986-05-23,0.16044955299394914
1986-05-24,0.10126105934505608
1986-05-25,0.19638975794175606
1986-05-26,0.08334913299142685
1986-05-27,0.09452679402684203
1986-05-28,0.06453634874340818
1986-05-29,0.15419952423837766
1986-05-30,0.09171760864774632
1986-05-31,0.05191696732590584
1986-06-01,0.07063987771867572
1986-06-02,0.06835955014576128
1986-06-03,0.07592830865471466
1986-06-04,0.09006359507606274
1986-06-05,0.06137261915059916
1986-06-06,0.08006771455649356
1986-06-07,0.0
1986-06-08,0.10682515334121093
1986-06-09,0.181108738764654
1986-06-10,0.12906717394936473
1986-06-11,0.05795706810177775
1986-06-12,0.07759305780447925
1986-06-13,0.04529335357346499
1986-06-14,0.12762865609551946
1986-06-15,0.15531430510288008
1986-06-16,0.042800973404787473
1986-06-17,0.06892716413237077
1986-06-18,0.004155173451884701
1986-06-19,0.022055262603761658
1986-06-20,0.047088457778581796
1986-06-21,0.033319959612172
1986-06-22,0.10598285343080702
1986-06-23,0.15393784480144346
1986-06-24,0.06271919268269571
1986-06-25,0.010535311049433588
1986-06-26,0.10074048977550308
1986-06-27,0.10037329630036362
1986-06-28,0.07192945993147266
1986-06-29,0.2016273874723802
1986-06-30,0.09836394921117937
1986-07-01,0.1037024993075594
1986-07-02,0.0
1986-07-03,0.05484956493409543
1986-07-04,0.10695485660045186
1986-07-05,0.10271241860699133
1986-07-06,0.056843322063574855
1986-07-07,0.07912950966503146
1986-07-08,0.10313638572579822
1986-07-09,0.0882901176258323
1986-07-10,0.0912671838929392
1986-07-11,0.09492097025172884
1986-07-12,0.1063634899887713
1986-07-13,0.03192672776659525
1986-07-14,0.10722305759655719
1986-07-15,0.04953501102908271
1986-07-16,0.05839964906607342
1986-07-17,0.21000541944183332
1986-07-18,0.03717303845139594
1986-07-19,0.13441795912441018
1986-07-20,0.02233577301485272
1986-07-21,0.12634028551466484
1986-07-22,0.22161429895287477
1986-07-23,0.11845127820459939
1986-07-24,0.12619418200398178
1986-07-25,0.07596195250901377
1986-07-26,0.13546491342505812
1986-07-27,0.0768505427311413
1986-07-28,0.2151372154826383
1986-07-29,0.04753719159543344
1986-07-30,0.15458362801826014
1986-07-31,0.10082842536147207
1986-08-01,0.02466813422285072
1986-08-02,0.05737676570904764
1986-08-03,0.0
1986-08-04,0.0
1986-08-05,0.00913200706431435
1986-08-06,0.03834943253036967
1986-08-07,0.05312129230552883
1986-08-08,0.007424984512166707
1986-08-09,0.0709751280160171
1986-08-10,0.09956465602659959
1986-08-11,0.07115905800542674
1986-08-12,0.03368596616431159
1986-08-13,0.05830397726339735
1986-08-14,0.16088580784313736
1986-08-15,0.013419873428324819
1986-08-16,0.1359051721052572
1986-08-17,0.14549546563101706
1986-08-18,0.05058111708891658
1986-08-19,0.07336044654162308
1986-08-20,0.0370708736089321
1986-08-21,0.10103358558195503
1986-08-22,0.1963429646540395
1986-08-23,0.132646114845042
1986-08-24,0.02700985053264795
1986-08-25,0.0
1986-08-26,0.023704629984568154
1986-08-27,0.06890009269310096
1986-08-28,0.08844154004259816
1986-08-29,0.056255063261147514
1986-08-30,0.15853256795843845
1986-08-31,0.07842543462929016
1986-09-01,0.03334347747103357
1986-09-02,0.07579136830083766
1986-09-03,0.09414709431275559
1986-09-04,0.048494832729084954
1986-09-05,0.05130870976640963
1986-09-06,0.00895064012811675
1986-09-07,0.08944966635327775
1986-09-08,0.15576892094401623
1986-09-09,0.10487768204584216
1986-09-10,0.13392878310288708
1986-09-11,0.05972769621785145
1986-09-12,0.11112907767064019
1986-09-13,0.0002977794304591108
1986-09-14,0.1245517155250188
1986-09-15,0.15006280416336343
1986-09-16,0.028417650664991974
1986-09-17,0.16074345097318832
1986-09-18,0.08396739796273808
1986-09-19,0.04410244324219912
1986-09-20,0.07848616506371715
1986-09-21,0.11021092022013004
1986-09-22,0.0818431998601476
1986-09-23,0.037112479786029745
1986-09-24,0.09730236097252343
1986-09-25,0.09877222269369601
1986-09-26,0.040911336547603
1986-09-27,0.040208725098986056
1986-09-28,0.02449323854558056
1986-09-29,0.0831904198798252
1986-09-30,0.0
1986-10-01,0.0276124829386589
1986-10-02,0.08797880322751774
1986-10-03,0.03494834927369209
1986-10-04,0.07309377321758861
1986-10-05,0.056055353754595943
1986-10-06,0.172489232897869
1986-10-07,0.018911171841877426
1986-10-08,0.06783837494754484
1986-10-09,0.021779365445952728
1986-10-10,0.174002848932838
1986-10-11,0.1563324219516316
1986-10-12,0.0
1986-10-13,0.043263476175335006
1986-10-14,0.05357949983387512
1986-10-15,0.02776757103523148
1986-10-16,0.03022742761614522
1986-10-17,0.08538556475682207
1986-10-18,0.13455402285202003
1986-10-19,0.10904401113339615
1986-10-20,0.13128145158478
1986-10-21,0.08354222257521308
1986-10-22,0.14035066803915563
1986-10-23,0.1259869683902181
1986-10-24,0.055799059711522256
1986-10-25,0.05357630583556282
1986-10-26,0.0
1986-10-27,0.0
1986-10-28,0.04055817468086662
1986-10-29,0.022292785158120276
1986-10-30,0.09723000639650714
1986-10-31,0.04397008377659807
1986-11-01,0.08800890366096065
1986-11-02,0.011099889363392304
1986-11-03,0.14173605799020578
1986-11-04,0.09501047502700218
1986-11-05,0.10523252453603216
1986-11-06,0.11621323113411242
1986-11-07,0.07296189736177583
1986-11-08,0.015011007046187637
1986-11-09,0.08564709690776798
1986-11-10,0.05733431578156094
1986-11-11,0.0917994767900629
1986-11-12,0.05481060445613692
1986-11-13,0.1562728382995242
1986-11-14,0.13684185499746285
1986-11-15,0.1443463244595288
1986-11-16,0.041363247692998886
1986-11-17,0.08742335897661177
1986-11-18,0.07193889465692295
1986-11-19,0.06710462186359838
1986-11-20,0.0
1986-11-21,0.14737301296212393
1986-11-22,0.06993721147880479
1986-11-23,0.10064772147835838
1986-11-24,0.0
1986-11-25,0.13600741916959985
1986-11-26,0.16072398457898668
1986-11-27,0.12283669308152748
1986-11-28,0.0789667545314274
1986-11-29,0.1951063829536333
1986-11-30,0.10708985267929833
1986-12-01,0.0
1986-12-02,0.10441229965954388
1986-12-03,0.11421877148617875
1986-12-04,0.10796534078608883
1986-12-05,0.11036660017744604
1986-12-06,0.1485998779099524
1986-12-07,0.062158506977442164
1986-12-08,0.06413879563300279
1986-12-09,0.028891305440301697
1986-12-10,0.024495430653077313
1986-12-11,0.08358080024036352
1986-12-12,0.06096980456849337
1986-12-13,0.07544072585977235
1986-12-14,0.054903178326158375
1986-12-15,0.027863661334582665
1986-12-16,0.041582429983104914
1986-12-17,0.11547037557363199
1986-12-18,0.05091522310621629
1986-12-19,0.05880534190258752
1986-12-20,0.1587811239422813
1986-12-21,0.1076950654184225
1986-12-22,0.0634797743490794
1986-12-23,0.05301996186079781
1986-12-24,0.013345714831716059
1986-12-25,0.07503713725184623
1986-12-26,0.06136590590916998
1986-12-27,0.08307438588141934
1986-12-28,0.07379191335158372
1986-12-29,0.036936394701231515
1986-12-30,0.13782446235008344
1986-12-31,0.14315674477080506
1987-01-01,0.24950983262846368
1987-01-02,0.184991511957557
1987-01-03,0.02051986526549457
1987-01-04,0.07885703726847228
1987-01-05,0.1608733674992128
1987-01-06,0.16606674581020095
1987-01-07,0.14095035078304483
1987-01-08,0.01842289000628075
1987-01-09,0.09567116006251032
1987-01-10,0.12978206680285573
1987-01-11,0.038545373240751246
1987-01-12,0.15390723782765553
1987-01-13,0.0695693051819678
1987-01-14,0.16003038678108433
1987-01-15,0.12517573360699216
1987-01-16,0.08565862819138315
1987-01-17,0.12169270516119571
1987-01-18,0.0982641259811072
1987-01-19,0.22873226744468123
1987-01-20,0.208183747066437
1987-01-21,0.07497530560518295
1987-01-22,0.1891487598435661
1987-01-23,0.12082321817377287
1987-01-24,0.06562253639837605
1987-01-25,0.022123401078779914
1987-01-26,0.09308943635209302
1987-01-27,0.15508066607971382
1987-01-28,0.1373285007896855
1987-01-29,0.14544440893859437
1987-01-30,0.0
1987-01-31,0.10567087954471768
1987-02-01,0.06151962090219144
1987-02-02,0.030443113398102087
1987-02-03,0.138932035605233
1987-02-04,0.21001003927338177
1987-02-05,0.22882783405211915
1987-02-06,0.12625256945732072
1987-02-07,0.18201080639118225
1987-02-08,0.17280468919573133
1987-02-09,0.1450871664623245
1987-02-10,0.06866206727413805
1987-02-11,0.06479162041570652
1987-02-12,0.1087673805846121
1987-02-13,0.06684077411242523
1987-02-14,0.1628901873537642
1987-02-15,0.05299052567077885
1987-02-16,0.12700888917909525
1987-02-17,0.1658263079952828
1987-02-18,0.13843046902918876
1987-02-19,0.12678227282250432
1987-02-20,0.0684533453976805
1987-02-21,0.06601065633990502
1987-02-22,0.14350392654077712
1987-02-23,0.09982646737211104
1987-02-24,0.07034657187645794
1987-02-25,0.11101060061293856
1987-02-26,0.0034293621002149943
1987-02-27,0.07758381989592483
1987-02-28,0.05994008076106728
1987-03-01,0.06380506501709363
1987-03-02,0.10847105007440844
1987-03-03,0.2321758715812076
1987-03-04,0.14589039401163487
1987-03-05,0.08678027876514943
1987-03-06,0.21636743016810045
1987-03-07,0.09450113384075837
1987-03-08,0.2212149213466564
1987-03-09,0.08989143770353224
1987-03-10,0.16990213305464275
1987-03-11,0.2595844745189491
1987-03-12,0.13160731336979867
1987-03-13,0.35139577008735207
1987-03-14,0.20614668888009427
1987-03-15,0.14891000793519463
1987-03-16,0.09215060163506975
1987-03-17,0.19625493094535962
1987-03-18,0.10240888507151479
1987-03-19,0.22987016211334974
1987-03-20,0.06879924412797017
1987-03-21,0.09311901690317406
1987-03-22,0.1623804404673173
1987-03-23,0.09964376129231786
1987-03-24,0.09589637093523382
1987-03-25,0.07099149123545685
1987-03-26,0.12485895606312843
1987-03-27,0.15283724634894078
1987-03-28,0.1975635415600013
1987-03-29,0.0940782187756127
1987-03-30,0.1263291137767097
1987-03-31,0.1865538400620032
1987-04-01,0.11666088068778545
1987-04-02,0.15083858792027843
1987-04-03,0.22401202240897736
1987-04-04,0.10127085745642124
1987-04-05,0.17388131335121437
1987-04-06,0.16020067383021683
1987-04-07,0.15087216634137654
1987-04-08,0.16784377903986614
1987-04-09,0.15835721931815397
1987-04-10,0.17110813559745425
1987-04-11,0.1300072816221917
1987-04-12,0.08817863788054961
1987-04-13,0.11989093858556263
1987-04-14,0.012806188119315692
1987-04-15,0.12369547807505026
1987-04-16,0.15218443351103084
1987-04-17,0.09988298309128564
1987-04-18,0.08266280861501958
1987-04-19,0.12223344824860352
1987-04-20,0.11067832798233362
1987-04-21,0.1405896195921759
1987-04-22,0.14950335467563397
1987-04-23,0.11736744523189577
1987-04-24,0.13317982645950763
1987-04-25,0.17326883379064642
1987-04-26,0.20129773148046368
1987-04-27,0.11948201253263058
1987-04-28,0.16863264126897237
1987-04-29,0.004658277979780717
1987-04-30,0.11085586679029026
1987-05-01,0.23764003548497398
1987-05-02,0.15452027280298244
1987-05-03,0.11170789388408782
1987-05-04,0.16881302207009352
1987-05-05,0.12563632070748268
1987-05-06,0.1808340002616121
1987-05-07,0.027255480451953834
1987-05-08,0.23578276353622404
1987-05-09,0.19773593031486247
1987-05-10,0.07337987225906514
1987-05-11,0.18679217162207584
1987-05-12,0.2514232203118921
1987-05-13,0.06280613678048999
1987-05-14,0.10700348093552173
1987-05-15,0.09316603030479031
1987-05-16,0.0
1987-05-17,0.08952474869450706
1987-05-18,0.18798774944985774
1987-05-19,0.05209158311265313
1987-05-20,0.17938805463882812
1987-05-21,0.09917666791229071
1987-05-22,0.027514580062632334
1987-05-23,0.0675704638667296
1987-05-24,0.03753325888079005
1987-05-25,0.10870678606313741
1987-05-26,0.08367665015023912
1987-05-27,0.10958348196777547
1987-05-28,0.08314269744742421
1987-05-29,0.18292537906211562
1987-05-30,0.17656847048450053
1987-05-31,0.08624047629388519
1987-06-01,0.1817861233937148
1987-06-02,0.11295090419736642
1987-06-03,0.05115150823749616
1987-06-04,0.11546399619271498
1987-06-05,0.13004806016728848
1987-06-06,0.1487517316775068
1987-06-07,0.1736684847660569
1987-06-08,0.1823608000271523
1987-06-09,0.055887694807013666
1987-06-10,0.10042257602575125
1987-06-11,0.03366916439410558
1987-06-12,0.15468720514112705
1987-06-13,0.07601349012979713
1987-06-14,0.13649499595975179
1987-06-15,0.0
1987-06-16,0.036457226026265985
1987-06-17,0.06567077928321471
1987-06-18,0.1675439366991767
1987-06-19,0.11688552579906791
1987-06-20,0.0
1987-06-21,0.0681022562004956
1987-06-22,0.13435620116825284
1987-06-23,0.14639833972356073
1987-06-24,0.09874336556959139
1987-06-25,0.08373478254274586
1987-06-26,0.024765678723643117
1987-06-27,0.16288007693988185
1987-06-28,0.027539051072095762
1987-06-29,0.0
1987-06-30,0.11179651262103044
1987-07-01,0.074470712563626
1987-07-02,0.1126077297059432
1987-07-03,0.11928458776954762
1987-07-04,0.18597655064141783
1987-07-05,0.15408776356321813
1987-07-06,0.17360827670454473
1987-07-07,0.13376595492953203
1987-07-08,0.18122955255208825
1987-07-09,0.1221825472658
1987-07-10,0.10741601099620834
1987-07-11,0.06422092533087569
1987-07-12,0.16969832618094322
1987-07-13,0.1005768131231017
1987-07-14,0.039070844696474746
1987-07-15,0.10097448778936732
1987-07-16,0.04415758089493513
1987-07-17,0.06422863247484534
1987-07-18,0.25342664883705784
1987-07-19,0.03829837243723675
1987-07-20,0.17695438217415643
1987-07-21,0.08967491992241403
1987-07-22,0.1433303461067083
1987-07-23,0.08556676430877358
1987-07-24,0.1794865887065011
1987-07-25,0.03923009605553668
1987-07-26,0.04788271546011559
1987-07-27,0.1458725442180526
1987-07-28,0.019991153974571116
1987-07-29,0.04764302046793278
1987-07-30,0.10284702398183168
1987-07-31,0.09163906392290096
1987-08-01,0.1250962177133637
1987-08-02,0.12121909744970111
1987-08-03,0.018945628060517097
1987-08-04,0.025075954526511332
1987-08-05,0.16791567878569508
1987-08-06,0.1580754572942143
1987-08-07,0.19405746843736815
1987-08-08,0.10539857017810432
1987-08-09,0.14948667067015725
1987-08-10,0.06265358685850367
1987-08-11,0.056397387882969
1987-08-12,0.07413130260094059
1987-08-13,0.0
1987-08-14,0.07857716531207401
1987-08-15,0.01894807015287454
1987-08-16,0.018006941784145324
1987-08-17,0.09697275463516172
1987-08-18,0.005390565288048113
1987-08-19,0.06805526121560339
1987-08-20,0.08366253556002627
1987-08-21,0.04405382465826857
1987-08-22,0.05610693915371647
1987-08-23,0.060781272450770585
1987-08-24,0.12009481147106892
1987-08-25,0.05176088357793302
1987-08-26,0.0
1987-08-27,0.04859954368517899
1987-08-28,0.10717760376260126
1987-08-29,0.06718634437115396
1987-08-30,0.09541347328659924
1987-08-31,0.07781416628521325
1987-09-01,0.059567242755444116
1987-09-02,0.044374343351273195
1987-09-03,0.10137858789983809
1987-09-04,0.13835991968427377
1987-09-05,0.0762657960819034
1987-09-06,0.11516035698917992
1987-09-07,0.08307107999801579
1987-09-08,0.04755962232344572
1987-09-09,0.12208415123900229
1987-09-10,0.005482087474204422
1987-09-11,0.032647669643010864
1987-09-12,0.053838391721099416
1987-09-13,0.09221611651087191
1987-09-14,0.11067344376353436
1987-09-15,0.12420512998371877
1987-09-16,0.10598379008960236
1987-09-17,0.09681337841286755
1987-09-18,0.10006694665921714
1987-09-19,0.0
1987-09-20,0.16096760737397092
1987-09-21,0.10502112653777204
1987-09-22,0.04270146112729793
1987-09-23,0.07407428466482396
1987-09-24,0.0
1987-09-25,0.05022866553525129
1987-09-26,0.05118252148863578
1987-09-27,0.05113991858996315
1987-09-28,0.12029907339528925
1987-09-29,0.07140086415069583
1987-09-30,0.0
1987-10-01,0.01575867141960964
1987-10-02,0.0
1987-10-03,0.1058966111912148
1987-10-04,0.047237872358182866
1987-10-05,0.14657274826282762
1987-10-06,0.24294411621487086
1987-10-07,0.0244738771643207
1987-10-08,0.08279012208694002
1987-10-09,0.13435739028574273
1987-10-10,0.02612975626810281
1987-10-11,0.035077480521945495
1987-10-12,0.08104090689955136
1987-10-13,0.1774567334077061
1987-10-14,0.08307498318457099
1987-10-15,0.003454482322800885
1987-10-16,0.002712117072411001
1987-10-17,0.01569934708726501
1987-10-18,0.0
1987-10-19,0.02282899490087075
1987-10-20,0.024918508905124415
1987-10-21,0.040575714833489165
1987-10-22,0.0
1987-10-23,0.08174907420912209
1987-10-24,0.010150467266079724
1987-10-25,0.05151424404089272
1987-10-26,0.018793388063893475
1987-10-27,0.11520214380291757
1987-10-28,0.009502047459693394
1987-10-29,0.11138372243832476
1987-10-30,0.0471030282352359
1987-10-31,0.08463596614450718
1987-11-01,0.07034206417907017
1987-11-02,0.03660954239988382
1987-11-03,0.11774227254572031
1987-11-04,0.06055731478936055
1987-11-05,0.09498429908529347
1987-11-06,0.09393916218850862
1987-11-07,0.16570380130327403
1987-11-08,0.10136238831738344
1987-11-09,0.12730400360928829
1987-11-10,0.1025591492902548
1987-11-11,0.09865741925407148
1987-11-12,0.1322807986421424
1987-11-13,0.07159343988133524
1987-11-14,0.06525886966197136
1987-11-15,0.04523940715516757
1987-11-16,0.11170557356764647
1987-11-17,0.044426867525669836
1987-11-18,0.08882697702303904
1987-11-19,0.0865823009210517
1987-11-20,0.06630334284876077
1987-11-21,0.024238444842225343
1987-11-22,0.15330780972397623
1987-11-23,0.06392633661137587
1987-11-24,0.17589487846814306
1987-11-25,0.05660970987690114
1987-11-26,0.15408051609965062
1987-11-27,0.07396718766299674
1987-11-28,0.10337879488451868
1987-11-29,0.0
1987-11-30,0.0
1987-12-01,0.11750706055793803
1987-12-02,0.05067656128249054
1987-12-03,0.16852985572410178
1987-12-04,0.13722797095613773
1987-12-05,0.06693315757846859
1987-12-06,0.031224566009000053
1987-12-07,0.07792085452076868
1987-12-08,0.04509459937835048
1987-12-09,0.11421850256509423
1987-12-10,0.0656275318131237
1987-12-11,0.1151114014851016
1987-12-12,0.08544103986228982
1987-12-13,0.031837385537651204
1987-12-14,0.0980899875431787
1987-12-15,0.07366259954724493
1987-12-16,0.054517290741181106
1987-12-17,0.024202395245868924
1987-12-18,0.13414420601709467
1987-12-19,0.137480439011738
1987-12-20,0.028020525223999233
1987-12-21,0.04178806089471924
1987-12-22,0.11725077177908759
1987-12-23,0.04163952521062803
1987-12-24,0.14256870657891166
1987-12-25,0.07156382698397551
1987-12-26,0.0
1987-12-27,0.06796501561092577
1987-12-28,0.043564563079815516
1987-12-29,0.1166055273429299
1987-12-30,0.07508865789296476
1987-12-31,0.1154316304096572
1988-01-01,0.08891821973512404
1988-01-02,0.08601841568354965
1988-01-03,0.0895159027404247
1988-01-04,0.06566759199718389
1988-01-05,0.030890452774304994
1988-01-06,0.12179369507985385
1988-01-07,0.12671399362040414
1988-01-08,0.11259008021371383
1988-01-09,0.09497823493091967
1988-01-10,0.1091201437835393
1988-01-11,0.10071580572267316
1988-01-12,0.15826427986764233
1988-01-13,0.09718431156214706
1988-01-14,0.01901214012992257
1988-01-15,0.07597760441294965
1988-01-16,0.05964684389840514
1988-01-17,0.06393040242925242
1988-01-18,0.1037629053579535
1988-01-19,0.14153491406233343
1988-01-20,0.17930784032700184
1988-01-21,0.13698379034263303
1988-01-22,0.15528425609449395
1988-01-23,0.1117374665960439
1988-01-24,0.12496479261951511
1988-01-25,0.09482706631877987
1988-01-26,0.08921626092128429
1988-01-27,0.13549536412192859
1988-01-28,0.01133655728225419
1988-01-29,0.04485379271146387
1988-01-30,0.10514413525889216
1988-01-31,0.05085092003449781
1988-02-01,0.0742890298701846
1988-02-02,0.07894734647091278
1988-02-03,0.10333960518320232
1988-02-04,0.10742567630473503
1988-02-05,0.10431289267264753
1988-02-06,0.05574455313131311
1988-02-07,0.15690082426508611
1988-02-08,0.03614883854510073
1988-02-09,0.2107931359096425
1988-02-10,0.12348782920279044
1988-02-11,0.20657484065079001
1988-02-12,0.19727440105188956
1988-02-13,0.14533836783084597
1988-02-14,0.1391469626853248
1988-02-15,0.13445347353832687
1988-02-16,0.14149852962841378
1988-02-17,0.06227469129234683
1988-02-18,0.11512280419138005
1988-02-19,0.0
1988-02-20,0.07244208779522038
1988-02-21,0.04191611530066641
1988-02-22,0.18244329282768973
1988-02-23,0.04769454577234
1988-02-24,0.13411429334813382
1988-02-25,0.16816390471263792
1988-02-26,0.17915148460399333
1988-02-27,0.18781566795150206
1988-02-28,0.18303800796522285
1988-02-29,0.09056145189379693
1988-03-01,0.13453349047152918
1988-03-02,0.10786028832789728
1988-03-03,0.10451893389313116
1988-03-04,0.13636048798422246
1988-03-05,0.19668569549092862
1988-03-06,0.1530822496738083
1988-03-07,0.08143483608764851
1988-03-08,0.13791798245836456
1988-03-09,0.11885379875551494
1988-03-10,0.050896550205327476
1988-03-11,0.04577740165975359
1988-03-12,0.16098440689625504
1988-03-13,0.07279861583158112
1988-03-14,0.08985499525786202
1988-03-15,0.08521074041586298
1988-03-16,0.10433407390691932
1988-03-17,0.14055357172363137
1988-03-18,0.10304832894070914
1988-03-19,0.12099298230406436
1988-03-20,0.2088484998626654
1988-03-21,0.15304693094255742
1988-03-22,0.21917177674034194
1988-03-23,0.1805674058109062
1988-03-24,0.08716448387389374
1988-03-25,0.059257757717476926
1988-03-26,0.08807146868893655
1988-03-27,0.1735110499517699
1988-03-28,0.033462404211797865
1988-03-29,0.030369347027290203
1988-03-30,0.0014876882392536456
1988-03-31,0.03659331337934832
1988-04-01,0.054120506231584875
1988-04-02,0.09326506874683628
1988-04-03,0.03122309138800612
1988-04-04,0.18368582034269754
1988-04-05,0.1303962205335943
1988-04-06,0.05342492870469355
1988-04-07,0.14260761087514048
1988-04-08,0.14083983421628662
1988-04-09,0.22490668356742638
1988-04-10,0.14563791120718694
1988-04-11,0.02858458750794904
1988-04-12,0.15563516317067383
1988-04-13,0.15292777589557083
1988-04-14,0.14255050364012506
1988-04-15,0.21473546962301254
1988-04-16,0.11621740284671588
1988-04-17,0.1034170281301279
1988-04-18,0.12879032162029302
1988-04-19,0.18650725536054746
1988-04-20,0.15484305341173502
1988-04-21,0.09425163354341602
1988-04-22,0.15523128505545916
1988-04-23,0.21177557444344242
1988-04-24,0.08441289556040427
1988-04-25,0.07996220793991304
1988-04-26,0.14139838323141402
1988-04-27,0.1295919457176228
1988-04-28,0.16771064877181324
1988-04-29,0.060734534129943486
1988-04-30,0.09753019053105602
1988-05-01,0.1581376733844178
1988-05-02,0.09488359452359821
1988-05-03,0.10855392997248672
1988-05-04,0.15366799346012833
1988-05-05,0.0980485696483986
1988-05-06,0.10981095121477423
1988-05-07,0.07833029147498353
1988-05-08,0.13847601510052113
1988-05-09,0.16600752735372196
1988-05-10,0.12534524962945898
1988-05-11,0.16515553740769431
1988-05-12,0.11058778471347537
1988-05-13,0.20273067649284726
1988-05-14,0.011007888159173293
1988-05-15,0.1056820804085218
1988-05-16,0.08319338494731321
1988-05-17,0.08007582230218988
1988-05-18,0.041263011860572255
1988-05-19,0.03265537848965232
1988-05-20,0.13039587416114062
1988-05-21,0.08496640278808894
1988-05-22,0.13713679329788864
1988-05-23,0.06270973933090007
1988-05-24,0.037672006301468594
1988-05-25,0.10839534029851275
1988-05-26,0.12042243999391353
1988-05-27,0.052014717810384185
1988-05-28,0.023144845289420353
1988-05-29,0.1453313758307633
1988-05-30,0.14155014332977356
1988-05-31,0.10519981763114772
1988-06-01,0.09236528699280029
1988-06-02,0.09900697046808724
1988-06-03,0.13207451987457597
1988-06-04,0.2154165659567997
1988-06-05,0.13923141325024568
1988-06-06,0.12655949809815104
1988-06-07,0.08320518774446935
1988-06-08,0.181157685632435
1988-06-09,0.1558718301721861
1988-06-10,0.15564913583905454
1988-06-11,0.09681437506441885
1988-06-12,0.1388008242771711
1988-06-13,0.0
1988-06-14,0.09385661522526022
1988-06-15,0.19424657870081746
1988-06-16,0.11430088141028297
1988-06-17,0.101405475860704
1988-06-18,0.1259913675548503
1988-06-19,0.07268767319196265
1988-06-20,0.054533701709288396
1988-06-21,0.10322122248899551
1988-06-22,0.1093113761075606
1988-06-23,0.1310212064615997
1988-06-24,0.04776186984158667
1988-06-25,0.052982255115944274
1988-06-26,0.10743904863312533
1988-06-27,0.11016272908413574
1988-06-28,0.08563315316935709
1988-06-29,0.03536370936461714
1988-06-30,0.13239437294038509
1988-07-01,0.17433153592496958
1988-07-02,0.1420401401158944
1988-07-03,0.19837191695951426
1988-07-04,0.053435628033984085
1988-07-05,0.14873697059194138
1988-07-06,0.1375796509758197
1988-07-07,0.08291513785502984
1988-07-08,0.07592572899385806
1988-07-09,0.054801797035853084
1988-07-10,0.11396674628816199
1988-07-11,0.05113260167053364
1988-07-12,0.19494505357740957
1988-07-13,0.03459217431279958
1988-07-14,0.10087778157376207
1988-07-15,0.0
1988-07-16,0.1625879244999973
1988-07-17,0.1385678449996078
1988-07-18,0.008024132691545852
1988-07-19,0.08146086632754578
1988-07-20,0.08332133784673416
1988-07-21,0.08751574110651977
1988-07-22,0.18992594464847803
1988-07-23,0.09555967363757406
1988-07-24,0.14176001174154493
1988-07-25,0.021280125126897573
1988-07-26,0.09874154397603571
1988-07-27,0.0
1988-07-28,0.12674963271102443
1988-07-29,0.0
1988-07-30,0.0668077312864535
1988-07-31,0.10265712070435158
1988-08-01,0.14429774270615603
1988-08-02,0.1386175896062004
1988-08-03,0.11518752914964356
1988-08-04,0.048678046343931906
1988-08-05,0.11959752768165999
1988-08-06,0.07852725976143257
1988-08-07,0.07531991981506972
1988-08-08,0.045324235653509945
1988-08-09,0.16419002159587254
1988-08-10,0.034207274001599314
1988-08-11,0.006745762028040274
1988-08-12,0.09584011048220178
1988-08-13,0.0
1988-08-14,0.0860442559569658
1988-08-15,0.153374798803443
1988-08-16,0.08430896780092162
1988-08-17,0.09955879847314844
1988-08-18,0.040191477174067916
1988-08-19,0.0
1988-08-20,0.10846856438634939
1988-08-21,0.06465086820216912
1988-08-22,0.11110537061535405
1988-08-23,0.0
1988-08-24,0.11395406218402535
1988-08-25,0.19781098376496958
1988-08-26,0.15940538681081046
1988-08-27,0.08793746803920587
1988-08-28,0.022235133628104933
1988-08-29,0.07171691483350391
1988-08-30,0.07424339538647207
1988-08-31,0.03903340078258682
1988-09-01,0.03004438285696392
1988-09-02,0.15572699061330858
1988-09-03,0.0
1988-09-04,0.020064779586796196
1988-09-05,0.08790255771383793
1988-09-06,0.16885111884825382
1988-09-07,0.05185424226621565
1988-09-08,0.0
1988-09-09,0.0
1988-09-10,0.18816859531636124
1988-09-11,0.0
1988-09-12,0.06505067455812093
1988-09-13,0.0
1988-09-14,0.020566709586508483
1988-09-15,0.022879125525234655
1988-09-16,0.0
1988-09-17,0.10222729054860907
1988-09-18,0.07406457300218423
1988-09-19,0.07647434860477509
1988-09-20,0.05645796608007646
1988-09-21,0.17111093800223598
1988-09-22,0.09132165408202252
1988-09-23,0.17958047160623386
1988-09-24,0.046722842752469365
1988-09-25,0.09469082685883899
1988-09-26,0.0005483180032521129
1988-09-27,0.043445749824672905
1988-09-28,0.1122040930084156
1988-09-29,0.13890559129780694
1988-09-30,0.16777935238664937
1988-10-01,0.15788050985862384
1988-10-02,0.17282129288516662
1988-10-03,0.14614629726466982
1988-10-04,0.10492688617057419
1988-10-05,0.015132366140633874
1988-10-06,0.08087288026012707
1988-10-07,0.022582164098471615
1988-10-08,0.1160369802683975
1988-10-09,0.13888366558347298
1988-10-10,0.01919007884007254
1988-10-11,0.10885232854036536
1988-10-12,0.0
1988-10-13,0.1556473303238573
1988-10-14,0.0579656080655218
1988-10-15,0.10091802814757678
1988-10-16,0.1306109851142681
1988-10-17,0.11638052494787748
1988-10-18,0.07801623794133065
1988-10-19,0.11018079164937723
1988-10-20,0.028489412484172284
1988-10-21,0.0
1988-10-22,0.112575596999682
1988-10-23,0.0
1988-10-24,0.11003454343854356
1988-10-25,0.060337728640572665
1988-10-26,0.038835128038013575
1988-10-27,0.0
1988-10-28,0.04792666738918868
1988-10-29,0.09269419086982168
1988-10-30,0.08722110390397794
1988-10-31,0.0213004950963724
1988-11-01,0.0953466813885949
1988-11-02,0.09223786448784634
1988-11-03,0.07223063603169433
1988-11-04,0.034357530286357116
1988-11-05,0.12731020577728874
1988-11-06,0.09934719930770444
1988-11-07,0.0
1988-11-08,0.07650570219963823
1988-11-09,0.17486428945766597
1988-11-10,0.1091809730845794
1988-11-11,0.1578694431733299
1988-11-12,0.05136258490668128
1988-11-13,0.07329767088953554
1988-11-14,0.04326478764082066
1988-11-15,0.04159601294989899
1988-11-16,0.04572962821287091
1988-11-17,0.009970534527711662
1988-11-18,0.0968805347566132
1988-11-19,0.04596737871071548
1988-11-20,0.13210795043370768
1988-11-21,0.08985862688105088
1988-11-22,0.0
1988-11-23,0.15648717863452072
1988-11-24,0.1015581862884705
1988-11-25,0.04375814103719558
1988-11-26,0.06420383445103948
1988-11-27,0.0043834036757739656
1988-11-28,0.0776017827797316
1988-11-29,0.11456276114200498
1988-11-30,0.1795198369309996
1988-12-01,0.08609659954914572
1988-12-02,0.11538338734333693
1988-12-03,0.1698212827752044
1988-12-04,0.0446730260924741
1988-12-05,0.08223851264049307
1988-12-06,0.06636651566518785
1988-12-07,0.08581330573491469
1988-12-08,0.11001760779077216
1988-12-09,0.0013938623405990586
1988-12-10,0.13834875603629024
1988-12-11,0.0822372879233086
1988-12-12,0.0667935485620424
1988-12-13,0.16067260953296858
1988-12-14,0.0529615637567809
1988-12-15,0.02292807287804803
1988-12-16,0.025821499772977548
1988-12-17,0.12323999044237959
1988-12-18,0.06584223191006473
1988-12-19,0.057756954436052374
1988-12-20,0.035548944770810637
1988-12-21,0.15716189014348
1988-12-22,0.16452349514745204
1988-12-23,0.07451658952292364
1988-12-24,0.06614841235745088
1988-12-25,0.08551398946533242
1988-12-26,0.1660289780621355
1988-12-27,0.06693244645567836
1988-12-28,0.06129506277297955
1988-12-29,0.13139191818289217
1988-12-30,0.10936692282791866
1988-12-31,0.07449909747319304
1989-01-01,0.1332565084238827
1989-01-02,0.21016829795024275
1989-01-03,0.07516844945309778
1989-01-04,0.16363786764868635
1989-01-05,0.049691796124682955
1989-01-06,0.04797132650801106
1989-01-07,0.10020415334604535
1989-01-08,0.07118826790873617
1989-01-09,0.10841981618802285
1989-01-10,0.11289091662536002
1989-01-11,0.05677813528477261
1989-01-12,0.029013498712728708
1989-01-13,0.10169337705760431
1989-01-14,0.11233514034728471
1989-01-15,0.13428951705632414
1989-01-16,0.10672131962362129
1989-01-17,0.06842402115051421
1989-01-18,0.08442900022652919
1989-01-19,0.18327499664287364
1989-01-20,0.13603913196891745
1989-01-21,0.15804961296081288
1989-01-22,0.1310442322968601
1989-01-23,0.13018766816414487
1989-01-24,0.11828326701292373
1989-01-25,0.17966520353608906
1989-01-26,0.013221517976041444
1989-01-27,0.09013259708321956
1989-01-28,0.028730946409291636
1989-01-29,0.08762553029903945
1989-01-30,0.04426673995738783
1989-01-31,0.14338748493393227
1989-02-01,0.05666471405943224
1989-02-02,0.2425324612542916
1989-02-03,0.19371239852624692
1989-02-04,0.2513271681785714
1989-02-05,0.2748292766966921
1989-02-06,0.16429519430077708
1989-02-07,0.2664789672173996
1989-02-08,0.16776890543839362
1989-02-09,0.22469632873284606
1989-02-10,0.3748372760468667
1989-02-11,0.21399736291368446
1989-02-12,0.21371533424723882
1989-02-13,0.10279031228111926
1989-02-14,0.221530650200141
1989-02-15,0.25573162960328805
1989-02-16,0.1907333226765199
1989-02-17,0.20413208822624748
1989-02-18,0.1993192427026212
1989-02-19,0.07333639120947047
1989-02-20,0.18312289831239242
1989-02-21,0.15961762602781882
1989-02-22,0.04674586923919928
1989-02-23,0.22034276468298833
1989-02-24,0.16310308858896755
1989-02-25,0.16220036483586514
1989-02-26,0.13870294628768276
1989-02-27,0.13368682794519413
1989-02-28,0.2776666550764241
1989-03-01,0.09291141738850897
1989-03-02,0.037568986704523064
1989-03-03,0.10456096440140253
1989-03-04,0.036503096475877725
1989-03-05,0.06904500255018209
1989-03-06,0.13124361174652677
1989-03-07,0.03386043191760865
1989-03-08,0.06355533451673305
1989-03-09,0.10938836356499192
1989-03-10,0.042787704459698095
1989-03-11,0.11955713845276575
1989-03-12,0.14656478081061014
1989-03-13,0.10505395028203378
1989-03-14,0.13056786939216336
1989-03-15,0.11993917608464716
1989-03-16,0.09381415674645636
1989-03-17,0.032617726315551335
1989-03-18,0.052059427488113305
1989-03-19,0.04861166328862333
1989-03-20,0.22217709451474563
1989-03-21,0.04379802609207972
1989-03-22,0.13996568832631845
1989-03-23,0.050973421231507665
1989-03-24,0.21206759734789388
1989-03-25,0.12503113116266562
1989-03-26,0.17029541411542432
1989-03-27,0.16562741797712122
1989-03-28,0.1832168512477095
1989-03-29,0.08715106724789734
1989-03-30,0.08201722147512852
1989-03-31,0.1558077480039815
1989-04-01,0.04579443743531586
1989-04-02,0.02616100173053021
1989-04-03,0.1983922210414693
1989-04-04,0.17635839945556941
1989-04-05,0.13455518627425303
1989-04-06,0.09360968007893536
1989-04-07,0.09400853495132366
1989-04-08,0.2077900056795563
1989-04-09,0.2043777058866625
1989-04-10,0.1035955160117821
1989-04-11,0.06956437368478219
1989-04-12,0.07881709883919391
1989-04-13,0.1974173663021767
1989-04-14,0.08236167873547076
1989-04-15,0.0689069300467488
1989-04-16,0.10927064753002622
1989-04-17,0.14269693767584202
1989-04-18,0.1659702085930868
1989-04-19,0.10488550748536596
1989-04-20,0.10056250501838108
1989-04-21,0.16059646337100003
1989-04-22,0.14723345557710193
1989-04-23,0.07389570015266154
1989-04-24,0.13158414538722862
1989-04-25,0.14322739587888114
1989-04-26,0.14946693193746266
1989-04-27,0.163417593019605
1989-04-28,0.1530402163415952
1989-04-29,0.11370500465631403
1989-04-30,0.0
1989-05-01,0.10787702388772119
1989-05-02,0.14221444473444966
1989-05-03,0.12702037447788678
1989-05-04,0.08489325084602845
1989-05-05,0.16876552375553533
1989-05-06,0.18756308042823286
1989-05-07,0.16315581210450636
1989-05-08,0.18827836445608487
1989-05-09,0.1831237928827082
1989-05-10,0.19324419920140995
1989-05-11,0.09881891014232651
1989-05-12,0.15164629743745214
1989-05-13,0.06670175146196408
1989-05-14,0.08913993671248693
1989-05-15,0.08990056295772242
1989-05-16,0.10617572770097124
1989-05-17,0.22089734468853173
1989-05-18,0.13160728057892912
1989-05-19,0.13548363477992093
1989-05-20,0.17532379504194107
1989-05-21,0.0
1989-05-22,0.0893931764964197
1989-05-23,0.06694783633300763
1989-05-24,0.07454791352255764
1989-05-25,0.021397569373937123
1989-05-26,0.09329854952953806
1989-05-27,0.17260582916268236
1989-05-28,0.14090700299516964
1989-05-29,0.1616823486508516
1989-05-30,0.12774186101885449
1989-05-31,0.1518320245244768
1989-06-01,0.0928112499604577
1989-06-02,0.11133875989129381
1989-06-03,0.09946191891274783
1989-06-04,0.1660198633790948
1989-06-05,0.09973093216873946
1989-06-06,0.08358808804731013
1989-06-07,0.15691967830126963
1989-06-08,0.018339096635713495
1989-06-09,0.17318745171453942
1989-06-10,0.04449804942295534
1989-06-11,0.025561658035856895
1989-06-12,0.10313359471356168
1989-06-13,0.18827645547561184
1989-06-14,0.0634026469725039
1989-06-15,0.0811692365659843
1989-06-16,0.07001038091381531
1989-06-17,0.15194120033851616
1989-06-18,0.08951543424474243
1989-06-19,0.12259566209224466
1989-06-20,0.08543297854838203
1989-06-21,0.07550211260391769
1989-06-22,0.0766146103852691
1989-06-23,0.21722782020747544
1989-06-24,0.2335998891675961
1989-06-25,0.0603443120601911
1989-06-26,0.03984574825686873
1989-06-27,0.12756391348933124
1989-06-28,0.0
1989-06-29,0.10805430507952248
1989-06-30,0.1926564909784495
1989-07-01,0.04956495808923597
1989-07-02,0.15324814966287684
1989-07-03,0.19115747586870455
1989-07-04,0.043892751087514406
1989-07-05,0.11332040784922728
1989-07-06,0.11270215797504846
1989-07-07,0.1261712648687557
1989-07-08,0.11100331343605895
1989-07-09,0.1393868919580816
1989-07-10,0.10596116842620228
1989-07-11,0.12598919875260337
1989-07-12,0.20541741712800526
1989-07-13,0.19398845460265962
1989-07-14,0.10684673970090519
1989-07-15,0.04711310972578131
1989-07-16,0.15527048246435146
1989-07-17,0.12283194948520118
1989-07-18,0.1084005872621012
1989-07-19,0.11377068365256998
1989-07-20,0.038529157943352224
1989-07-21,0.11765814436708688
1989-07-22,0.07029793610164808
1989-07-23,0.11970247565682987
1989-07-24,0.06318185300305257
1989-07-25,0.09060984597173194
1989-07-26,0.08032666969294934
1989-07-27,0.05859605298846744
1989-07-28,0.1126433610487741
1989-07-29,0.1607566409800775
1989-07-30,0.045316363738005884
1989-07-31,0.06186162625943077
1989-08-01,0.04021567365159655
1989-08-02,0.06455847702215738
1989-08-03,0.07893802118101825
1989-08-04,0.0
1989-08-05,0.02333968862660315
1989-08-06,0.005307006341509234
1989-08-07,0.034784019148142775
1989-08-08,0.0
1989-08-09,0.10720467612035853
1989-08-10,0.07704014592406695
1989-08-11,0.07979512901294543
1989-08-12,0.11848570097113298
1989-08-13,0.14717721180089105
1989-08-14,0.12372310976948056
1989-08-15,0.08558531311900863
1989-08-16,0.08426210708634517
1989-08-17,0.1032506603788565
1989-08-18,0.08763156928915389
1989-08-19,0.13368190535197183
1989-08-20,0.05067039078168224
1989-08-21,0.08259761354024428
1989-08-22,0.03482633370884014
1989-08-23,0.06736246558645226
1989-08-24,0.06384521728806807
1989-08-25,0.02269209203862317
1989-08-26,0.024274707503517977
1989-08-27,0.08843573684520137
1989-08-28,0.08427809016997395
1989-08-29,0.14067865193610474
1989-08-30,0.06396579250790728
1989-08-31,0.017854912147663465
1989-09-01,0.058348098629931386
1989-09-02,0.10370849631582646
1989-09-03,0.0
1989-09-04,0.08271809477128596
1989-09-05,0.11121488280423011
1989-09-06,0.07799979773734303
1989-09-07,0.0535094911317781
1989-09-08,0.03159431907111808
1989-09-09,0.0763479782034986
1989-09-10,0.003599208632313465
1989-09-11,0.08065507851667919
1989-09-12,0.05496767918290278
1989-09-13,0.12456416146353523
1989-09-14,0.0
1989-09-15,0.04968140838026175
1989-09-16,0.08880864330730061
1989-09-17,0.12525797047338907
1989-09-18,0.09598404256354581
1989-09-19,0.004622291440539585
1989-09-20,0.03448113555825318
1989-09-21,0.0
1989-09-22,0.046407104437829826
1989-09-23,0.09530779285340688
1989-09-24,0.059684969212004675
1989-09-25,0.08343157791244654
1989-09-26,0.07163449488467147
1989-09-27,0.021161785145958355
1989-09-28,0.0
1989-09-29,0.11486138983529395
1989-09-30,0.0669860673528965
1989-10-01,0.0
1989-10-02,0.06701101541902957
1989-10-03,0.047179808453034544
1989-10-04,0.11821178614159993
1989-10-05,0.07511076758563075
1989-10-06,0.08160445266068725
1989-10-07,0.07896811502622518
1989-10-08,0.012778118124103566
1989-10-09,0.09826114893609958
1989-10-10,0.12051790465803885
1989-10-11,0.062494910448904636
1989-10-12,0.0870874332890417
1989-10-13,0.062394153431932095
1989-10-14,0.1659641444969894
1989-10-15,0.2141128300588938
1989-10-16,0.17867135623698685
1989-10-17,0.14501313753295378
1989-10-18,0.09280462127776075
1989-10-19,0.09046435220493537
1989-10-20,0.040167024661995246
1989-10-21,0.20257911306189053
1989-10-22,0.0489544837954253
1989-10-23,0.03532178215571387
1989-10-24,0.09147906334559593
1989-10-25,0.07616340696277127
1989-10-26,0.10272813230865388
1989-10-27,0.07179455949448987
1989-10-28,0.0
1989-10-29,0.07072812746949726
1989-10-30,0.06797152588470548
1989-10-31,0.05589194402858738
1989-11-01,0.0683880158448715
1989-11-02,0.05478140150576213
1989-11-03,0.003586153775032616
1989-11-04,0.1514809396849192
1989-11-05,0.15270241626488157
1989-11-06,0.13933363152319478
1989-11-07,0.02427091494300477
1989-11-08,0.09244277072429129
1989-11-09,0.03824569314598684
1989-11-10,0.02185413957431724
1989-11-11,0.0031078358442845275
1989-11-12,0.16780694309510488
1989-11-13,0.02546707939291179
1989-11-14,0.00043468925441274286
1989-11-15,0.08345378772140276
1989-11-16,0.1088255958637547
1989-11-17,0.04874019059677667
1989-11-18,0.07060352997814968
1989-11-19,0.13488623786342788
1989-11-20,0.0288859781047165
1989-11-21,0.11360490920121878
1989-11-22,0.06320374310479097
1989-11-23,0.06349692366250778
1989-11-24,0.18522711445796652
1989-11-25,0.11472729243937589
1989-11-26,0.11068827854410383
1989-11-27,0.12604473571238795
1989-11-28,0.0576837062819805
1989-11-29,0.12032405118197766
1989-11-30,0.0859325346313439
1989-12-01,0.11475455847651705
1989-12-02,0.17790713075243442
1989-12-03,0.07543836600123124
1989-12-04,0.08969845165788966
1989-12-05,0.11554584478724644
1989-12-06,0.16428315017824097
1989-12-07,0.1172496935846146
1989-12-08,0.11703425470213864
1989-12-09,0.0
1989-12-10,0.08543444346697998
1989-12-11,0.11550259312628991
1989-12-12,0.1095810797640268
1989-12-13,0.13372064952115564
1989-12-14,0.03711163080846022
1989-12-15,0.03468209197563367
1989-12-16,0.04479554397032693
1989-12-17,0.09885231759481314
1989-12-18,0.07049999344077555
1989-12-19,0.1321863213409609
1989-12-20,0.09756095503802603
1989-12-21,0.07223005525047958
1989-12-22,0.13848771233733362
1989-12-23,0.09524205010498937
1989-12-24,0.09577716923435323
1989-12-25,0.059742021036948915
1989-12-26,0.10444966560944864
1989-12-27,0.0
1989-12-28,0.022235621528401715
1989-12-29,0.16008736645271196
1989-12-30,0.08270215728048586
1989-12-31,0.08449415229514498
1990-01-01,0.041668429522651325
1990-01-02,0.11613533555395317
1990-01-03,0.16085933119005758
1990-01-04,0.09732979643055346
1990-01-05,0.044061181920411946
1990-01-06,0.1419545226781125
1990-01-07,0.08226500988203851
1990-01-08,0.039133691314571596
1990-01-09,0.14630526327604326
1990-01-10,0.06153695926425594
1990-01-11,0.010361568673258104
1990-01-12,0.06322676436183541
1990-01-13,0.10013273455952947
1990-01-14,0.10133905485008202
1990-01-15,0.012840401301848103
1990-01-16,0.2229876544090974
1990-01-17,0.30522128304366225
1990-01-18,0.10356154965378328
1990-01-19,0.10950069939418705
1990-01-20,0.03441311294699523
1990-01-21,0.046639282037004716
1990-01-22,0.0
1990-01-23,0.025154803280292848
1990-01-24,0.11054483968593234
1990-01-25,0.03668236300346517
1990-01-26,0.04008342022990055
1990-01-27,0.1452297177900888
1990-01-28,0.11433678569515572
1990-01-29,0.13806193626262855
1990-01-30,0.08688828655527275
1990-01-31,0.11233687546835891
1990-02-01,0.153454078123883
1990-02-02,0.0834326504857207
1990-02-03,0.14680398449226625
1990-02-04,0.06345609930708758
1990-02-05,0.03535356108229232
1990-02-06,0.04177331521506222
1990-02-07,0.0014273708978455452
1990-02-08,0.022317650695107813
1990-02-09,0.012625933719923363
1990-02-10,0.08077264183009816
1990-02-11,0.19739602435105774
1990-02-12,0.17703914439532276
1990-02-13,0.13387851195297112
1990-02-14,0.09934002082678714
1990-02-15,0.10197478338497616
1990-02-16,0.1546767096618649
1990-02-17,0.07741301078490717
1990-02-18,0.19488158004440378
1990-02-19,0.14349790666242637
1990-02-20,0.19038345855925015
1990-02-21,0.15215869873379254
1990-02-22,0.08428154740176157
1990-02-23,0.23904982418975662
1990-02-24,0.14391159749692198
1990-02-25,0.1524550769208653
1990-02-26,0.16323724000389314
1990-02-27,0.13198211404899785
1990-02-28,0.09101548846139468
1990-03-01,0.16634061913206463
1990-03-02,0.21002171290560429
1990-03-03,0.16242258797430284
1990-03-04,0.1516751342273048
1990-03-05,0.03847733660100014
1990-03-06,0.06732948067984396
1990-03-07,0.041634427052131516
1990-03-08,0.11778025407666139
1990-03-09,0.11657966384616299
1990-03-10,0.1741061056219937
1990-03-11,0.0726194966458322
1990-03-12,0.021369679303097584
1990-03-13,0.23202767229662752
1990-03-14,0.15429640152050353
1990-03-15,0.21708193813104748
1990-03-16,0.1402451234518554
1990-03-17,0.2158168396326468
1990-03-18,0.17592217578242497
1990-03-19,0.16430219944760666
1990-03-20,0.14239921422443746
1990-03-21,0.10487641189718974
1990-03-22,0.027865229277669996
1990-03-23,0.09261648012465566
1990-03-24,0.0944980637811815
1990-03-25,0.1678396402319863
1990-03-26,0.10182188404681686
1990-03-27,0.1442277362904411
1990-03-28,0.11193660913977618
1990-03-29,0.10827755711764982
1990-03-30,0.19784239299571255
1990-03-31,0.20036587114769958
1990-04-01,0.056968584271891984
1990-04-02,0.16781749010364386
1990-04-03,0.19104943738608424
1990-04-04,0.1284184952585652
1990-04-05,0.23639148505435928
1990-04-06,0.08004742946818547
1990-04-07,0.08061388613383197
1990-04-08,0.1840126007423088
1990-04-09,0.1262022829676928
1990-04-10,0.04798353578036518
1990-04-11,0.0911326604392771
1990-04-12,0.029649458132040514
1990-04-13,0.028209697193800707
1990-04-14,0.08959084639733944
1990-04-15,0.06653612015258095
1990-04-16,0.1140568867217817
1990-04-17,0.09546223236756352
1990-04-18,0.13576092220269248
1990-04-19,0.11916125555738652
1990-04-20,0.17492249798313614
1990-04-21,0.041645706001557
1990-04-22,0.20126566418293895
1990-04-23,0.17478212282677336
1990-04-24,0.08426519262191366
1990-04-25,0.04845996957126316
1990-04-26,0.12228196429684984
1990-04-27,0.1340130170969796
1990-04-28,0.22285619663117995
1990-04-29,0.09932290892974319
1990-04-30,0.0057746110685684
1990-05-01,0.17052923269750764
1990-05-02,0.06331552440057382
1990-05-03,0.21693387812009635
1990-05-04,0.15149212614932034
1990-05-05,0.13162590446909544
1990-05-06,0.24298676946344688
1990-05-07,0.1368556305886532
1990-05-08,0.1689882239206899
1990-05-09,0.11884559619633989
1990-05-10,0.13176652648672288
1990-05-11,0.1736756537653325
1990-05-12,0.13950298063392563
1990-05-13,0.015313584044640213
1990-05-14,0.06145376193514525
1990-05-15,0.059704643803092095
1990-05-16,0.1085410718347164
1990-05-17,0.0
1990-05-18,0.1658625791479929
1990-05-19,0.09122136050823879
1990-05-20,0.30549042411097715
1990-05-21,0.2740729914188464
1990-05-22,0.13212699833997021
1990-05-23,0.1650175299949947
1990-05-24,0.10972899491995189
1990-05-25,0.0870719019367636
1990-05-26,0.06346998697876956
1990-05-27,0.0733232198076694
1990-05-28,0.0695399335730336
1990-05-29,0.080757339510902
1990-05-30,0.05564848722855526
1990-05-31,0.09060380713353303
1990-06-01,0.14623941525417344
1990-06-02,0.052096425305119876
1990-06-03,0.08710446520007456
1990-06-04,0.10089781801144292
1990-06-05,0.07649209172734281
1990-06-06,0.04946848778848076
1990-06-07,0.022927307259587915
1990-06-08,0.07440452288572688
1990-06-09,0.10026889175906781
1990-06-10,0.08965254506768154
1990-06-11,0.04184247212642141
1990-06-12,0.054696039485284224
1990-06-13,0.12668754804213675
1990-06-14,0.07745139088004577
1990-06-15,0.12242809891719286
1990-06-16,0.05681647708756765
1990-06-17,0.03346787977005633
1990-06-18,0.12456013002777211
1990-06-19,0.01645091671455401
1990-06-20,0.024431238508581504
1990-06-21,0.07394363682303175
1990-06-22,0.0682338002244213
1990-06-23,0.10212832590805386
1990-06-24,0.025369151700166515
1990-06-25,0.1917339811547767
1990-06-26,0.038611268962929976
1990-06-27,0.11125412334294812
1990-06-28,0.16106427871138398
1990-06-29,0.15548597679960968
1990-06-30,0.0
1990-07-01,0.2367977127258659
1990-07-02,0.09547429666091625
1990-07-03,0.10212814425958612
1990-07-04,0.06722616092814106
1990-07-05,0.23833612113834687
1990-07-06,0.20566087519072598
1990-07-07,0.2334793960416404
1990-07-08,0.15753062962682662
1990-07-09,0.19946023487727502
1990-07-10,0.06055712957681239
1990-07-11,0.08420125047567192
1990-07-12,0.12711771559209292
1990-07-13,0.07961745044340332
1990-07-14,0.12552310491498261
1990-07-15,0.07842009377507787
1990-07-16,0.18157959430051615
1990-07-17,0.1577074743740342
1990-07-18,0.13959528226558915
1990-07-19,0.09709927272222044
1990-07-20,0.08616806635673677
1990-07-21,0.1518349255967192
1990-07-22,0.14791106439624369
1990-07-23,0.04394947065682138
1990-07-24,0.13422734623847496
1990-07-25,0.16513799667871082
1990-07-26,0.08494886062862106
1990-07-27,0.1497269431899753
1990-07-28,0.12560264335036278
1990-07-29,0.06894673954009033
1990-07-30,0.04106017344355341
1990-07-31,0.12687748829553172
1990-08-01,0.1798359564511672
1990-08-02,0.09026324780264475
1990-08-03,0.11086194705812202
1990-08-04,0.004735621466158413
1990-08-05,0.04772458475719159
1990-08-06,0.042026684328856985
1990-08-07,0.04110312796911298
1990-08-08,0.12434594697057036
1990-08-09,0.09718415925328396
1990-08-10,0.04838305739033391
1990-08-11,0.07521469297542932
1990-08-12,0.16964809741056602
1990-08-13,0.041755423832105426
1990-08-14,0.0
1990-08-15,0.0001383507149344057
1990-08-16,0.07020830138493968
1990-08-17,0.0
1990-08-18,0.05181007208660942
1990-08-19,0.026262818422281398
1990-08-20,0.053595779554639074
1990-08-21,0.09630973477926125
1990-08-22,0.11611305767059132
1990-08-23,0.11091454066469776
1990-08-24,0.13313423431500393
1990-08-25,0.04921679176909352
1990-08-26,0.0289970142406931
1990-08-27,0.12537335535233826
1990-08-28,0.0
1990-08-29,0.11386040355331369
1990-08-30,0.10051711799082075
1990-08-31,0.11442206711002538
1990-09-01,0.09890263730681198
1990-09-02,0.07310546044899312
1990-09-03,0.0659223745694521
1990-09-04,0.0038056446414328204
1990-09-05,0.02722284483242802
1990-09-06,0.16201662594888222
1990-09-07,0.09005200610577214
1990-09-08,0.13036447865958894
1990-09-09,0.11916564913138375
1990-09-10,0.1174028236333135
1990-09-11,0.12142715627573485
1990-09-12,0.14330067270692723
1990-09-13,0.06963319521199203
1990-09-14,0.09214087778342457
1990-09-15,0.08652232774772758
1990-09-16,0.09787222300330511
1990-09-17,0.04513769647733548
1990-09-18,0.14309712898172516
1990-09-19,0.0
1990-09-20,0.039508710800319626
1990-09-21,0.10501595990088833
1990-09-22,0.0886330572123069
1990-09-23,0.06234004081044106
1990-09-24,0.04206250272519195
1990-09-25,0.040452609103924286
1990-09-26,0.016191707128928
1990-09-27,0.06743196891407931
1990-09-28,0.0
1990-09-29,0.11785347676208116
1990-09-30,0.07503905845486605
1990-10-01,0.1289496851599422
1990-10-02,0.06481668842216988
1990-10-03,0.07977126146020826
1990-10-04,0.08191245721921249
1990-10-05,0.02225628294900288
1990-10-06,0.0
1990-10-07,0.01910129881569958
1990-10-08,0.06937025197228322
1990-10-09,0.029772132244922027
1990-10-10,0.12826040258759985
1990-10-11,0.035561605221995814
1990-10-12,0.10799664600603483
1990-10-13,0.10124377921599634
1990-10-14,0.1344963036550857
1990-10-15,0.10256490287907544
1990-10-16,0.04950699804444478
1990-10-17,0.14278646352684687
1990-10-18,0.01543428647518219
1990-10-19,0.026581046831326047
1990-10-20,0.07903011991376793
1990-10-21,0.08015917768511023
1990-10-22,0.1345266863947028
1990-10-23,0.08263624502207964
1990-10-24,0.09436497504126586
1990-10-25,0.1175256672160643
1990-10-26,0.07407518555521696
1990-10-27,0.11136707257276414
1990-10-28,0.03205261461404712
1990-10-29,0.03257078408706018
1990-10-30,0.12819795270670764
1990-10-31,0.09180139146749869
1990-11-01,0.08684820114486994
1990-11-02,0.042030800983305444
1990-11-03,0.054036495194555605
1990-11-04,0.07079458909433156
1990-11-05,0.046503802242475814
1990-11-06,0.006723273144448191
1990-11-07,0.03456442009327343
1990-11-08,0.02899687329101632
1990-11-09,0.04035641593196389
1990-11-10,0.03891289947259703
1990-11-11,0.16933679256233586
1990-11-12,0.15258228844355448
1990-11-13,0.09243539395363448
1990-11-14,0.1681285487122977
1990-11-15,0.05503746986662639
1990-11-16,0.08971814116447473
1990-11-17,0.09565205980993535
1990-11-18,0.10443907409207998
1990-11-19,0.05418198639356245
1990-11-20,0.06687145432162905
1990-11-21,0.04326735293348814
1990-11-22,0.11384704358890177
1990-11-23,0.08140208782995999
1990-11-24,0.0
1990-11-25,0.08644408731043401
1990-11-26,0.0734151414422607
1990-11-27,0.15129313100090103
1990-11-28,0.12080144467354567
1990-11-29,0.12025432140860716
1990-11-30,0.02542734133263383
1990-12-01,0.18271159863847206
1990-12-02,0.09431769184736181
1990-12-03,0.13445592859062452
1990-12-04,0.07926673075673239
1990-12-05,0.22862075075830013
1990-12-06,0.12215713168321995
1990-12-07,0.104305272357465
1990-12-08,0.13619472976302996
1990-12-09,0.2029906786907223
1990-12-10,0.09330373794514649
1990-12-11,0.08510727822032929
1990-12-12,0.1527011459096793
1990-12-13,0.07986469884328944
1990-12-14,0.03452654170009183
1990-12-15,0.0
1990-12-16,0.1334957595949282
1990-12-17,0.11761791187977959
1990-12-18,0.18354587440837683
1990-12-19,0.11054206609263974
1990-12-20,0.1800972824994083
1990-12-21,0.12440179842268047
1990-12-22,0.11850518860017453
1990-12-23,0.09846489226521594
1990-12-24,0.1497347568681191
1990-12-25,0.11643807066678169
1990-12-26,0.04217289407794567
1990-12-27,0.13542259817522742
1990-12-28,0.07408146828084924
1990-12-29,0.05753387747348496
1990-12-30,0.14818868509316935
1990-12-31,0.1606649737061071
1991-01-01,0.05811722610998912
1991-01-02,0.06934546554615184
1991-01-03,0.13547639021241553
1991-01-04,0.09296230544400172
1991-01-05,0.08548681537529654
1991-01-06,0.19743062607896672
1991-01-07,0.16593703570838528
1991-01-08,0.10105146495970219
1991-01-09,0.09329006134751054
1991-01-10,0.09064820713706284
1991-01-11,0.07338107883358809
1991-01-12,0.006956917700512932
1991-01-13,0.06824377721890174
1991-01-14,0.15729697137223936
1991-01-15,0.19936673292529467
1991-01-16,0.1167218964279886
1991-01-17,0.051037953286337735
1991-01-18,0.0
1991-01-19,0.17792223363814513
1991-01-20,0.018316673570494324
1991-01-21,0.0
1991-01-22,0.04916549188263861
1991-01-23,0.11410761057420768
1991-01-24,0.10202195538669588
1991-01-25,0.09159021159117083
1991-01-26,0.15203630324425566
1991-01-27,0.09119524028841473
1991-01-28,0.0737537369399392
1991-01-29,0.10192696150834882
1991-01-30,0.10670976135317117
1991-01-31,0.0865910890486702
1991-02-01,0.05599554411572672
1991-02-02,0.04618446708983079
1991-02-03,0.1162056106580446
1991-02-04,0.09061543432282018
1991-02-05,0.07753917221927356
1991-02-06,0.09888405374531184
1991-02-07,0.18076223100342367
1991-02-08,0.15221750411881013
1991-02-09,0.19144630494557613
1991-02-10,0.06684519403299734
1991-02-11,0.032935824142381206
1991-02-12,0.1521460375883182
1991-02-13,0.1414398644845089
1991-02-14,0.09313679528441873
1991-02-15,0.1504037703947891
1991-02-16,0.05930118150003747
1991-02-17,0.14139604752991528
1991-02-18,0.1742511033867959
1991-02-19,0.12338115707190807
1991-02-20,0.03786984800157965
1991-02-21,0.06334772240635358
1991-02-22,0.20349772137808347
1991-02-23,0.18279294535156415
1991-02-24,0.26460768873645857
1991-02-25,0.14173307531286464
1991-02-26,0.07304370390579665
1991-02-27,0.21056743456032528
1991-02-28,0.10315969679113046
1991-03-01,0.07895630283906821
1991-03-02,0.12251344128431652
1991-03-03,0.18132710604507163
1991-03-04,0.11805841988918839
1991-03-05,0.11246992813600554
1991-03-06,0.013666584763849021
1991-03-07,0.10135550840424189
1991-03-08,0.10972400370490604
1991-03-09,0.07135530816316636
1991-03-10,0.09146243682171921
1991-03-11,0.08415168915081667
1991-03-12,0.04764434873653211
1991-03-13,0.0
1991-03-14,0.12273817106953648
1991-03-15,0.13308076702130667
1991-03-16,0.15236351335603654
1991-03-17,0.22950665722578006
1991-03-18,0.18652340466367492
1991-03-19,0.0
1991-03-20,0.20874375149599603
1991-03-21,0.11057933724835539
1991-03-22,0.05065665225500701
1991-03-23,0.12983266001650376
1991-03-24,0.0
1991-03-25,0.03255666265647915
1991-03-26,0.07526628186592496
1991-03-27,0.10892735963425766
1991-03-28,0.17509781928888754
1991-03-29,0.1584423609110823
1991-03-30,0.19730839714232118
1991-03-31,0.10534129471110934
1991-04-01,0.16861308828130872
1991-04-02,0.08177487927565069
1991-04-03,0.1563657160808168
1991-04-04,0.06686414360385959
1991-04-05,0.11220604928513458
1991-04-06,0.06601009593576546
1991-04-07,0.1934444651322708
1991-04-08,0.10361466444951445
1991-04-09,0.03710427843387441
1991-04-10,0.0389547386734443
1991-04-11,0.06689240881423895
1991-04-12,0.039232349352571756
1991-04-13,0.1869866600214666
1991-04-14,0.12699849665719273
1991-04-15,0.16456645277954063
1991-04-16,0.07249220400987932
1991-04-17,0.11273076453934869
1991-04-18,0.07509054263941872
1991-04-19,0.07528423155642844
1991-04-20,0.03127828931141728
1991-04-21,0.15462871872732634
1991-04-22,0.1691950144490275
1991-04-23,0.1182695829311598
1991-04-24,0.11476208623463907
1991-04-25,0.0825994927710008
1991-04-26,0.19039502597382763
1991-04-27,0.14093145199969911
1991-04-28,0.11507586092057943
1991-04-29,0.1220648343571502
1991-04-30,0.19383273007439683
1991-05-01,0.12563079353915324
1991-05-02,0.09756275347757282
1991-05-03,0.0837058764075031
1991-05-04,0.029404578140320145
1991-05-05,0.17940198036319832
1991-05-06,0.1483028102855282
1991-05-07,0.1230346881297605
1991-05-08,0.15144936595776187
1991-05-09,0.09634981615533876
1991-05-10,0.03842541777069847
1991-05-11,0.07216568418029373
1991-05-12,0.23293113826955214
1991-05-13,0.15676883369303662
1991-05-14,0.2137993108567047
1991-05-15,0.12570342356013292
1991-05-16,0.07073404287547923
1991-05-17,0.051090547794807886
1991-05-18,0.08486639024296391
1991-05-19,0.006282896112676031
1991-05-20,0.02877779414490555
1991-05-21,0.04541049193352849
1991-05-22,0.09833281258367474
1991-05-23,0.06509798262298594
1991-05-24,0.07292392866609439
1991-05-25,0.08270865828815284
1991-05-26,0.10119700664092433
1991-05-27,0.054294987668305504
1991-05-28,0.0
1991-05-29,0.09842139863282451
1991-05-30,0.06326624503861099
1991-05-31,0.013170541069368463
1991-06-01,0.10548034195790267
1991-06-02,0.12868764381550055
1991-06-03,0.11980846285651622
1991-06-04,0.11181590585778473
1991-06-05,0.14088114353198156
1991-06-06,0.017778759903600616
1991-06-07,0.037641496994374024
1991-06-08,0.0
1991-06-09,0.08385491502173505
1991-06-10,0.13615436714885878
1991-06-11,0.039302852609443883
1991-06-12,0.10162408753420876
1991-06-13,0.031675816917823924
1991-06-14,0.09442553001365253
1991-06-15,0.0
1991-06-16,0.1473263262688786
1991-06-17,0.05939713446111983
1991-06-18,0.10177965491274982
1991-06-19,0.15249636518927692
1991-06-20,0.042569883738938545
1991-06-21,0.20936159563996382
1991-06-22,0.22508117843310094
1991-06-23,0.16806475671075471
1991-06-24,0.10737393446745208
1991-06-25,0.11126462462776866
1991-06-26,0.15225969897130578
1991-06-27,0.13408381447535586
1991-06-28,0.0
1991-06-29,0.049589654381289205
1991-06-30,0.04012131489165303
1991-07-01,0.05547019073584508
1991-07-02,0.0441431872825353
1991-07-03,0.001234767296882197
1991-07-04,0.13302123275732164
1991-07-05,0.030854996808432917
1991-07-06,0.0662863697245044
1991-07-07,0.09440527499871654
1991-07-08,0.05330788183408046
1991-07-09,0.13089961206763592
1991-07-10,0.08652625431034389
1991-07-11,0.14219172558291254
1991-07-12,0.19145038837401696
1991-07-13,0.04642014626248731
1991-07-14,0.108624509350558
1991-07-15,0.10701051824359846
1991-07-16,0.02342289433646915
1991-07-17,0.10816530998222659
1991-07-18,0.07071463634511256
1991-07-19,0.14892645569529422
1991-07-20,0.13940714274600607
1991-07-21,0.10101739637121612
1991-07-22,0.07453327529334625
1991-07-23,0.17670429965094692
1991-07-24,0.06181827972279002
1991-07-25,0.08995675881438676
1991-07-26,0.08168794608480616
1991-07-27,0.17039634172402426
1991-07-28,0.18150405293567612
1991-07-29,0.11648688173780253
1991-07-30,0.06374630607530861
1991-07-31,0.0907713357527569
1991-08-01,0.019817563312988618
1991-08-02,0.10758196482081385
1991-08-03,0.03742094537354319
1991-08-04,0.1821005299585534
1991-08-05,0.03270516982184886
1991-08-06,0.10277652477112773
1991-08-07,0.13656082377240547
1991-08-08,0.08962649583641133
1991-08-09,0.02395729170599157
1991-08-10,0.02936749563899101
1991-08-11,0.19864201089429193
1991-08-12,0.17498971553163084
1991-08-13,0.08528701498700068
1991-08-14,0.08410603607640675
1991-08-15,0.03328788024511371
1991-08-16,0.04708829077360108
1991-08-17,0.11124573354882097
1991-08-18,0.18239353646320433
1991-08-19,0.05922686642375673
1991-08-20,0.1318002152574288
1991-08-21,0.12491855802354118
1991-08-22,0.058041201931918064
1991-08-23,0.12474803839666107
1991-08-24,0.11353105273811831
1991-08-25,0.11880924198516102
1991-08-26,0.07422846621078702
1991-08-27,0.13370578683814277
1991-08-28,0.13861977692088207
1991-08-29,0.1116980215567143
1991-08-30,0.16820960683295622
1991-08-31,0.11198612168946089
1991-09-01,0.1688835283587539
1991-09-02,0.19081324835399432
1991-09-03,0.08391454956096564
1991-09-04,0.03453096107542725
1991-09-05,0.19264907550860644
1991-09-06,0.06942194762245125
1991-09-07,0.052089622312404084
1991-09-08,0.10825896456919984
1991-09-09,0.06306797900125513
1991-09-10,0.0
1991-09-11,0.12562279330572731
1991-09-12,0.12044384524829373
1991-09-13,0.020891547186849935
1991-09-14,0.06635500943169768
1991-09-15,0.03295769391256648
1991-09-16,0.024361072389838152
1991-09-17,0.029460060962424157
1991-09-18,0.07369190348915239
1991-09-19,0.14710365965500893
1991-09-20,0.031016960086331955
1991-09-21,0.08137588700010905
1991-09-22,0.07637557345856334
1991-09-23,0.0
1991-09-24,0.0
1991-09-25,0.19135105027517135
1991-09-26,0.06350194763085734
1991-09-27,0.1006264151469939
1991-09-28,0.0907910948547115
1991-09-29,0.0
1991-09-30,0.028624957326562964
1991-10-01,0.10107988553401184
1991-10-02,0.010544307083681044
1991-10-03,0.042848602303101786
1991-10-04,0.0
1991-10-05,0.015128786782685859
1991-10-06,0.02899077565446332
1991-10-07,0.0
1991-10-08,0.13407399994912428
1991-10-09,0.0
1991-10-10,0.06781402031574238
1991-10-11,0.033497861330027905
1991-10-12,0.12074050748280907
1991-10-13,0.0
1991-10-14,0.05185216040242087
1991-10-15,0.04330483556336773
1991-10-16,0.0
1991-10-17,0.10240412485740656
1991-10-18,0.07941339253845536
1991-10-19,0.09248540377386268
1991-10-20,0.10607323246273552
1991-10-21,0.06067313259876761
1991-10-22,0.04353257656152944
1991-10-23,0.06459291834036004
1991-10-24,0.021952636014104895
1991-10-25,0.12201658897640218
1991-10-26,0.06110902941433237
1991-10-27,0.09949319973121859
1991-10-28,0.16723013536622908
1991-10-29,0.3075321616092363
1991-10-30,0.09920321259986034
1991-10-31,0.05800212037094444
1991-11-01,0.09760845668161675
1991-11-02,0.046589126205373754
1991-11-03,0.11050242962246604
1991-11-04,0.0847153951856481
1991-11-05,0.024136326655296914
1991-11-06,0.12353866450982853
1991-11-07,0.1692867237206251
1991-11-08,0.021434286167569427
1991-11-09,0.067933418345763
1991-11-10,0.0
1991-11-11,0.022024994981750156
1991-11-12,0.049870615984977766
1991-11-13,0.030595749300601233
1991-11-14,0.058691998715311125
1991-11-15,0.0057769294805475255
1991-11-16,0.11613034306183304
1991-11-17,0.03342853572368594
1991-11-18,0.002822964013086522
1991-11-19,0.07435242490604231
1991-11-20,0.11616940788928748
1991-11-21,0.09823662340143711
1991-11-22,0.04100892499652595
1991-11-23,0.15066892403186322
1991-11-24,0.05215732001165837
1991-11-25,0.0
1991-11-26,0.12934123209497506
1991-11-27,0.11083618908740103
1991-11-28,0.08713098648883008
1991-11-29,0.15971827043830028
1991-11-30,0.079127714976638
1991-12-01,0.07541107818608662
1991-12-02,0.028968934642797373
1991-12-03,0.0442736273702139
1991-12-04,0.08190227301593936
1991-12-05,0.07452867565122116
1991-12-06,0.0
1991-12-07,0.182047808598434
1991-12-08,0.14435685049319655
1991-12-09,0.1413700321522395
1991-12-10,0.035488678282490034
1991-12-11,0.08888699160173272
1991-12-12,0.12514499400101514
1991-12-13,0.15109689649179217
1991-12-14,0.16294542645827872
1991-12-15,0.042599173457840284
1991-12-16,0.2242475739326289
1991-12-17,0.12412818722290261
1991-12-18,0.07583297493384433
1991-12-19,0.0
1991-12-20,0.1401892998886613
1991-12-21,0.18798950842863127
1991-12-22,0.09974766702667104
1991-12-23,0.023381661842361248
1991-12-24,0.19196070582817756
1991-12-25,0.0798887423525301
1991-12-26,0.16065364659363793
1991-12-27,0.07787279302580868
1991-12-28,0.07715975732946397
1991-12-29,0.1283888321063975
1991-12-30,0.10782556940675381
1991-12-31,0.08735891730981521
1992-01-01,0.15602135286842134
1992-01-02,0.2280042866160008
1992-01-03,0.22191202678806202
1992-01-04,0.09821843467868703
1992-01-05,0.11458446658047047
1992-01-06,0.18631314960113587
1992-01-07,0.10989883001220824
1992-01-08,0.10606430547969248
1992-01-09,0.10666469559899894
1992-01-10,0.1760984591731875
1992-01-11,0.14606300221151508
1992-01-12,0.0809041623261878
1992-01-13,0.1600063953759236
1992-01-14,0.0821935581882747
1992-01-15,0.14343404768542808
1992-01-16,0.137326258022874
1992-01-17,0.1533357238726447
1992-01-18,0.16336176648596867
1992-01-19,0.11276296021380458
1992-01-20,0.09527285910102565
1992-01-21,0.09216463281875747
1992-01-22,0.02903868879391818
1992-01-23,0.12244259575285649
1992-01-24,0.19737621432122998
1992-01-25,0.1415670328961749
1992-01-26,0.05436420718262706
1992-01-27,0.07736281762211013
1992-01-28,0.010907539683177994
1992-01-29,0.09058723391469096
1992-01-30,0.11863077379051146
1992-01-31,0.2235154071254563
1992-02-01,0.2126582717676167
1992-02-02,0.11033582517734297
1992-02-03,0.17788177969495594
1992-02-04,0.218356569378634
1992-02-05,0.20240092497873732
1992-02-06,0.2621554221866605
1992-02-07,0.22942573858718684
1992-02-08,0.15537396520263627
1992-02-09,0.19633582692433665
1992-02-10,0.1139722857645665
1992-02-11,0.0999467664280705
1992-02-12,0.040965063552296906
1992-02-13,0.17145276535941184
1992-02-14,0.10916089296469261
1992-02-15,0.08066272554435802
1992-02-16,0.028387827215056553
1992-02-17,0.1687721277512519
1992-02-18,0.1915224133985483
1992-02-19,0.11321895108277627
1992-02-20,0.16950112786718027
1992-02-21,0.16514249765514438
1992-02-22,0.045199778244249755
1992-02-23,0.12409972507548092
1992-02-24,0.11605567942258303
1992-02-25,0.1633823380383247
1992-02-26,0.2106290383862371
1992-02-27,0.29295674628405854
1992-02-28,0.1729098803031889
1992-02-29,0.12860491892110162
1992-03-01,0.15642226262655165
1992-03-02,0.13050308948504738
1992-03-03,0.2072552081537199
1992-03-04,0.1258940035116469
1992-03-05,0.09587420077152098
1992-03-06,0.2550192876274874
1992-03-07,0.33382295332283923
1992-03-08,0.1827428503603684
1992-03-09,0.13373492389173877
1992-03-10,0.1005959527147309
1992-03-11,0.04877226289151593
1992-03-12,0.033825586265655336
1992-03-13,0.1349003290631608
1992-03-14,0.1281345488341987
1992-03-15,0.032167093598733085
1992-03-16,0.10752370442474365
1992-03-17,0.08369849865330616
1992-03-18,0.12204912723171064
1992-03-19,0.04848414608326686
1992-03-20,0.02576296770623144
1992-03-21,0.13789597930042052
1992-03-22,0.14585352964703518
1992-03-23,0.07600779173077665
1992-03-24,0.11907581549504663
1992-03-25,0.07042840664203875
1992-03-26,0.1675080231879938
1992-03-27,0.1558720183541695
1992-03-28,0.24607661797498884
1992-03-29,0.10421798791449866
1992-03-30,0.11721091056944385
1992-03-31,0.10796772349804573
1992-04-01,0.0802644338860999
1992-04-02,0.15840746446356657
1992-04-03,0.07609971780670963
1992-04-04,0.2059811654523155
1992-04-05,0.19918211975569677
1992-04-06,0.1555401688160232
1992-04-07,0.10345229072085549
1992-04-08,0.08454633422313707
1992-04-09,0.08623255608779337
1992-04-10,0.04399947265233448
1992-04-11,0.12171279323074038
1992-04-12,0.10313121975290995
1992-04-13,0.1867272895318483
1992-04-14,0.25999264439331693
1992-04-15,0.15116396762115003
1992-04-16,0.0959958602737636
1992-04-17,0.11038605989858463
1992-04-18,0.07634519849781185
1992-04-19,0.0974697260976349
1992-04-20,0.22875564667885065
1992-04-21,0.13208057830394512
1992-04-22,0.17500586471077906
1992-04-23,0.14156712943237185
1992-04-24,0.15414291038031552
1992-04-25,0.13843502064195773
1992-04-26,0.12286481962051637
1992-04-27,0.1891775627920822
1992-04-28,0.15300247195370384
1992-04-29,0.1343687839845234
1992-04-30,0.2634039919948778
1992-05-01,0.25901648384592213
1992-05-02,0.1679572024148936
1992-05-03,0.1989819807830187
1992-05-04,0.1071569166038003
1992-05-05,0.05491750445191909
1992-05-06,0.09849197335484208
1992-05-07,0.12938827335082725
1992-05-08,0.18737601066569426
1992-05-09,0.09289005834357288
1992-05-10,0.12272572862683065
1992-05-11,0.13703309266432961
1992-05-12,0.12307790466546083
1992-05-13,0.08498971964142737
1992-05-14,0.0338576325872811
1992-05-15,0.23553695582768067
1992-05-16,0.0998121773626361
1992-05-17,0.09416364904876828
1992-05-18,0.13838037064424255
1992-05-19,0.20798371068231575
1992-05-20,0.20422031700444054
1992-05-21,0.12903879189047798
1992-05-22,0.17897634628489717
1992-05-23,0.18267318495880747
1992-05-24,0.07868414012030334
1992-05-25,0.1177255001690733
1992-05-26,0.16243218211498964
1992-05-27,0.193156336014554
1992-05-28,0.06138777031850664
1992-05-29,0.0
1992-05-30,0.11696354343541546
1992-05-31,0.19425748917312202
1992-06-01,0.11637502342746885
1992-06-02,0.2414211670630947
1992-06-03,0.05844979536612862
1992-06-04,0.05821361832321702
1992-06-05,0.07541163714089782
1992-06-06,0.09490897615618575
1992-06-07,0.07624352271152449
1992-06-08,0.0629957738137711
1992-06-09,0.14460574487965416
1992-06-10,0.09451068585980879
1992-06-11,0.11242876458084254
1992-06-12,0.19021135299732414
1992-06-13,0.10454455089583373
1992-06-14,0.14672351204644551
1992-06-15,0.18779580531529205
1992-06-16,0.15305468792619586
1992-06-17,0.14610585642145968
1992-06-18,0.08365589420030835
1992-06-19,0.031151238264523685
1992-06-20,0.13111220405200105
1992-06-21,0.14918261313354428
1992-06-22,0.22981503199359454
1992-06-23,0.10262715488145226
1992-06-24,0.1485694359956693
1992-06-25,0.049734386562914235
1992-06-26,0.12178293885712196
1992-06-27,0.11280389344312071
1992-06-28,0.11495234649972225
1992-06-29,0.13491017083458126
1992-06-30,0.10524473672979265
1992-07-01,0.1798794793939556
1992-07-02,0.1468786311438834
1992-07-03,0.24030880388377013
1992-07-04,0.08046050804026793
1992-07-05,0.140547794865939
1992-07-06,0.13440193640203957
1992-07-07,0.12320020749320794
1992-07-08,0.17578350583320898
1992-07-09,0.11625989552015728
1992-07-10,0.1358487663821568
1992-07-11,0.11125135072039506
1992-07-12,0.22633311804584505
1992-07-13,0.055408536394138716
1992-07-14,0.12626813077763427
1992-07-15,0.08492439073955642
1992-07-16,0.099754218204891
1992-07-17,0.15311310156478733
1992-07-18,0.10279546602574297
1992-07-19,0.07458790719214858
1992-07-20,0.1328728243225466
1992-07-21,0.05543035677212137
1992-07-22,0.06426020749651677
1992-07-23,0.13079217469849827
1992-07-24,0.08830468370154201
1992-07-25,0.13168803426649825
1992-07-26,0.03622668600410745
1992-07-27,0.09039948569614388
1992-07-28,0.0804385129268647
1992-07-29,0.06503438764447614
1992-07-30,0.021523783761139587
1992-07-31,0.06861629256253747
1992-08-01,0.005578186099892232
1992-08-02,0.05136808452076401
1992-08-03,0.09589828775753756
1992-08-04,0.07208448520304496
1992-08-05,0.13661904652811535
1992-08-06,0.08722324689965588
1992-08-07,0.1322892867000602
1992-08-08,0.1546021880131711
1992-08-09,0.17904910022703444
1992-08-10,0.036549553606638197
1992-08-11,0.06302153269124225
1992-08-12,0.07382009366652942
1992-08-13,0.12488084670318025
1992-08-14,0.09771329450494953
1992-08-15,0.0806739021497055
1992-08-16,0.13036204879709498
1992-08-17,0.07788962911653076
1992-08-18,0.09126313390119689
1992-08-19,0.10621853611287185
1992-08-20,0.18728553664662484
1992-08-21,0.06406390916158489
1992-08-22,0.020869381613281106
1992-08-23,0.03049432370282717
1992-08-24,0.034336214310583334
1992-08-25,0.1251547839426701
1992-08-26,0.03455107807704909
1992-08-27,0.06414450251055528
1992-08-28,0.051309332885038056
1992-08-29,0.006697223726386772
1992-08-30,0.061497855081155614
1992-08-31,0.0
1992-09-01,0.06305421136375171
1992-09-02,0.07406247089314215
1992-09-03,0.0029439907450876657
1992-09-04,0.033354631643180796
1992-09-05,0.0
1992-09-06,0.0
1992-09-07,0.0
1992-09-08,0.11281691378408709
1992-09-09,0.06076829634793851
1992-09-10,0.07309191207720182
1992-09-11,0.15524688573097797
1992-09-12,0.10910962900543995
1992-09-13,0.07688956684136972
1992-09-14,0.021235637873715654
1992-09-15,0.11657051838236325
1992-09-16,0.11702401477074358
1992-09-17,0.09194761761238174
1992-09-18,0.07971103898318876
1992-09-19,0.03403760682404229
1992-09-20,0.1393759872686501
1992-09-21,0.11441605125041848
1992-09-22,0.08215600831241596
1992-09-23,0.06783335678938138
1992-09-24,0.04234798131843567
1992-09-25,0.13550427454300062
1992-09-26,0.0885461561392992
1992-09-27,0.14138677101623232
1992-09-28,0.13815789585496058
1992-09-29,0.1145354544343227
1992-09-30,0.028636041391818273
1992-10-01,0.11047170253702389
1992-10-02,0.12745079210454135
1992-10-03,0.1261561041677542
1992-10-04,0.0023792041782057655
1992-10-05,0.023706657832464943
1992-10-06,0.09645272483164649
1992-10-07,0.10249195400430951
1992-10-08,0.16904551247310795
1992-10-09,0.06153461102714332
1992-10-10,0.15620091796248017
1992-10-11,0.10315981211349237
1992-10-12,0.021222392637945092
1992-10-13,0.0
1992-10-14,0.11833727563180588
1992-10-15,0.019170548810175346
1992-10-16,0.00961083248295179
1992-10-17,0.08880181717318703
1992-10-18,0.06761009353912438
1992-10-19,0.08520414778339433
1992-10-20,0.10347782268752886
1992-10-21,0.24058949270956298
1992-10-22,0.10927759773287671
1992-10-23,0.08830026489356646
1992-10-24,0.002379379429684317
1992-10-25,0.1472615545121781
1992-10-26,0.03671472941536974
1992-10-27,0.007191250874823099
1992-10-28,0.031667080160669256
1992-10-29,0.09475749076992213
1992-10-30,0.059297694220230235
1992-10-31,0.04420881708186551
1992-11-01,0.07302675974353794
1992-11-02,0.10906004285364439
1992-11-03,0.10386001074544712
1992-11-04,0.10604663294252617
1992-11-05,0.03824103495983025
1992-11-06,0.061688778445154586
1992-11-07,0.16260425650858956
1992-11-08,0.06733593917352387
1992-11-09,0.08369419206281108
1992-11-10,0.22103517688619848
1992-11-11,0.0
1992-11-12,0.0735668626197549
1992-11-13,0.13571061415022517
1992-11-14,0.06021573872774975
1992-11-15,0.0946883219155067
1992-11-16,0.013862638528613684
1992-11-17,0.10206379761068804
1992-11-18,0.04669711572226899
1992-11-19,0.03941977246694742
1992-11-20,0.11594216549924335
1992-11-21,0.1249644805715978
1992-11-22,0.1390424468381133
1992-11-23,0.1611566685169612
1992-11-24,0.05769901851943188
1992-11-25,0.17312155165397125
1992-11-26,0.06202364871689531
1992-11-27,0.1364702120716078
1992-11-28,0.11794147124049631
1992-11-29,0.13926444014463668
1992-11-30,0.06644636190691768
1992-12-01,0.2024641604398314
1992-12-02,0.17862381154651097
1992-12-03,0.09126617709108092
1992-12-04,0.12571636453630936
1992-12-05,0.053340215640379954
1992-12-06,0.13000237061059117
1992-12-07,0.13639670138088408
1992-12-08,0.05436737421658368
1992-12-09,0.20325597294204778
1992-12-10,0.11434560584751309
1992-12-11,0.07596630185189503
1992-12-12,0.1452991788218712
1992-12-13,0.044643370978897506
1992-12-14,0.1538463365702124
1992-12-15,0.06946604553944713
1992-12-16,0.09257454113398599
1992-12-17,0.10829239798543404
1992-12-18,0.10106231534967135
1992-12-19,0.08282437426148542
1992-12-20,0.09920892816723391
1992-12-21,0.07525192028575732
1992-12-22,0.11425322623288518
1992-12-23,0.22295635537990588
1992-12-24,0.18703039587843162
1992-12-25,0.12269467778031062
1992-12-26,0.16482826187589816
1992-12-27,0.1005765537663648
1992-12-28,0.10627068615745767
1992-12-29,0.03709526663522866
1992-12-30,0.1637407527819196
1992-12-31,0.0
1993-01-01,0.015742130938461565
1993-01-02,0.09960790645703926
1993-01-03,0.09067430004575025
1993-01-04,0.16148719352049368
1993-01-05,0.05046091576585079
1993-01-06,0.1724406221423896
1993-01-07,0.1924040182906047
1993-01-08,0.17842660479457786
1993-01-09,0.1367667610929396
1993-01-10,0.1650094017606517
1993-01-11,0.1459559036725864
1993-01-12,0.1580111082474866
1993-01-13,0.07349260941820077
1993-01-14,0.1551912259574974
1993-01-15,0.16995890746545217
1993-01-16,0.13490543309633612
1993-01-17,0.10308275132825431
1993-01-18,0.012680336258145394
1993-01-19,0.20328017653981093
1993-01-20,0.05715319046320316
1993-01-21,0.08969994300486583
1993-01-22,0.08689511672628614
1993-01-23,0.13750045866941446
1993-01-24,0.13196595961137514
1993-01-25,0.16750622701996776
1993-01-26,0.15730913733782828
1993-01-27,0.18307845041902043
1993-01-28,0.1330759302203902
1993-01-29,0.08192884458606718
1993-01-30,0.08372416554318317
1993-01-31,0.05794805497435384
1993-02-01,0.15062786640680154
1993-02-02,0.08858718565780438
1993-02-03,0.15006712232663955
1993-02-04,0.06641222759783566
1993-02-05,0.17826818474436504
1993-02-06,0.11210310145674648
1993-02-07,0.2318814444879294
1993-02-08,0.19799451254847775
1993-02-09,0.2086730211138961
1993-02-10,0.1317941313346987
1993-02-11,0.1466958042802241
1993-02-12,0.07659536703507562
1993-02-13,0.08669575966398047
1993-02-14,0.10352081519364642
1993-02-15,0.026672773325356613
1993-02-16,0.08061611743985056
1993-02-17,0.15239435051941896
1993-02-18,0.060314056237002506
1993-02-19,0.05870950235356655
1993-02-20,0.07380806566232521
1993-02-21,0.18272072171193873
1993-02-22,0.12919814872092827
1993-02-23,0.10144302067097782
1993-02-24,0.1371993676502601
1993-02-25,0.16829095033034486
1993-02-26,0.17940107021813745
1993-02-27,0.11363246353442191
1993-02-28,0.1389087855253947
1993-03-01,0.21180889934838482
1993-03-02,0.15555830240079588
1993-03-03,0.04260452496911818
1993-03-04,0.07383531608100571
1993-03-05,0.1010977381293546
1993-03-06,0.0914832398055815
1993-03-07,0.1278014465685986
1993-03-08,0.19346074358190518
1993-03-09,0.09857867305572339
1993-03-10,0.15932005369448055
1993-03-11,0.16259833436880844
1993-03-12,0.1989449307071575
1993-03-13,0.16908005562822365
1993-03-14,0.10930989650405759
1993-03-15,0.0487657639600451
1993-03-16,0.11457458578931012
1993-03-17,0.12301971569144757
1993-03-18,0.08108780045108663
1993-03-19,0.052981960754099236
1993-03-20,0.05202329476802131
1993-03-21,0.25267854030425896
1993-03-22,0.09436939678243669
1993-03-23,0.1898930789344811
1993-03-24,0.07970589279152138
1993-03-25,0.16206074365936043
1993-03-26,0.1512587383219666
1993-03-27,0.18174102966244793
1993-03-28,0.21253979748500854
1993-03-29,0.15219014523353622
1993-03-30,0.07795274531357385
1993-03-31,0.08801650530538138
1993-04-01,0.0852036503444368
1993-04-02,0.1329967291131152
1993-04-03,0.03567810940702125
1993-04-04,0.1405285979764404
1993-04-05,0.19605695168768972
1993-04-06,0.10653911310935489
1993-04-07,0.09852753450577512
1993-04-08,0.2097571602328217
1993-04-09,0.16465315723018592
1993-04-10,0.1250909615029714
1993-04-11,0.05883736391292934
1993-04-12,0.11606549533800874
1993-04-13,0.061132543855669706
1993-04-14,0.043125825710876045
1993-04-15,0.17678281046488067
1993-04-16,0.13201809883009574
1993-04-17,0.026744715348840695
1993-04-18,0.17025828239584398
1993-04-19,0.21457111811600316
1993-04-20,0.14996860464118827
1993-04-21,0.07828718121970543
1993-04-22,0.014197133297350423
1993-04-23,0.09958565976401593
1993-04-24,0.03655392237037987
1993-04-25,0.038683035383700895
1993-04-26,0.0
1993-04-27,0.1959260411478713
1993-04-28,0.050271620559808924
1993-04-29,0.02486945429876944
1993-04-30,0.2350901047795094
1993-05-01,0.13890553749243217
1993-05-02,0.09995173683346562
1993-05-03,0.09609752852460006
1993-05-04,0.10181364817682968
1993-05-05,0.09065766639954395
1993-05-06,0.0
1993-05-07,0.0
1993-05-08,0.020059032606630813
1993-05-09,0.09986200132922735
1993-05-10,0.10995114734441262
1993-05-11,0.1387627452001131
1993-05-12,0.10222938898779306
1993-05-13,0.0708027708392516
1993-05-14,0.13517914413950716
1993-05-15,0.1281878757149082
1993-05-16,0.1230058033925488
1993-05-17,0.059136061580739266
1993-05-18,0.14266876890858995
1993-05-19,0.08599375562428076
1993-05-20,0.1487691801418231
1993-05-21,0.07232955632400617
1993-05-22,0.03266166392896528
1993-05-23,0.04716348264790051
1993-05-24,0.09538895603079754
1993-05-25,0.05412916707202567
1993-05-26,0.07924620932290011
1993-05-27,0.11544524488274846
1993-05-28,0.1682460118003253
1993-05-29,0.18454905102812683
1993-05-30,0.0731364896037203
1993-05-31,0.16152795271121057
1993-06-01,0.13607719466326373
1993-06-02,0.13758845461549424
1993-06-03,0.05309898297711646
1993-06-04,0.028682908301460572
1993-06-05,0.07864355669408936
1993-06-06,0.10649332261046258
1993-06-07,0.1535725717479713
1993-06-08,0.10957624848414659
1993-06-09,0.12559729159367428
1993-06-10,0.15668662809925124
1993-06-11,0.13925519156905483
1993-06-12,0.11078754587378647
1993-06-13,0.1479804056548485
1993-06-14,0.03661547679050389
1993-06-15,0.10715398366042125
1993-06-16,0.13636641788735213
1993-06-17,0.022293271771426704
1993-06-18,0.20206061461088293
1993-06-19,0.06636513475445543
1993-06-20,0.07912860935156087
1993-06-21,0.1540558679029838
1993-06-22,0.16536095145156463
1993-06-23,0.12112437172742843
1993-06-24,0.09547092477175953
1993-06-25,0.17922033228759354
1993-06-26,0.05573014766956472
1993-06-27,0.015480244930966211
1993-06-28,0.030537245531261054
1993-06-29,0.07606590007907729
1993-06-30,0.07033412856168922
1993-07-01,0.11215506384758911
1993-07-02,0.17107897237588565
1993-07-03,0.14999211159759984
1993-07-04,0.18189015956079613
1993-07-05,0.10888069975019818
1993-07-06,0.14634671877228375
1993-07-07,0.07313085686552327
1993-07-08,0.1119028963272169
1993-07-09,0.08142772122360782
1993-07-10,0.1235868847263408
1993-07-11,0.22135079364627214
1993-07-12,0.12964551639881639
1993-07-13,0.074132898982877
1993-07-14,0.053581968211647735
1993-07-15,0.06993673909643032
1993-07-16,0.1425532581782853
1993-07-17,0.11335259967710862
1993-07-18,0.11889191840298005
1993-07-19,0.09685451885582338
1993-07-20,0.11383023156612168
1993-07-21,0.0
1993-07-22,0.10217810524184837
1993-07-23,0.0797901027349432
1993-07-24,0.026056592716063115
1993-07-25,0.10703346676012722
1993-07-26,0.03098968326437629
1993-07-27,0.11814635941530525
1993-07-28,0.08300996895919723
1993-07-29,0.031702304656354936
1993-07-30,0.08586460744506386
1993-07-31,0.10634547471275729
1993-08-01,0.06410811343387646
1993-08-02,0.12740756853540214
1993-08-03,0.07233108448639874
1993-08-04,0.11991296133346295
1993-08-05,0.05408661761561774
1993-08-06,0.11645083313987806
1993-08-07,0.029564271847262333
1993-08-08,0.03428361292036894
1993-08-09,0.023247689290972394
1993-08-10,0.05418822843753685
1993-08-11,0.0365573436065061
1993-08-12,0.06131180357727607
1993-08-13,0.0
1993-08-14,0.016058505431976476
1993-08-15,0.11879406089571368
1993-08-16,0.08257837717512437
1993-08-17,0.08994756132245263
1993-08-18,0.0372175738636069
1993-08-19,0.07671547318270115
1993-08-20,0.05338057655942931
1993-08-21,0.0
1993-08-22,0.16072783699416243
1993-08-23,0.13385121067487638
1993-08-24,0.05926054633295863
1993-08-25,0.07181556079119594
1993-08-26,0.04323980677734439
1993-08-27,0.14375825860130179
1993-08-28,0.14268941683619424
1993-08-29,0.07913133741698126
1993-08-30,0.06119531482135472
1993-08-31,0.11496632106283282
1993-09-01,0.1179924392391126
1993-09-02,0.12437566774963178
1993-09-03,0.06848460517680766
1993-09-04,0.027117267921097525
1993-09-05,0.08067310192734373
1993-09-06,0.10266043234645802
1993-09-07,0.1219601146354021
1993-09-08,0.09155612070917478
1993-09-09,0.04227504893771543
1993-09-10,0.0955375588956324
1993-09-11,0.06932589169643602
1993-09-12,0.046692842231330994
1993-09-13,0.0
1993-09-14,0.2163784412501467
1993-09-15,0.07412537383541018
1993-09-16,0.0822124555015111
1993-09-17,0.11532448585375774
1993-09-18,0.10704707416475542
1993-09-19,0.0
1993-09-20,0.08051766718310008
1993-09-21,0.16028065101949157
1993-09-22,0.07820196569358072
1993-09-23,0.20315318537567845
1993-09-24,0.0922335985330406
1993-09-25,0.057991532141408564
1993-09-26,0.07121110344205557
1993-09-27,0.07667517116623901
1993-09-28,0.07429744600996607
1993-09-29,0.03561778367638743
1993-09-30,0.0
1993-10-01,0.08220979889397917
1993-10-02,0.07020527151229003
1993-10-03,0.149989342716082
1993-10-04,0.05934911356174136
1993-10-05,0.0
1993-10-06,0.09794462836187404
1993-10-07,0.10003692302265074
1993-10-08,0.07465465972268272
1993-10-09,0.13495740339121076
1993-10-10,0.10466773582716188
1993-10-11,0.004270533010001222
1993-10-12,0.028814646209638584
1993-10-13,0.10982779788832633
1993-10-14,0.026922800037067464
1993-10-15,0.05842391152456837
1993-10-16,0.09953505471285055
1993-10-17,0.016591394999601272
1993-10-18,0.06444127962340097
1993-10-19,0.05584323085552773
1993-10-20,0.043830744393074966
1993-10-21,0.0
1993-10-22,0.04582695556484372
1993-10-23,0.025566098653385497
1993-10-24,0.11035209924038164
1993-10-25,0.11234423349187843
1993-10-26,0.05471157573782641
1993-10-27,0.07055112868120658
1993-10-28,0.1202747582125507
1993-10-29,0.10804926900262812
1993-10-30,0.06920040764527963
1993-10-31,0.13084938271134672
1993-11-01,0.11619568122558731
1993-11-02,0.10469599420412568
1993-11-03,0.13362994832376623
1993-11-04,0.02338785787698766
1993-11-05,0.10825651524436822
1993-11-06,0.0
1993-11-07,0.09949084377498606
1993-11-08,0.05107813079461252
1993-11-09,0.12605956256253956
1993-11-10,0.023462953650111848
1993-11-11,0.10670792937444082
1993-11-12,0.03152254861111986
1993-11-13,0.11235079855531818
1993-11-14,0.08618625849346397
1993-11-15,0.08079692183759202
1993-11-16,0.058137075303556884
1993-11-17,0.0007209466739306267
1993-11-18,0.14883450271076998
1993-11-19,0.09140719277643347
1993-11-20,0.06938012435954716
1993-11-21,0.13349316448139062
1993-11-22,0.0082232979984301
1993-11-23,0.05572835492338562
1993-11-24,0.05765616463639418
1993-11-25,0.05125225055664039
1993-11-26,0.10938525825290868
1993-11-27,0.04336082120484018
1993-11-28,0.058976424962152815
1993-11-29,0.11381439522673417
1993-11-30,0.17040426893160743
1993-12-01,0.1704395373000841
1993-12-02,0.180191142564248
1993-12-03,0.20075644975462362
1993-12-04,0.09851925197222158
1993-12-05,0.2204639039960977
1993-12-06,0.07473038027558493
1993-12-07,0.0965698527836324
1993-12-08,0.16661844676342744
1993-12-09,0.1586547020104393
1993-12-10,0.08376003803423576
1993-12-11,0.0118345154104538
1993-12-12,0.12930670558920382
1993-12-13,0.05436751721831116
1993-12-14,0.12599605604923653
1993-12-15,0.11823009419347554
1993-12-16,0.07853281704579836
1993-12-17,0.13315027734025106
1993-12-18,0.07070600380982497
1993-12-19,0.16852818282066953
1993-12-20,0.09305768467140152
1993-12-21,0.0822355817137006
1993-12-22,0.20432468918101399
1993-12-23,0.08215608182547632
1993-12-24,0.0
1993-12-25,0.01916260408794951
1993-12-26,0.15721249651347427
1993-12-27,0.08312703763006699
1993-12-28,0.09554384474250385
1993-12-29,0.11188445771410913
1993-12-30,0.10700972775822887
1993-12-31,0.08536462448417868
1994-01-01,0.13354961648778624
1994-01-02,0.06348115801614551
1994-01-03,0.08737008029879398
1994-01-04,0.13343851575340682
1994-01-05,0.1019723435551087
1994-01-06,0.11359687197046373
1994-01-07,0.07750670010869179
1994-01-08,0.024057826961915676
1994-01-09,0.07406660038257051
1994-01-10,0.0878344748792586
1994-01-11,0.08835208398576061
1994-01-12,0.11147227718782765
1994-01-13,0.1889281544749904
1994-01-14,0.05437762333312313
1994-01-15,0.10103365017289948
1994-01-16,0.04428642987779595
1994-01-17,0.10911484523850755
1994-01-18,0.00681405444173179
1994-01-19,0.1132984185661697
1994-01-20,0.09435231150952034
1994-01-21,0.08338119574210458
1994-01-22,0.12491176821672423
1994-01-23,0.09860379632553917
1994-01-24,0.1717356800043025
1994-01-25,0.14075605008199205
1994-01-26,0.12307341139753719
1994-01-27,0.0
1994-01-28,0.16113607849681313
1994-01-29,0.2006472954222559
1994-01-30,0.23654382713901712
1994-01-31,0.014188632448067284
1994-02-01,0.12426628544428787
1994-02-02,0.18394809357839487
1994-02-03,0.17481545806018017
1994-02-04,0.13988250487036094
1994-02-05,0.09920647673081269
1994-02-06,0.05486779609128531
1994-02-07,0.07288516046557607
1994-02-08,0.14183450978884754
1994-02-09,0.15584533506997936
1994-02-10,0.015380665852140915
1994-02-11,0.09832806595274479
1994-02-12,0.024622214158358677
1994-02-13,0.09841429121624629
1994-02-14,0.09342876888835192
1994-02-15,0.06271878014437901
1994-02-16,0.2666308118441186
1994-02-17,0.09073462390942232
1994-02-18,0.13155705641318338
1994-02-19,0.1629546073100089
1994-02-20,0.03346481820881883
1994-02-21,0.18741774573777098
1994-02-22,0.0927721817310494
1994-02-23,0.04671785802315811
1994-02-24,0.14164203354234
1994-02-25,0.01146359700977348
1994-02-26,0.0996270139821317
1994-02-27,0.08580640882290437
1994-02-28,0.07702730266506434
1994-03-01,0.09551176658061356
1994-03-02,0.09857743655390282
1994-03-03,0.0
1994-03-04,0.024312774615775648
1994-03-05,0.0359742457132584
1994-03-06,0.13869430193821292
1994-03-07,0.10537890072705455
1994-03-08,0.10354502262429277
1994-03-09,0.17926268844682
1994-03-10,0.0
1994-03-11,0.1837567447471119
1994-03-12,0.09634616742259736
1994-03-13,0.11412407024849187
1994-03-14,0.08985569517885915
1994-03-15,0.11307959047740107
1994-03-16,0.20196686990540055
1994-03-17,0.11574235669416068
1994-03-18,0.14109440132455425
1994-03-19,0.054623840100098645
1994-03-20,0.09049745174476277
1994-03-21,0.12865865399213167
1994-03-22,0.16742956227050465
1994-03-23,0.030593446608592798
1994-03-24,0.1465674307231852
1994-03-25,0.12161239434234543
1994-03-26,0.14232383238114515
1994-03-27,0.1028104569799893
1994-03-28,0.1983326367601045
1994-03-29,0.1453070637904718
1994-03-30,0.07483160523285753
1994-03-31,0.12827826049009686
1994-04-01,0.16931046631325233
1994-04-02,0.15472938080488272
1994-04-03,0.09330528000028099
1994-04-04,0.0644543833874035
1994-04-05,0.14479431408000873
1994-04-06,0.1278766056535408
1994-04-07,0.12754192329057149
1994-04-08,0.2593752863273159
1994-04-09,0.12126061191663512
1994-04-10,0.14046067695087988
1994-04-11,0.1015005095476253
1994-04-12,0.11469053798758247
1994-04-13,0.17302277002902539
1994-04-14,0.160492668304189
1994-04-15,0.12140062760112902
1994-04-16,0.14347027333306542
1994-04-17,0.07274745304214945
1994-04-18,0.1837930116463961
1994-04-19,0.018977275409327504
1994-04-20,0.13700096200867679
1994-04-21,0.17910475659682673
1994-04-22,0.0462521974552082
1994-04-23,0.2988847790779944
1994-04-24,0.1118778013717219
1994-04-25,0.229910956857985
1994-04-26,0.27566414845531095
1994-04-27,0.19021083458213087
1994-04-28,0.14715085345165246
1994-04-29,0.13297881439759257
1994-04-30,0.15891080381769568
1994-05-01,0.14683727405618965
1994-05-02,0.16688859882691287
1994-05-03,0.16490160216354355
1994-05-04,0.13635931982561883
1994-05-05,0.23544154651093682
1994-05-06,0.07824460873043791
1994-05-07,0.1454068587187266
1994-05-08,0.14738792063347522
1994-05-09,0.13557356162713655
1994-05-10,0.1890944189826093
1994-05-11,0.16652891307508583
1994-05-12,0.19877402851130865
1994-05-13,0.0
1994-05-14,0.1662237421426383
1994-05-15,0.1376118960368617
1994-05-16,0.12349990931317695
1994-05-17,0.19526883155743546
1994-05-18,0.11045198560630347
1994-05-19,0.15484334222363264
1994-05-20,0.2133769669313867
1994-05-21,0.06227718118130779
1994-05-22,0.20893278700699328
1994-05-23,0.12932595904046706
1994-05-24,0.16392097138547793
1994-05-25,0.09982979419535193
1994-05-26,0.15316357837378214
1994-05-27,0.1915670620773623
1994-05-28,0.09610232718789402
1994-05-29,0.1284698404546634
1994-05-30,0.07726682064244524
1994-05-31,0.0
1994-06-01,0.05054521006690692
1994-06-02,0.040461057031639734
1994-06-03,0.03624381062574693
1994-06-04,0.07901116374248693
1994-06-05,0.10227916741793219
1994-06-06,0.15438772666532127
1994-06-07,0.13320353299230384
1994-06-08,0.07775103735456884
1994-06-09,0.1766807843415464
1994-06-10,0.12635477978170895
1994-06-11,0.0927533812042958
1994-06-12,0.15668780759794573
1994-06-13,0.12375459799964954
1994-06-14,0.12747170198020358
1994-06-15,0.13388921774555726
1994-06-16,0.14877532341982563
1994-06-17,0.11894998315745581
1994-06-18,0.11534716203961035
1994-06-19,0.10556675236475241
1994-06-20,0.03014107530306631
1994-06-21,0.056027647263527686
1994-06-22,0.14636717559505918
1994-06-23,0.08358096962206416
1994-06-24,0.044697150213905516
1994-06-25,0.037353075153008626
1994-06-26,0.014153749563151241
1994-06-27,0.17897314950117815
1994-06-28,0.1317217043555254
1994-06-29,0.1877914009828512
1994-06-30,0.11815991663589373
1994-07-01,0.10149603382673918
1994-07-02,0.16243909202033344
1994-07-03,0.01454202375193981
1994-07-04,0.0
1994-07-05,0.1013280358033011
1994-07-06,0.07133129423089155
1994-07-07,0.09547102045373397
1994-07-08,0.16428025585406866
1994-07-09,0.14593310767191348
1994-07-10,0.1815353037505632
1994-07-11,0.07994531024535442
1994-07-12,0.18401834415719323
1994-07-13,0.08384071983700926
1994-07-14,0.18663435357583663
1994-07-15,0.12044749758283835
1994-07-16,0.11407550786680067
1994-07-17,0.04919279042324015
1994-07-18,0.05256825663227616
1994-07-19,0.10346393432558751
1994-07-20,0.1780378992791568
1994-07-21,0.19616446035389512
1994-07-22,0.1260042702067628
1994-07-23,0.07575376267598363
1994-07-24,0.13633606672193468
1994-07-25,0.14975054477782346
1994-07-26,0.07723066313926502
1994-07-27,0.05557998332668387
1994-07-28,0.1025502230843465
1994-07-29,0.0528888931441312
1994-07-30,0.03815284622044626
1994-07-31,0.07942029370959372
1994-08-01,0.09659273389680897
1994-08-02,0.0625275924593479
1994-08-03,0.06946947025027568
1994-08-04,0.10895335450654073
1994-08-05,0.09011067522906803
1994-08-06,0.16279897993631207
1994-08-07,0.18269861348958288
1994-08-08,0.07493164987140628
1994-08-09,0.04172984983941101
1994-08-10,0.06275799078909863
1994-08-11,0.09451067606355593
1994-08-12,0.0666597202673586
1994-08-13,0.0049216618682325075
1994-08-14,0.050781656445256756
1994-08-15,0.07610734761060226
1994-08-16,0.10112125595100996
1994-08-17,0.1482221338997223
1994-08-18,0.06150220290703429
1994-08-19,0.034353540455448306
1994-08-20,0.05788263565693981
1994-08-21,0.014559856254934646
1994-08-22,0.041833265201861404
1994-08-23,0.04338554989239694
1994-08-24,0.07642310876124928
1994-08-25,0.020983172992013535
1994-08-26,0.10154313707194515
1994-08-27,0.10649416268392631
1994-08-28,0.0
1994-08-29,0.0
1994-08-30,0.02196499398463933
1994-08-31,0.049171933140810406
1994-09-01,0.1280268881271158
1994-09-02,0.05437492246073613
1994-09-03,0.08107050488061192
1994-09-04,0.08509653587580222
1994-09-05,0.03365592845568669
1994-09-06,0.06051140049562918
1994-09-07,0.07213861273287228
1994-09-08,0.09739604017133277
1994-09-09,0.0
1994-09-10,0.04692551033446324
1994-09-11,0.061334978970453535
1994-09-12,0.039741760942997834
1994-09-13,0.0
1994-09-14,0.026835357614552427
1994-09-15,0.0
1994-09-16,0.10597630751720818
1994-09-17,0.023714513359192464
1994-09-18,0.04655443596072255
1994-09-19,0.028842243034972667
1994-09-20,0.08889210094243492
1994-09-21,0.09590823616059926
1994-09-22,0.0118574528905184
1994-09-23,0.011176641639721305
1994-09-24,0.05351009645157505
1994-09-25,0.008209777011932429
1994-09-26,0.08170001252047843
1994-09-27,0.09344020455465545
1994-09-28,0.0
1994-09-29,0.11214878890023339
1994-09-30,0.10950859436033007
1994-10-01,0.0
1994-10-02,0.01632414886566895
1994-10-03,0.03323118612735421
1994-10-04,0.08429301345528496
1994-10-05,0.09346409971083525
1994-10-06,0.005802516074005164
1994-10-07,0.12510701186388798
1994-10-08,0.005510762554653485
1994-10-09,0.02057493150756004
1994-10-10,0.00569134272941154
1994-10-11,0.04296318239090334
1994-10-12,0.08819391367693186
1994-10-13,0.020060252881380677
1994-10-14,0.06294264192278105
1994-10-15,0.058080476663501364
1994-10-16,0.045196344028560584
1994-10-17,0.07460449017079568
1994-10-18,0.09886635712381073
1994-10-19,0.057089809241640074
1994-10-20,0.11026547914174797
1994-10-21,0.013002206961086685
1994-10-22,0.07517073745248615
1994-10-23,0.03606037806343333
1994-10-24,0.09842330694904039
1994-10-25,0.15959352248346004
1994-10-26,0.06797284391387502
1994-10-27,0.10591926950243298
1994-10-28,0.03820014053246393
1994-10-29,0.10130325585200067
1994-10-30,0.005842232069713446
1994-10-31,0.08924611027940252
1994-11-01,0.0
1994-11-02,0.18371672877685882
1994-11-03,0.08450663869757542
1994-11-04,0.07700889695876369
1994-11-05,0.16604574547435808
1994-11-06,0.06614846531749444
1994-11-07,0.0
1994-11-08,0.03029977746706837
1994-11-09,0.14255639952410512
1994-11-10,0.022840998992893935
1994-11-11,0.05669049043294235
1994-11-12,0.15161449202902938
1994-11-13,0.037748097966139066
1994-11-14,0.05925240978509894
1994-11-15,0.13244945002768657
1994-11-16,0.06074009240188659
1994-11-17,0.06629587736319129
1994-11-18,0.03980744436968457
1994-11-19,0.07616662252780085
1994-11-20,0.07540800596252806
1994-11-21,0.10335189425469898
1994-11-22,0.1121462785870769
1994-11-23,0.09968721056207346
1994-11-24,0.050092361278273836
1994-11-25,0.16787544298627605
1994-11-26,0.038099516142522605
1994-11-27,0.17392543765709995
1994-11-28,0.08726156678986766
1994-11-29,0.13341202675698244
1994-11-30,0.11066919246070657
1994-12-01,0.14598785944749815
1994-12-02,0.060636462290254295
1994-12-03,0.06572442424616828
1994-12-04,0.10029296186260526
1994-12-05,0.0585828662360157
1994-12-06,0.09437364013853954
1994-12-07,0.19656968614190445
1994-12-08,0.003084969323651404
1994-12-09,0.060019313277221396
1994-12-10,0.15813125928447658
1994-12-11,0.10207261283064567
1994-12-12,0.14676469426723734
1994-12-13,0.1300620070201866
1994-12-14,0.02415281218489454
1994-12-15,0.11629821815405582
1994-12-16,0.10263023168169273
1994-12-17,0.28297991259258565
1994-12-18,0.0
1994-12-19,0.025249100236726385
1994-12-20,0.07448304293440208
1994-12-21,0.07035859551898009
1994-12-22,0.061529444800214134
1994-12-23,0.10948316899704835
1994-12-24,0.17248163580375228
1994-12-25,0.07520744207589977
1994-12-26,0.11426650105096393
1994-12-27,0.20352318124465202
1994-12-28,0.1943032593230769
1994-12-29,0.09354658458540485
1994-12-30,0.030233152203330046
1994-12-31,0.13967167707628828
1995-01-01,0.06444117258490988
1995-01-02,0.14830869069038677
1995-01-03,0.09947897176305168
1995-01-04,0.07245982857716
1995-01-05,0.10219836469671274
1995-01-06,0.03425825989903801
1995-01-07,0.22013604824732005
1995-01-08,0.14601944797286442
1995-01-09,0.13836186089709904
1995-01-10,0.09421578393548873
1995-01-11,0.0921226148260945
1995-01-12,0.16491405313224122
1995-01-13,0.1007259945518919
1995-01-14,0.10849417606814236
1995-01-15,0.13876235073119972
1995-01-16,0.11962890195202397
1995-01-17,0.15871766931028242
1995-01-18,0.0
1995-01-19,0.05877114518597401
1995-01-20,0.01704297174725329
1995-01-21,0.20797640120712327
1995-01-22,0.0508920766347548
1995-01-23,0.13490895745467124
1995-01-24,0.046392935773889366
1995-01-25,0.0649537883225515
1995-01-26,0.029967749812922287
1995-01-27,0.09518394333761386
1995-01-28,0.19368068410283346
1995-01-29,0.06637244648372904
1995-01-30,0.081846975327525
1995-01-31,0.14095281823811584
1995-02-01,0.12403559828260531
1995-02-02,0.08737764220984783
1995-02-03,0.11976037423884156
1995-02-04,0.07014437642023875
1995-02-05,0.11493804307798397
1995-02-06,0.11738393604886735
1995-02-07,0.19545303363193656
1995-02-08,0.16795640189948785
1995-02-09,0.0
1995-02-10,0.10457276035248676
1995-02-11,0.007179553687605533
1995-02-12,0.1533968826766855
1995-02-13,0.21141548472951827
1995-02-14,0.10185708502625895
1995-02-15,0.12156624702661942
1995-02-16,0.14255230466610613
1995-02-17,0.14774515949945422
1995-02-18,0.14032840542390623
1995-02-19,0.11584937977380005
1995-02-20,0.06921568641062995
1995-02-21,0.11826103268035759
1995-02-22,0.23267832569022792
1995-02-23,0.18911058133484968
1995-02-24,0.20153931044886222
1995-02-25,0.06769019964843004
1995-02-26,0.07369738193981978
1995-02-27,0.05712745679424999
1995-02-28,0.04300386889195265
1995-03-01,0.0939713736544621
1995-03-02,0.06396780452335346
1995-03-03,0.1283168305770436
1995-03-04,0.07050291891599147
1995-03-05,0.047843250135547494
1995-03-06,0.0714297324970601
1995-03-07,0.10688715273421556
1995-03-08,0.16791791070198808
1995-03-09,0.1579737263954291
1995-03-10,0.13340628293371504
1995-03-11,0.21353454941175146
1995-03-12,0.15381669549697383
1995-03-13,0.08528568367166828
1995-03-14,0.0008887979689775893
1995-03-15,0.10324156417328322
1995-03-16,0.06354298898965553
1995-03-17,0.026484654689008985
1995-03-18,0.12310316267507299
1995-03-19,0.09631810954099522
1995-03-20,0.17396484249688704
1995-03-21,0.11531646459932754
1995-03-22,0.10338562175439547
1995-03-23,0.0433787339338772
1995-03-24,0.06681212763445475
1995-03-25,0.0
1995-03-26,0.15793290911918434
1995-03-27,0.04638475707718731
1995-03-28,0.14126167888053548
1995-03-29,0.10198455799155283
1995-03-30,0.1279536372702077
1995-03-31,0.08986900876782644
1995-04-01,0.003634015603759505
1995-04-02,0.06589565493690834
1995-04-03,0.12557593555571767
1995-04-04,0.04240045278656415
1995-04-05,0.1363205070199989
1995-04-06,0.20892849404115246
1995-04-07,0.16367317133240064
1995-04-08,0.12088724682674845
1995-04-09,0.14386766039037308
1995-04-10,0.13336114027453322
1995-04-11,0.23808369075514563
1995-04-12,0.1249360105285671
1995-04-13,0.25513418514501945
1995-04-14,0.18470087324377318
1995-04-15,0.19521939490333093
1995-04-16,0.1795023734008704
1995-04-17,0.07039078490208844
1995-04-18,0.0666990741554519
1995-04-19,0.1258079983855272
1995-04-20,0.15787880608050295
1995-04-21,0.07499836373759948
1995-04-22,0.16544929733155517
1995-04-23,0.0809474130800816
1995-04-24,0.04532526718935024
1995-04-25,0.15648387448506237
1995-04-26,0.16378238045063556
1995-04-27,0.14224969551097386
1995-04-28,0.13550006346675952
1995-04-29,0.16310088907763914
1995-04-30,0.15916980314005105
1995-05-01,0.13771739197879776
1995-05-02,0.21720246000638493
1995-05-03,0.1675956493988034
1995-05-04,0.19180108896403109
1995-05-05,0.24102212011401464
1995-05-06,0.15265428718644727
1995-05-07,0.21645339116459233
1995-05-08,0.1997596232360994
1995-05-09,0.2083595595834108
1995-05-10,0.12438052459845977
1995-05-11,0.12518408480997822
1995-05-12,0.08057175594818396
1995-05-13,0.1391853074607326
1995-05-14,0.14681493578604024
1995-05-15,0.01390581929474731
1995-05-16,0.13276449305629362
1995-05-17,0.2851250521209916
1995-05-18,0.10486030487611984
1995-05-19,0.1819812178331526
1995-05-20,0.15108293540967174
1995-05-21,0.0057319098005656766
1995-05-22,0.11489306600554947
1995-05-23,0.027784938742372034
1995-05-24,0.06059304093360373
1995-05-25,0.007058577068757899
1995-05-26,0.09241748434409443
1995-05-27,0.07307933422045582
1995-05-28,0.15350209514614577
1995-05-29,0.03409290582334365
1995-05-30,0.1440452300451876
1995-05-31,0.11365930811045746
1995-06-01,0.03614328023465729
1995-06-02,0.0054702731172354
1995-06-03,0.0733438320893425
1995-06-04,0.10773664030833872
1995-06-05,0.04598100273110345
1995-06-06,0.031121006505284786
1995-06-07,0.15532195531872434
1995-06-08,0.0699205595485764
1995-06-09,0.1328556141563358
1995-06-10,0.16715152514829879
1995-06-11,0.0719145150722378
1995-06-12,0.09962039448213683
1995-06-13,0.17502327279949365
1995-06-14,0.09478486172079148
1995-06-15,0.06590708723539018
1995-06-16,0.13774945327348553
1995-06-17,0.06644693667969642
1995-06-18,0.15252745543173327
1995-06-19,0.03755856861094381
1995-06-20,0.13413635602396096
1995-06-21,0.07361875021647957
1995-06-22,0.11004150836260371
1995-06-23,0.09829310476401663
1995-06-24,0.1793215950935902
1995-06-25,0.06321872810810847
1995-06-26,0.06650572935529682
1995-06-27,0.1846616179263682
1995-06-28,0.0722660333684706
1995-06-29,0.054653649622594516
1995-06-30,0.14234799619365518
1995-07-01,0.10270615540873397
1995-07-02,0.10134378644022475
1995-07-03,0.10221707162926962
1995-07-04,0.15615592458096164
1995-07-05,0.05906743722064487
1995-07-06,0.16639662940399194
1995-07-07,0.024162366422980502
1995-07-08,0.0524210069994456
1995-07-09,0.03051001227899903
1995-07-10,0.08225603647772432
1995-07-11,0.03286731678753833
1995-07-12,0.12882805275479908
1995-07-13,0.09096623718104405
1995-07-14,0.06048468700735053
1995-07-15,0.00861976003870818
1995-07-16,0.11951505184029435
1995-07-17,0.0461738736936956
1995-07-18,0.07255713809207674
1995-07-19,0.06720950239126318
1995-07-20,0.0538827995995612
1995-07-21,0.15694863838842363
1995-07-22,0.14294866136370893
1995-07-23,0.045070709165055456
1995-07-24,0.053064284682166514
1995-07-25,0.039615059228570705
1995-07-26,0.08707769348602354
1995-07-27,0.1595926705878498
1995-07-28,0.038481604398465916
1995-07-29,0.05026798003973901
1995-07-30,0.06264299500805488
1995-07-31,0.09327810310907592
1995-08-01,0.005103425995774256
1995-08-02,0.03789620025410985
1995-08-03,0.02402780031856723
1995-08-04,0.09021152152709336
1995-08-05,0.0657317366899384
1995-08-06,0.020293221072138663
1995-08-07,0.0
1995-08-08,0.036134459525499735
1995-08-09,0.033261283369638316
1995-08-10,0.08979059100558542
1995-08-11,0.09515852325809612
1995-08-12,0.0
1995-08-13,0.09249952461815561
1995-08-14,0.06862174175370508
1995-08-15,0.00306900714237527
1995-08-16,0.09168330893969481
1995-08-17,0.02975807986159952
1995-08-18,0.07784172764916528
1995-08-19,0.1789615385180444
1995-08-20,0.07037299630806369
1995-08-21,0.02972303317585651
1995-08-22,0.0
1995-08-23,0.049941507841463256
1995-08-24,0.08420876472676714
1995-08-25,0.007657441293630912
1995-08-26,0.08199018030493149
1995-08-27,0.046124061341177795
1995-08-28,0.05047992322473109
1995-08-29,0.09792242393402979
1995-08-30,0.0
1995-08-31,0.05228928005046128
1995-09-01,0.10585561816823547
1995-09-02,0.03807429691638861
1995-09-03,0.03643986192038601
1995-09-04,0.03406901614860977
1995-09-05,0.1563081720101993
1995-09-06,0.07281052706618947
1995-09-07,0.0
1995-09-08,0.03736492039952896
1995-09-09,0.07592438230727336
1995-09-10,0.14787781296521546
1995-09-11,0.1256293722166172
1995-09-12,0.1364586615187126
1995-09-13,0.011100173513998696
1995-09-14,0.08199999930354646
1995-09-15,0.008245674056474722
1995-09-16,0.03772395618575821
1995-09-17,0.08719349761870034
1995-09-18,0.028669829912137016
1995-09-19,0.0
1995-09-20,0.04266160758244307
1995-09-21,0.09728275032731509
1995-09-22,0.11379644744187686
1995-09-23,0.031656691821506426
1995-09-24,0.07246279568737476
1995-09-25,0.11052536948661516
1995-09-26,0.1077022643239438
1995-09-27,0.11798896798908672
1995-09-28,0.08875731232708568
1995-09-29,0.041740870536136
1995-09-30,0.10408672934984262
1995-10-01,0.1123035786128058
1995-10-02,0.026092047081872335
1995-10-03,0.022754612337798026
1995-10-04,0.0753448048485148
1995-10-05,0.0777093810742075
1995-10-06,0.0980936306701034
1995-10-07,0.06700510243457644
1995-10-08,0.08432409225834658
1995-10-09,0.02856059088802016
1995-10-10,0.0
1995-10-11,0.06514363965480548
1995-10-12,0.1425123551107526
1995-10-13,0.12580884260232642
1995-10-14,0.05904224370773297
1995-10-15,0.07082790303753322
1995-10-16,0.19673410834084956
1995-10-17,0.087690266667603
1995-10-18,0.0
1995-10-19,0.03327283267560386
1995-10-20,0.035634385304909394
1995-10-21,0.0
1995-10-22,0.061347417914494405
1995-10-23,0.060088370456598914
1995-10-24,0.08276933434096378
1995-10-25,0.06685507451883858
1995-10-26,0.08063537839252566
1995-10-27,0.07992105651584357
1995-10-28,0.1167649327887724
1995-10-29,0.08455558893849505
1995-10-30,0.060723704638223075
1995-10-31,0.07594228262434828
1995-11-01,0.05032743400624876
1995-11-02,0.0
1995-11-03,0.07063520081737146
1995-11-04,0.01902364832536465
1995-11-05,0.04387823988915526
1995-11-06,0.0
1995-11-07,0.1525323769949839
1995-11-08,0.106312472705126
1995-11-09,0.10964305013934363
1995-11-10,0.13663976235079944
1995-11-11,0.12020149058400188
1995-11-12,0.05743138335888988
1995-11-13,0.07101466162869646
1995-11-14,0.053046266877700025
1995-11-15,0.042687310801811
1995-11-16,0.019731530369131146
1995-11-17,0.12011885629689242
1995-11-18,0.0922166042281234
1995-11-19,0.10343183621490898
1995-11-20,0.17342686758035764
1995-11-21,0.10516204068799309
1995-11-22,0.0533271237729118
1995-11-23,0.04731041243042412
1995-11-24,0.09925445580010664
1995-11-25,0.002497774618345064
1995-11-26,0.10728265304729938
1995-11-27,0.009527944624017529
1995-11-28,0.13162975118990133
1995-11-29,0.0960766006840385
1995-11-30,0.1783859818773354
1995-12-01,0.09783168184135183
1995-12-02,0.12525225968247014
1995-12-03,0.12883429673029076
1995-12-04,0.04838659434738019
1995-12-05,0.030856530472132382
1995-12-06,0.05449563422070401
1995-12-07,0.10395092283604886
1995-12-08,0.0886186122418535
1995-12-09,0.08310291071463018
1995-12-10,0.09027078186544853
1995-12-11,0.02496618651929345
1995-12-12,0.09470795884876385
1995-12-13,0.10253999895399439
1995-12-14,0.23876487336267266
1995-12-15,0.14374946375952807
1995-12-16,0.10393377600525379
1995-12-17,0.20181536608166287
1995-12-18,0.06589945377655843
1995-12-19,0.07784934079221725
1995-12-20,0.14134027306032135
1995-12-21,0.15847093111061894
1995-12-22,0.1051971236389171
1995-12-23,0.21952725971182757
1995-12-24,0.07097407672085486
1995-12-25,0.16159865700061216
1995-12-26,0.002208917351881126
1995-12-27,0.043919056333053784
1995-12-28,0.010144170353234172
1995-12-29,0.02719326269588851
1995-12-30,0.012899511568136124
1995-12-31,0.10007770426412962
1996-01-01,0.06600758619665897
1996-01-02,0.1776137112916044
1996-01-03,0.21610847805232397
1996-01-04,0.14522645581194984
1996-01-05,0.22524764438022465
1996-01-06,0.199635556712031
1996-01-07,0.1849737410623181
1996-01-08,0.09473906245333395
1996-01-09,0.10748494850812013
1996-01-10,0.15693278532903157
1996-01-11,0.18033229580049798
1996-01-12,0.009812212112836782
1996-01-13,0.08189734246155825
1996-01-14,0.12370168230388742
1996-01-15,0.08039272274536578
1996-01-16,0.07319711430182245
1996-01-17,0.07113100000194311
1996-01-18,0.14414224776491266
1996-01-19,0.11306646384334675
1996-01-20,0.033290381116710954
1996-01-21,0.10617785464274411
1996-01-22,0.1510091924870577
1996-01-23,0.1876073578458855
1996-01-24,0.11051157646121465
1996-01-25,0.09699567155501683
1996-01-26,0.08582727839441548
1996-01-27,0.10042977063855493
1996-01-28,0.061309157458816446
1996-01-29,0.09121846180515149
1996-01-30,0.11667899937092391
1996-01-31,0.13116139764882973
1996-02-01,0.2416265387571184
1996-02-02,0.37624586851131026
1996-02-03,0.14633960959859116
1996-02-04,0.2100305607873289
1996-02-05,0.22567271866718186
1996-02-06,0.09128288450690084
1996-02-07,0.14222963882006215
1996-02-08,0.0741423136568512
1996-02-09,0.06683526875915294
1996-02-10,0.08886311291928448
1996-02-11,0.11175499335598764
1996-02-12,0.08443139764209032
1996-02-13,0.12471868024267133
1996-02-14,0.0018438615125319358
1996-02-15,0.17568603227762303
1996-02-16,0.13984397261050943
1996-02-17,0.11481006183842661
1996-02-18,0.1962961749502513
1996-02-19,0.14351572345113256
1996-02-20,0.062237846145780845
1996-02-21,0.05593783678092972
1996-02-22,0.068410285094079
1996-02-23,0.07273166905938433
1996-02-24,0.05099248072152063
1996-02-25,0.19619931190924988
1996-02-26,0.17065527257249896
1996-02-27,0.19375835780914114
1996-02-28,0.29240328294904105
1996-02-29,0.26826855610015127
1996-03-01,0.2098876753054689
1996-03-02,0.1756349301433374
1996-03-03,0.2378043246286558
1996-03-04,0.29823933367357586
1996-03-05,0.26875340923989377
1996-03-06,0.142676129139498
1996-03-07,0.08208296029466719
1996-03-08,0.209266555517405
1996-03-09,0.1145341873469426
1996-03-10,0.1731905431653174
1996-03-11,0.10830610214978412
1996-03-12,0.18381029572411212
1996-03-13,0.19693319747058396
1996-03-14,0.13731930562026504
1996-03-15,0.16309166720372592
1996-03-16,0.07454876182383456
1996-03-17,0.11855275813580521
1996-03-18,0.17350670179780384
1996-03-19,0.11534238381848136
1996-03-20,0.19338305532216585
1996-03-21,0.179907169299324
1996-03-22,0.16707973116878036
1996-03-23,0.13560614068596794
1996-03-24,0.14031563356787027
1996-03-25,0.13953889887445037
1996-03-26,0.16333604442844107
1996-03-27,0.13994473361171578
1996-03-28,0.16573955954488395
1996-03-29,0.1952470125820337
1996-03-30,0.1850774397904289
1996-03-31,0.15676124694624632
1996-04-01,0.10889185081960014
1996-04-02,0.11508432913236973
1996-04-03,0.11555461177702495
1996-04-04,0.08111319197734539
1996-04-05,0.12072076530211116
1996-04-06,0.20260028114015105
1996-04-07,0.12045705746979757
1996-04-08,0.20662756693635229
1996-04-09,0.06908852388108974
1996-04-10,0.11367760045945362
1996-04-11,0.15126260033730757
1996-04-12,0.15677143635091706
1996-04-13,0.048120560126458954
1996-04-14,0.07789444903948087
1996-04-15,0.18599448822926323
1996-04-16,0.09625130195064954
1996-04-17,0.13475361962695606
1996-04-18,0.15003407603912938
1996-04-19,0.07469598343550056
1996-04-20,0.07370313317872951
1996-04-21,0.0
1996-04-22,0.12558503683319688
1996-04-23,0.19654412176998662
1996-04-24,0.03837259178310002
1996-04-25,0.14268869237360016
1996-04-26,0.1598883049588276
1996-04-27,0.1399052147505547
1996-04-28,0.11453869497268555
1996-04-29,0.12836033364191393
1996-04-30,0.14036923459966905
1996-05-01,0.11994122925490641
1996-05-02,0.08786365254124208
1996-05-03,0.11642861777314693
1996-05-04,0.09573857588388787
1996-05-05,0.08366495079736694
1996-05-06,0.10451113294255979
1996-05-07,0.16875322199675333
1996-05-08,0.0819713754180121
1996-05-09,0.16764978119716709
1996-05-10,0.12695135898582724
1996-05-11,0.0
1996-05-12,0.14269511329078197
1996-05-13,0.12977637727953087
1996-05-14,0.14110902735680378
1996-05-15,0.1638100357601101
1996-05-16,0.1881796140305353
1996-05-17,0.24222495879124584
1996-05-18,0.12026833202088127
1996-05-19,0.08777431689410684
1996-05-20,0.1497117563476239
1996-05-21,0.17736566964760198
1996-05-22,0.18918271193688913
1996-05-23,0.06649525043407825
1996-05-24,0.11198219838151291
1996-05-25,0.04258128902324598
1996-05-26,0.24801919063264252
1996-05-27,0.09825306298866388
1996-05-28,0.1477650918831162
1996-05-29,0.08996983834792019
1996-05-30,0.1224068026521137
1996-05-31,0.03241409453878007
1996-06-01,0.14977893713660498
1996-06-02,0.14450878544737114
1996-06-03,0.0794948440716309
1996-06-04,0.026480323869749342
1996-06-05,0.22402433169725647
1996-06-06,0.19622460670480996
1996-06-07,0.15195980671273795
1996-06-08,0.11861769996793232
1996-06-09,0.13632625845027074
1996-06-10,0.18269010558970739
1996-06-11,0.15585309101760542
1996-06-12,0.14757852993341433
1996-06-13,0.12856594124284895
1996-06-14,0.1452193635547084
1996-06-15,0.13706087246219942
1996-06-16,0.14292390387566054
1996-06-17,0.21687844014098623
1996-06-18,0.15714624907639663
1996-06-19,0.13039301056699054
1996-06-20,0.13550118879872966
1996-06-21,0.035808173136469695
1996-06-22,0.16961130497681734
1996-06-23,0.1344931396095597
1996-06-24,0.07053547920875035
1996-06-25,0.08922794937949675
1996-06-26,0.13874083453562394
1996-06-27,0.11229564488723098
1996-06-28,0.15675424599935334
1996-06-29,0.06119149802780735
1996-06-30,0.02236649530442268
1996-07-01,0.02182188664938762
1996-07-02,0.06926835712657428
1996-07-03,0.09349568037336782
1996-07-04,0.07080176307172555
1996-07-05,0.01861916343459974
1996-07-06,0.045136064611502325
1996-07-07,0.031011412332458563
1996-07-08,0.07059935594798462
1996-07-09,0.06480784704548542
1996-07-10,0.07058624487843225
1996-07-11,0.1552311266534444
1996-07-12,0.011181250366335008
1996-07-13,0.07453786240821883
1996-07-14,0.0
1996-07-15,0.0
1996-07-16,0.08155975100410769
1996-07-17,0.10263057694633408
1996-07-18,0.10537903058273906
1996-07-19,0.1199904515876456
1996-07-20,0.04885472258138304
1996-07-21,0.06975759006467666
1996-07-22,0.026859801782958256
1996-07-23,0.12340016324213292
1996-07-24,0.030655127323200346
1996-07-25,0.09678403469437606
1996-07-26,0.014797668975094463
1996-07-27,0.07487110199499541
1996-07-28,0.019181133677313944
1996-07-29,0.10053568928302124
1996-07-30,0.1816644969933894
1996-07-31,0.11734246536122787
1996-08-01,0.10770461211108148
1996-08-02,0.15320965119102287
1996-08-03,0.1041422931840855
1996-08-04,0.14805903073594112
1996-08-05,0.10681758723077531
1996-08-06,0.11101994983913241
1996-08-07,0.0
1996-08-08,0.05867542453450356
1996-08-09,0.00821446947837319
1996-08-10,0.02980177960359792
1996-08-11,0.08560692611244405
1996-08-12,0.03516829519676011
1996-08-13,0.017546160457971763
1996-08-14,0.11031172968754033
1996-08-15,0.09512229009839934
1996-08-16,0.0
1996-08-17,0.11947735472908895
1996-08-18,0.07356520477210318
1996-08-19,0.0753073482728081
1996-08-20,0.16213850487068232
1996-08-21,0.08557079875597028
1996-08-22,0.11659552313945751
1996-08-23,0.10357503361557
1996-08-24,0.08765925458840004
1996-08-25,0.0198383465893424
1996-08-26,0.1765547288872719
1996-08-27,0.0
1996-08-28,0.07006867293736006
1996-08-29,0.05660582802511201
1996-08-30,0.12391138249318678
1996-08-31,0.0
1996-09-01,0.04928000515496181
1996-09-02,0.10636573258636989
1996-09-03,0.004440715882633367
1996-09-04,0.06364613005383304
1996-09-05,0.09157815012044164
1996-09-06,0.06265720594005143
1996-09-07,0.09402183263201098
1996-09-08,0.07769624211792188
1996-09-09,0.12839562114213307
1996-09-10,0.11133876945499083
1996-09-11,0.061779681017830906
1996-09-12,0.05940795136032746
1996-09-13,0.04286656148578981
1996-09-14,0.11731379711613917
1996-09-15,0.07597436702697667
1996-09-16,0.0455582237563173
1996-09-17,0.10043851350725395
1996-09-18,0.15647813732144594
1996-09-19,0.031040490588057773
1996-09-20,0.09930555870160897
1996-09-21,0.06384757913153721
1996-09-22,0.0221073672537667
1996-09-23,0.0
1996-09-24,0.06993046923543245
1996-09-25,0.03598144840674862
1996-09-26,0.11776093362135728
1996-09-27,0.12689940826695847
1996-09-28,0.07289455970599398
1996-09-29,0.016980996476224065
1996-09-30,0.1544170534090541
1996-10-01,0.03919434816828346
1996-10-02,0.12543717488743228
1996-10-03,0.0
1996-10-04,0.15704656656854166
1996-10-05,0.0
1996-10-06,0.0345430307538503
1996-10-07,0.0
1996-10-08,0.14338851933243815
1996-10-09,0.025367214089632648
1996-10-10,0.08378212003336444
1996-10-11,0.0836755527224792
1996-10-12,0.0
1996-10-13,0.11039211363033234
1996-10-14,0.07141293088498345
1996-10-15,0.1292238329091593
1996-10-16,0.07515526126346103
1996-10-17,0.05001593365787582
1996-10-18,0.08323817339083903
1996-10-19,0.08854672193632226
1996-10-20,0.13212635372705844
1996-10-21,0.12772546848872912
1996-10-22,0.04161168335861195
1996-10-23,0.11538800700694254
1996-10-24,0.10361379366860653
1996-10-25,0.10521761770467142
1996-10-26,0.08762197900021276
1996-10-27,0.10323478084337245
1996-10-28,0.020007903155223293
1996-10-29,0.10017904067140378
1996-10-30,0.21102561086031058
1996-10-31,0.17882917508095453
1996-11-01,0.1733402363851747
1996-11-02,0.05961388223548816
1996-11-03,0.18134823289687355
1996-11-04,0.1945826204146762
1996-11-05,0.046511976960087076
1996-11-06,0.06239074310783413
1996-11-07,0.14124867777911912
1996-11-08,0.05869819542154215
1996-11-09,0.1390957109068121
1996-11-10,0.10524542573286684
1996-11-11,0.16015202763076358
1996-11-12,0.10760184508126618
1996-11-13,0.0
1996-11-14,0.12330055883330454
1996-11-15,0.15291644269570737
1996-11-16,0.08223532494586318
1996-11-17,0.0710663686812485
1996-11-18,0.06026412374487762
1996-11-19,0.02153792579667819
1996-11-20,0.2121396940232786
1996-11-21,0.04397104126127222
1996-11-22,0.15812200732911563
1996-11-23,0.16779445944990762
1996-11-24,0.07850134778926929
1996-11-25,0.05005689276434761
1996-11-26,0.10078317221273538
1996-11-27,0.12185953718223876
1996-11-28,0.11280058507998017
1996-11-29,0.19299627614058568
1996-11-30,0.054454097171861796
1996-12-01,0.06245505613435366
1996-12-02,0.12899603941503268
1996-12-03,0.0
1996-12-04,0.03396027746585149
1996-12-05,0.05175756686441947
1996-12-06,0.10489445444056018
1996-12-07,0.05826523221345255
1996-12-08,0.0
1996-12-09,0.1526950647841928
1996-12-10,0.15034558284257543
1996-12-11,0.0
1996-12-12,0.10903914206470972
1996-12-13,0.09114526413616751
1996-12-14,0.10977345742987053
1996-12-15,0.08154339885889816
1996-12-16,0.0
1996-12-17,0.09260168537624036
1996-12-18,0.01704406962178072
1996-12-19,0.0
1996-12-20,0.050133612883069875
1996-12-21,0.0
1996-12-22,0.12108019901586278
1996-12-23,0.054516020418940624
1996-12-24,0.09129986343726325
1996-12-25,0.14099381966979094
1996-12-26,0.11773884497061679
1996-12-27,0.07528870877750769
1996-12-28,0.1651734043444828
1996-12-29,0.10376487211298034
1996-12-30,0.06608485985611033
1996-12-31,0.13133690884815552
1997-01-01,0.08559332773295072
1997-01-02,0.11571085451838643
1997-01-03,0.094708999742015
1997-01-04,0.10858712617323958
1997-01-05,0.1829553222671897
1997-01-06,0.07392754702387982
1997-01-07,0.005019528489399683
1997-01-08,0.0926208076816386
1997-01-09,0.1318959208053423
1997-01-10,0.04642555297396175
1997-01-11,0.14422977594673186
1997-01-12,0.057093282427601144
1997-01-13,0.19521486502814636
1997-01-14,0.1771396365284783
1997-01-15,0.1284562008210775
1997-01-16,0.13689364359621117
1997-01-17,0.3020064689230616
1997-01-18,0.29985274359012115
1997-01-19,0.13205970598952724
1997-01-20,0.14438308462300495
1997-01-21,0.1594699559103951
1997-01-22,0.10042441272974863
1997-01-23,0.07905955046706
1997-01-24,0.10134351454197403
1997-01-25,0.2145683001196827
1997-01-26,0.17623442572676212
1997-01-27,0.08727355409598377
1997-01-28,0.11856624322986264
1997-01-29,0.0
1997-01-30,0.07457782616433763
1997-01-31,0.05182894591777873
1997-02-01,0.14317030880548484
1997-02-02,0.10770445810029472
1997-02-03,0.0809720017472242
1997-02-04,0.10599316222655504
1997-02-05,0.06184331436597083
1997-02-06,0.1307745567083585
1997-02-07,0.14002869936091106
1997-02-08,0.09893742232542829
1997-02-09,0.11151539228709033
1997-02-10,0.13800221812006414
1997-02-11,0.1425689491473931
1997-02-12,0.10346088893179929
1997-02-13,0.06324354279157858
1997-02-14,0.08838256351620978
1997-02-15,0.08131716457034902
1997-02-16,0.08228502413647576
1997-02-17,0.13056886608475055
1997-02-18,0.046452944595925125
1997-02-19,0.09987433997352194
1997-02-20,0.09404654372899142
1997-02-21,0.10060468724828708
1997-02-22,0.10812810352064921
1997-02-23,0.16301480681549574
1997-02-24,0.11563186798467055
1997-02-25,0.0
1997-02-26,0.12631005367746423
1997-02-27,0.19913096366077626
1997-02-28,0.17324439372928324
1997-03-01,0.12995915847395773
1997-03-02,0.1868493485663941
1997-03-03,0.1535348966836543
1997-03-04,0.22150782292225626
1997-03-05,0.09001874385799172
1997-03-06,0.1460237131392211
1997-03-07,0.1365362508264203
1997-03-08,0.10495235195382192
1997-03-09,0.08466900493680762
1997-03-10,0.12863179648183923
1997-03-11,0.004488484990690683
1997-03-12,0.09558613628495516
1997-03-13,0.08121802643456615
1997-03-14,0.0
1997-03-15,0.12353815022994612
1997-03-16,0.27564982449213904
1997-03-17,0.08891240669184192
1997-03-18,0.14893888867793453
1997-03-19,0.050797759842323556
1997-03-20,0.14446188176635943
1997-03-21,0.17809166279317518
1997-03-22,0.0876402811437462
1997-03-23,0.12065692137301967
1997-03-24,0.10484881839494883
1997-03-25,0.17454320714861984
1997-03-26,0.04007706231839342
1997-03-27,0.07476716182152428
1997-03-28,0.18780042688181697
1997-03-29,0.05156627930245358
1997-03-30,0.05879895607543963
1997-03-31,0.0880344019504572
1997-04-01,0.1985798207579666
1997-04-02,0.043798987949179254
1997-04-03,0.15302700339014144
1997-04-04,0.03822516210947012
1997-04-05,0.10184654321974912
1997-04-06,0.1222325905818741
1997-04-07,0.2277965212621529
1997-04-08,0.19094243713018735
1997-04-09,0.1819656808877852
1997-04-10,0.09922071993975246
1997-04-11,0.10818821202480124
1997-04-12,0.0126827154593286
1997-04-13,0.026642902513564992
1997-04-14,0.056431088766219877
1997-04-15,0.1343279303350653
1997-04-16,0.10217563128679971
1997-04-17,0.04211587765780828
1997-04-18,0.04409103631286832
1997-04-19,0.23656912973798405
1997-04-20,0.26985987281272944
1997-04-21,0.21289652109432758
1997-04-22,0.21641760225650597
1997-04-23,0.07506309069446408
1997-04-24,0.16253577098879465
1997-04-25,0.22292735852172643
1997-04-26,0.19789953967667362
1997-04-27,0.20927364174330307
1997-04-28,0.04748678390890411
1997-04-29,0.11869278315404311
1997-04-30,0.11292511665401447
1997-05-01,0.08201929811901598
1997-05-02,0.054090100787352345
1997-05-03,0.1026406419611059
1997-05-04,0.12651428286587915
1997-05-05,0.025118551793799238
1997-05-06,0.13836138261878225
1997-05-07,0.1451256736719841
1997-05-08,0.20982835922034718
1997-05-09,0.15430322754410028
1997-05-10,0.14735399159055806
1997-05-11,0.1273270644246666
1997-05-12,0.09673310251282409
1997-05-13,0.20130770754242966
1997-05-14,0.11822515823424085
1997-05-15,0.06254577351269908
1997-05-16,0.11420177772550505
1997-05-17,0.10625909740141762
1997-05-18,0.19513244869979018
1997-05-19,0.150719501425956
1997-05-20,0.22074562802825384
1997-05-21,0.11861943448153486
1997-05-22,0.11252249692012453
1997-05-23,0.17870532749216383
1997-05-24,0.08680048038108794
1997-05-25,0.1251700738634116
1997-05-26,0.08509811813002549
1997-05-27,0.0
1997-05-28,0.13155327019739718
1997-05-29,0.1296467494611137
1997-05-30,0.18900676124653784
1997-05-31,0.06403877588229617
1997-06-01,0.072817727478358
1997-06-02,0.16944924544128906
1997-06-03,0.1053277952219908
1997-06-04,0.0
1997-06-05,0.0916048070083844
1997-06-06,0.011496542735726575
1997-06-07,0.04216895719163875
1997-06-08,0.08994308300334816
1997-06-09,0.13565501906577068
1997-06-10,0.16394854257658434
1997-06-11,0.12221309759089324
1997-06-12,0.13758067459003528
1997-06-13,0.08177035101386948
1997-06-14,0.052154972579229505
1997-06-15,0.12057448977234558
1997-06-16,0.14648122260581514
1997-06-17,0.15388574398921712
1997-06-18,0.07630978421877099
1997-06-19,0.1446025139019148
1997-06-20,0.07152134547386094
1997-06-21,0.16563394690993352
1997-06-22,0.21483635629710873
1997-06-23,0.12374077330008061
1997-06-24,0.006037155959593712
1997-06-25,0.13666601145285673
1997-06-26,0.16017749438764567
1997-06-27,0.031402063975593
1997-06-28,0.13323932752078366
1997-06-29,0.05883185645125395
1997-06-30,0.11361643426905046
1997-07-01,0.0
1997-07-02,0.03308600718029786
1997-07-03,0.0
1997-07-04,0.058208263322166866
1997-07-05,0.09935373938640747
1997-07-06,0.12387054407568918
1997-07-07,0.10336741122290467
1997-07-08,0.09305050141983036
1997-07-09,0.06859706649079497
1997-07-10,0.10961097992190652
1997-07-11,0.0
1997-07-12,0.03325342218270283
1997-07-13,0.012499825221076635
1997-07-14,0.06782957100026506
1997-07-15,0.08324690237036686
1997-07-16,0.18752685626459525
1997-07-17,0.06369084402271741
1997-07-18,0.15701178912338382
1997-07-19,0.0102486031913437
1997-07-20,0.11339255602284665
1997-07-21,0.09480155463545187
1997-07-22,0.13774005887199858
1997-07-23,0.08601301859775644
1997-07-24,0.07833548979453782
1997-07-25,0.0
1997-07-26,0.09858815048502917
1997-07-27,0.02957468469510862
1997-07-28,0.10090806802252625
1997-07-29,0.07612006466011263
1997-07-30,0.11523260637292658
1997-07-31,0.02072018480147584
1997-08-01,0.06159409000703806
1997-08-02,0.06270276296980949
1997-08-03,0.04915450152851114
1997-08-04,0.13640584996934735
1997-08-05,0.1196531566657769
1997-08-06,0.17840850100006028
1997-08-07,0.09925746241085864
1997-08-08,0.14651807342273715
1997-08-09,0.14532223834486874
1997-08-10,0.04210660346830934
1997-08-11,0.0
1997-08-12,0.1358245682493451
1997-08-13,0.08935766068949767
1997-08-14,0.11679088684094521
1997-08-15,0.06460053573140559
1997-08-16,0.1036778834745428
1997-08-17,0.12375213985514764
1997-08-18,0.1372853439380404
1997-08-19,0.06264915653877183
1997-08-20,0.17843614474753988
1997-08-21,0.08536932918708688
1997-08-22,0.10622674954042766
1997-08-23,0.18488659395714194
1997-08-24,0.2275940299760026
1997-08-25,0.11954092617257793
1997-08-26,0.10292032307743068
1997-08-27,0.1843801722375677
1997-08-28,0.13271803257994855
1997-08-29,0.0735360869573717
1997-08-30,0.055406091555923236
1997-08-31,0.0
1997-09-01,0.045013304080107217
1997-09-02,0.0
1997-09-03,0.0
1997-09-04,0.0342922315801903
1997-09-05,0.0
1997-09-06,0.03284742564522322
1997-09-07,0.058987283209104464
1997-09-08,0.060637760954841594
1997-09-09,0.035784432594192284
1997-09-10,0.0134303617505164
1997-09-11,0.11334812531945643
1997-09-12,0.03989792972925845
1997-09-13,0.1672374632959577
1997-09-14,0.10204306608537451
1997-09-15,0.030981977555759217
1997-09-16,0.0377461655856335
1997-09-17,0.10076744580238034
1997-09-18,0.07872571944671533
1997-09-19,0.06750924228531116
1997-09-20,0.11131256973835443
1997-09-21,0.019643808692289683
1997-09-22,0.11511942369792924
1997-09-23,0.044859668070343306
1997-09-24,0.08756681064922178
1997-09-25,0.008568781948633919
1997-09-26,0.10238543827411678
1997-09-27,0.020478532306755365
1997-09-28,0.13336353904026121
1997-09-29,0.05825969834444426
1997-09-30,0.03616070836062966
1997-10-01,0.0019951135379242257
1997-10-02,0.06640284672524649
1997-10-03,0.09708284695522933
1997-10-04,0.027349185851356123
1997-10-05,0.058889932977207377
1997-10-06,0.00628568881293326
1997-10-07,0.03378974844634164
1997-10-08,0.10008133399368947
1997-10-09,0.12517678012358172
1997-10-10,0.06267135345198427
1997-10-11,0.08888087289256791
1997-10-12,0.015025407612374232
1997-10-13,0.08500537777513392
1997-10-14,0.05132239384685926
1997-10-15,0.05266652600163888
1997-10-16,0.058253512712703716
1997-10-17,0.028684266768890347
1997-10-18,0.0
1997-10-19,0.0015819663657781133
1997-10-20,0.0
1997-10-21,0.04379641548000017
1997-10-22,0.10004181953019738
1997-10-23,0.12641604765392384
1997-10-24,0.025136732278477462
1997-10-25,0.044769234533442094
1997-10-26,0.18301300002859022
1997-10-27,0.050761850686722745
1997-10-28,0.033330799097816326
1997-10-29,0.05191845035586637
1997-10-30,0.04295947510295273
1997-10-31,0.019324388071929627
1997-11-01,0.0
1997-11-02,0.18309286613037312
1997-11-03,0.1040149356444934
1997-11-04,0.15307691474413776
1997-11-05,0.11779002447125429
1997-11-06,0.06391943011533177
1997-11-07,0.0012808863945607818
1997-11-08,0.03707659286661506
1997-11-09,0.09967750814552315
1997-11-10,0.03917199546349986
1997-11-11,0.0
1997-11-12,0.042534152739774025
1997-11-13,0.0809776054281473
1997-11-14,0.18301725107727446
1997-11-15,0.09000824728507605
1997-11-16,0.18882148061844276
1997-11-17,0.06934245750847765
1997-11-18,0.10103187962698353
1997-11-19,0.1225147348096956
1997-11-20,0.18772551146410799
1997-11-21,0.0
1997-11-22,0.03007043642394451
1997-11-23,0.07429506785841913
1997-11-24,0.091974613751443
1997-11-25,0.004090216206993957
1997-11-26,0.0644156726387014
1997-11-27,0.05313513240817563
1997-11-28,0.11615577023817462
1997-11-29,0.07399805420341748
1997-11-30,0.03933757898788892
1997-12-01,0.0542849023547003
1997-12-02,0.12256983721076367
1997-12-03,0.05958497546719598
1997-12-04,0.05067666526560742
1997-12-05,0.022621467880981197
1997-12-06,0.04577007109276785
1997-12-07,0.12824166776505752
1997-12-08,0.0738062836515561
1997-12-09,0.08633166475319613
1997-12-10,0.04412102912638829
1997-12-11,0.1314492009574444
1997-12-12,0.12245389609316301
1997-12-13,0.06904970855952075
1997-12-14,0.13073859096446128
1997-12-15,0.00240001579950333
1997-12-16,0.19740701232767488
1997-12-17,0.15496797080364585
1997-12-18,0.1512013588007033
1997-12-19,0.010974189325108893
1997-12-20,0.07985160647409248
1997-12-21,0.16724386370500355
1997-12-22,0.10975382291920371
1997-12-23,0.11666682031549823
1997-12-24,0.07383819098251392
1997-12-25,0.04870284922358835
1997-12-26,0.1475454294672343
1997-12-27,0.08349619294400823
1997-12-28,0.10656748012003892
1997-12-29,0.11618298245294328
1997-12-30,0.1569913290283705
1997-12-31,0.14349992682591836
1998-01-01,0.0910341531299031
1998-01-02,0.11936079857941857
1998-01-03,0.22386432006890272
1998-01-04,0.15355427685792358
1998-01-05,0.21482237877783708
1998-01-06,0.04642468120996709
1998-01-07,0.02307005388707828
1998-01-08,0.17799004524813333
1998-01-09,0.059771661967895726
1998-01-10,0.0
1998-01-11,0.1149055109822028
1998-01-12,0.16740690515359177
1998-01-13,0.07699008650515148
1998-01-14,0.0
1998-01-15,0.09924990045399222
1998-01-16,0.09183356964822328
1998-01-17,0.13513348181625667
1998-01-18,0.07457834504302957
1998-01-19,0.08025658942660786
1998-01-20,0.15966450506005755
1998-01-21,0.09920140463010284
1998-01-22,0.1504015389070613
1998-01-23,0.14218494754240685
1998-01-24,0.09642563841349945
1998-01-25,0.0595173987110871
1998-01-26,0.09844416093957459
1998-01-27,0.01735652775500815
1998-01-28,0.1865149580064185
1998-01-29,0.04694847224884727
1998-01-30,0.0753028697314681
1998-01-31,0.15325955996370966
1998-02-01,0.08930431297751586
1998-02-02,0.07268327649652669
1998-02-03,0.037166292202165316
1998-02-04,0.09542138211936985
1998-02-05,0.06571503660356351
1998-02-06,0.20526009907343135
1998-02-07,0.15774157161316857
1998-02-08,0.031220326510320973
1998-02-09,0.15601688760917584
1998-02-10,0.034411458015524615
1998-02-11,0.08179986814658338
1998-02-12,0.14692082594289624
1998-02-13,0.10310816469759207
1998-02-14,0.10030143433515991
1998-02-15,0.168998726901733
1998-02-16,0.2341482090239964
1998-02-17,0.15912136408242286
1998-02-18,0.24265336111225325
1998-02-19,0.041632738945722975
1998-02-20,0.07648436176899735
1998-02-21,0.14268726976790747
1998-02-22,0.2330443281241004
1998-02-23,0.19918907605358457
1998-02-24,0.14218766372543867
1998-02-25,0.10506121719207029
1998-02-26,0.06728896374352211
1998-02-27,0.13747823581136664
1998-02-28,0.10988559793528728
1998-03-01,0.1625317352729525
1998-03-02,0.06328737773920445
1998-03-03,0.12196459156187923
1998-03-04,0.08194081760609352
1998-03-05,0.08989732828274238
1998-03-06,0.14038259903358646
1998-03-07,0.1799187317476534
1998-03-08,0.13739871668501766
1998-03-09,0.11890488508095816
1998-03-10,0.15760705733148825
1998-03-11,0.2191979884848681
1998-03-12,0.11280294775438582
1998-03-13,0.14002810397523446
1998-03-14,0.07290138355334412
1998-03-15,0.1903960640561953
1998-03-16,0.10035179032427738
1998-03-17,0.213264713436562
1998-03-18,0.25356711804299736
1998-03-19,0.16144920282928182
1998-03-20,0.18099708226618938
1998-03-21,0.16921011860158602
1998-03-22,0.20297312606696155
1998-03-23,0.1998927274322323
1998-03-24,0.09317735361216817
1998-03-25,0.2189259677254508
1998-03-26,0.0
1998-03-27,0.07494919917711396
1998-03-28,0.024848749925569902
1998-03-29,0.1823547267592428
1998-03-30,0.0717367166775547
1998-03-31,0.043694435985124735
1998-04-01,0.0900102250349016
1998-04-02,0.029297479480936445
1998-04-03,0.18191445146010946
1998-04-04,0.1952408681442583
1998-04-05,0.17385781662947775
1998-04-06,0.15091731572917486
1998-04-07,0.24513668691486606
1998-04-08,0.18259397378863196
1998-04-09,0.05600317251799014
1998-04-10,0.10275210932260127
1998-04-11,0.08097016132335325
1998-04-12,0.23126210172698697
1998-04-13,0.11551870814816993
1998-04-14,0.04780139254811787
1998-04-15,0.11169285189226585
1998-04-16,0.17300138052822742
1998-04-17,0.13200157519845607
1998-04-18,0.10660427029313059
1998-04-19,0.09811217414660749
1998-04-20,0.2015068585392617
1998-04-21,0.21949362551862817
1998-04-22,0.07464117702767935
1998-04-23,0.13455791266857312
1998-04-24,0.08652535034001521
1998-04-25,0.0737167287091055
1998-04-26,0.2264865598513673
1998-04-27,0.0632854039547155
1998-04-28,0.13636173615127078
1998-04-29,0.0
1998-04-30,0.09982189795815008
1998-05-01,0.13350083850139155
1998-05-02,0.12049013516617642
1998-05-03,0.2894478834271067
1998-05-04,0.12692163869089607
1998-05-05,0.09925129701323954
1998-05-06,0.10652061293042758
1998-05-07,0.1365264951794127
1998-05-08,0.20842593594890407
1998-05-09,0.14586739622666106
1998-05-10,0.18662071301542835
1998-05-11,0.16899730645276967
1998-05-12,0.10418472854867272
1998-05-13,0.14418047082632274
1998-05-14,0.09375697267980404
1998-05-15,0.040580428468128246
1998-05-16,0.14640120289535105
1998-05-17,0.16299472414861227
1998-05-18,0.09541669095131027
1998-05-19,0.0
1998-05-20,0.05221119542771073
1998-05-21,0.06253336242035928
1998-05-22,0.1964868404603844
1998-05-23,0.06912111290511135
1998-05-24,0.0933470207386585
1998-05-25,0.13009260765687364
1998-05-26,0.14467731866011768
1998-05-27,0.09731393009290777
1998-05-28,0.04072990978819943
1998-05-29,0.06230699093687787
1998-05-30,0.12106099469335607
1998-05-31,0.0773812475645151
1998-06-01,0.18556022549784823
1998-06-02,0.10132768182616815
1998-06-03,0.03335127021231926
1998-06-04,0.0955523106518958
1998-06-05,0.0818930773224451
1998-06-06,0.04064017058113743
1998-06-07,0.10550970131953852
1998-06-08,0.1390686729212767
1998-06-09,0.19572355825334567
1998-06-10,0.2715473556634047
1998-06-11,0.14086341794686097
1998-06-12,0.15996392607380888
1998-06-13,0.07249934474864715
1998-06-14,0.0988080209945683
1998-06-15,0.1337266452557573
1998-06-16,0.12559161578844247
1998-06-17,0.08407990687116387
1998-06-18,0.1482771283857646
1998-06-19,0.155242170346758
1998-06-20,0.11334342089350585
1998-06-21,0.18837606423526207
1998-06-22,0.11831539414278894
1998-06-23,0.14702360743425305
1998-06-24,0.021618015935051013
1998-06-25,0.1970650491945845
1998-06-26,0.11188891890119976
1998-06-27,0.028951772182282065
1998-06-28,0.11237620333327357
1998-06-29,0.12379187117617074
1998-06-30,0.0
1998-07-01,0.020200258927411677
1998-07-02,0.14024725255131992
1998-07-03,0.10184176743725573
1998-07-04,0.05388125821142288
1998-07-05,0.057862543754385126
1998-07-06,0.0
1998-07-07,0.025898985701213954
1998-07-08,0.0
1998-07-09,0.07068481740954707
1998-07-10,0.13783657405999256
1998-07-11,0.07434542967564078
1998-07-12,0.15453511413495255
1998-07-13,0.07400947410970674
1998-07-14,0.017638594165448038
1998-07-15,0.13807258070312378
1998-07-16,0.10173029078463855
1998-07-17,0.19007428504802606
1998-07-18,0.1197547695984569
1998-07-19,0.19834967174333895
1998-07-20,0.03389552246205367
1998-07-21,0.06761357353085648
1998-07-22,0.08163795901753934
1998-07-23,0.024413999825090314
1998-07-24,0.055344361105888355
1998-07-25,0.11461935760719975
1998-07-26,0.06689043172395909
1998-07-27,0.07075272227396012
1998-07-28,0.1369618210283145
1998-07-29,0.09070184748850539
1998-07-30,0.07711822829090532
1998-07-31,0.06127851863134124
1998-08-01,0.048791275091573855
1998-08-02,0.09139524445273824
1998-08-03,0.08876373576765556
1998-08-04,0.1369346439436747
1998-08-05,0.0997804244708465
1998-08-06,0.05052458727128318
1998-08-07,0.10050038047460053
1998-08-08,0.0731680412723079
1998-08-09,0.09795456903352837
1998-08-10,0.1462435482929767
1998-08-11,0.14411271045257762
1998-08-12,0.12112257026785214
1998-08-13,0.0642516758245179
1998-08-14,0.10498150861986441
1998-08-15,0.03543732732298251
1998-08-16,0.0
1998-08-17,0.07467909191519707
1998-08-18,0.031200473064495242
1998-08-19,0.13455362199068183
1998-08-20,0.11887725113568126
1998-08-21,0.019821224776478047
1998-08-22,0.09405252790018678
1998-08-23,0.0
1998-08-24,0.08228819885933793
1998-08-25,0.06602519319148295
1998-08-26,0.0
1998-08-27,0.04721629079997151
1998-08-28,0.0
1998-08-29,0.08344150122115396
1998-08-30,0.04398984397288038
1998-08-31,0.11600061675543952
1998-09-01,0.0
1998-09-02,0.0
1998-09-03,0.0
1998-09-04,0.05268126819394792
1998-09-05,0.046880597353277785
1998-09-06,0.05304047268077057
1998-09-07,0.03283194014154569
1998-09-08,0.0
1998-09-09,0.03238887584618585
1998-09-10,0.127998715855645
1998-09-11,0.016597120694611677
1998-09-12,0.061603303833464296
1998-09-13,0.0537156097138046
1998-09-14,0.06540392375238731
1998-09-15,0.0
1998-09-16,0.10602043357963573
1998-09-17,0.05801977772046936
1998-09-18,0.17473878478362564
1998-09-19,0.04697415528890279
1998-09-20,0.14206340761250388
1998-09-21,0.07339823182617913
1998-09-22,0.16738395154578595
1998-09-23,0.10150218129272384
1998-09-24,0.0
1998-09-25,0.1342296063533645
1998-09-26,0.096176430393201
1998-09-27,0.03382342380201697
1998-09-28,0.0
1998-09-29,0.12116287987764401
1998-09-30,0.13522555627843436
1998-10-01,0.09661817348993067
1998-10-02,0.12908210096110467
1998-10-03,0.09113456876272429
1998-10-04,0.11537584240630215
1998-10-05,0.058111080992457105
1998-10-06,0.0
1998-10-07,0.11656802013160553
1998-10-08,0.09282437633326382
1998-10-09,0.03079516914342885
1998-10-10,0.0
1998-10-11,0.07562729735960971
1998-10-12,0.054609973524624905
1998-10-13,0.042577362139820475
1998-10-14,0.07850153181637778
1998-10-15,0.011098671935919027
1998-10-16,0.0811399955012077
1998-10-17,0.09789651260668422
1998-10-18,0.0
1998-10-19,0.05295206785927306
1998-10-20,0.06102671137578466
1998-10-21,0.09647460775971103
1998-10-22,0.09087051692963011
1998-10-23,0.0
1998-10-24,0.06483032453693131
1998-10-25,0.04287062785186639
1998-10-26,0.1263577091047688
1998-10-27,0.022399796966836506
1998-10-28,0.07271837628415435
1998-10-29,0.1126787460406702
1998-10-30,0.10155921463056652
1998-10-31,0.05377439950704639
1998-11-01,0.1400860561367015
1998-11-02,0.03454218504497094
1998-11-03,0.09836185415549942
1998-11-04,0.10645066511303361
1998-11-05,0.0
1998-11-06,0.11660447299136006
1998-11-07,0.0
1998-11-08,0.09724534337440803
1998-11-09,0.053258954296928215
1998-11-10,0.11629063371936466
1998-11-11,0.0988128692391517
1998-11-12,0.15485403755839322
1998-11-13,0.11960454398865578
1998-11-14,0.11666223001071764
1998-11-15,0.16053256694439433
1998-11-16,0.0812937350118452
1998-11-17,0.034005406310376296
1998-11-18,0.06715513864649242
1998-11-19,0.10230152141884935
1998-11-20,0.0
1998-11-21,0.15938679597007474
1998-11-22,0.07872204068974395
1998-11-23,0.1289479880009422
1998-11-24,0.08448543156732714
1998-11-25,0.0
1998-11-26,0.06114086940691176
1998-11-27,0.04916930029607882
1998-11-28,0.024374330734829648
1998-11-29,0.0489130937777857
1998-11-30,0.0721434737505814
1998-12-01,0.0
1998-12-02,0.10088258295272014
1998-12-03,0.14239835552437288
1998-12-04,0.12322062256383459
1998-12-05,0.06667365965080328
1998-12-06,0.19603169561149517
1998-12-07,0.1256852945093201
1998-12-08,0.06794539074289442
1998-12-09,0.04312957966475476
1998-12-10,0.017417451150656918
1998-12-11,0.09995036698018964
1998-12-12,0.11036957478293072
1998-12-13,0.10317787720896797
1998-12-14,0.09382136371636425
1998-12-15,0.060323942133597444
1998-12-16,0.17371588876578614
1998-12-17,0.10098723453683922
1998-12-18,0.11213743002982274
1998-12-19,0.14029632090711672
1998-12-20,0.14876720793005463
1998-12-21,0.06547619356655224
1998-12-22,0.047568419625584474
1998-12-23,0.09543611694029462
1998-12-24,0.09939335937008568
1998-12-25,0.08460214239474825
1998-12-26,0.0
1998-12-27,0.08394004615039492
1998-12-28,0.20327216371701545
1998-12-29,0.11259212086357524
1998-12-30,0.0
1998-12-31,0.09166308378865344
1999-01-01,0.09426737901346893
1999-01-02,0.08666528785146407
1999-01-03,0.060300870470275623
1999-01-04,0.06358205181480628
1999-01-05,0.13961991078565447
1999-01-06,0.10546734678741362
1999-01-07,0.07019961737936536
1999-01-08,0.11743688852108897
1999-01-09,0.037295511710691884
1999-01-10,0.03594367970266622
1999-01-11,0.03988700749121023
1999-01-12,0.0
1999-01-13,0.031832860412669944
1999-01-14,0.1246942901108506
1999-01-15,0.11682319616035972
1999-01-16,0.08058650105587656
1999-01-17,0.09615178760256296
1999-01-18,0.19377464751750734
1999-01-19,0.1399866181912388
1999-01-20,0.1031853366734656
1999-01-21,0.15287687475191716
1999-01-22,0.014637028361489515
1999-01-23,0.07765454224431134
1999-01-24,0.08347208344660759
1999-01-25,0.12892847586671238
1999-01-26,0.05564421536488745
1999-01-27,0.12152689422273114
1999-01-28,0.19470816333667895
1999-01-29,0.2092668038108852
1999-01-30,0.15413047469469382
1999-01-31,0.17662852582963828
1999-02-01,0.1586490973565906
1999-02-02,0.12624315214541754
1999-02-03,0.0
1999-02-04,0.0829418791351658
1999-02-05,0.030021802448528527
1999-02-06,0.18621019193229246
1999-02-07,0.11721105981505531
1999-02-08,0.1137370276102327
1999-02-09,0.20847360575669355
1999-02-10,0.16079213671097028
1999-02-11,0.09291508650897481
1999-02-12,0.04221598613312541
1999-02-13,0.00022578372432949245
1999-02-14,0.031569636095143044
1999-02-15,0.11214181456324264
1999-02-16,0.1080744547322328
1999-02-17,0.12965674108504624
1999-02-18,0.14453941856591856
1999-02-19,0.2537674347037457
1999-02-20,0.22549109512795745
1999-02-21,0.26875121376722444
1999-02-22,0.10598564576968152
1999-02-23,0.1707770228505391
1999-02-24,0.14145542432424452
1999-02-25,0.1632082162192099
1999-02-26,0.10394001648188488
1999-02-27,0.07445467035774833
1999-02-28,0.07431660560227606
1999-03-01,0.10281511896937671
1999-03-02,0.108751285508419
1999-03-03,0.11182512669057773
1999-03-04,0.03870047950019076
1999-03-05,0.20185702655669246
1999-03-06,0.043025218768618784
1999-03-07,0.17228396244987604
1999-03-08,0.11248137413628917
1999-03-09,0.1906816107604083
1999-03-10,0.038017228435395914
1999-03-11,0.1516412936746565
1999-03-12,0.025874743875938605
1999-03-13,0.02786889600536003
1999-03-14,0.16496116023744078
1999-03-15,0.11710897528084374
1999-03-16,0.07435456756020671
1999-03-17,0.12593462425898616
1999-03-18,0.19397215850491095
1999-03-19,0.2102467518444326
1999-03-20,0.18487693875314148
1999-03-21,0.22634426331604207
1999-03-22,0.17356039188799788
1999-03-23,0.04857455693215998
1999-03-24,0.11826242220721575
1999-03-25,0.11339364180844154
1999-03-26,0.1323679321725002
1999-03-27,0.07533297179276935
1999-03-28,0.11838095214728313
1999-03-29,0.09971711977178656
1999-03-30,0.0
1999-03-31,0.04824838170788601
1999-04-01,0.11737990597608096
1999-04-02,0.12104808720438404
1999-04-03,0.03703815348963388
1999-04-04,0.10400486764376163
1999-04-05,0.16752120085595443
1999-04-06,0.1604152894597369
1999-04-07,0.1506132912073062
1999-04-08,0.13497909139739597
1999-04-09,0.13821801990943602
1999-04-10,0.12991984098107684
1999-04-11,0.025824297824112274
1999-04-12,0.03255537794461715
1999-04-13,0.17621016341089962
1999-04-14,0.15327754950423733
1999-04-15,0.14380347634696633
1999-04-16,0.19160338172597582
1999-04-17,0.21565655480089913
1999-04-18,0.14863386426412775
1999-04-19,0.11671017978225527
1999-04-20,0.1806074562825016
1999-04-21,0.16076587863609332
1999-04-22,0.1958903168563328
1999-04-23,0.19958722960905648
1999-04-24,0.1622174930285208
1999-04-25,0.06481033752351247
1999-04-26,0.04184826762207774
1999-04-27,0.06120468297307988
1999-04-28,0.14612418457868798
1999-04-29,0.16439626127079182
1999-04-30,0.15071396230316553
1999-05-01,0.0967675968767989
1999-05-02,0.1290904584900665
1999-05-03,0.06641114652476565
1999-05-04,0.1028318877707732
1999-05-05,0.07695540102516868
1999-05-06,0.03574906038742748
1999-05-07,0.09956849261441489
1999-05-08,0.23235225432851947
1999-05-09,0.0682105454641066
1999-05-10,0.17828970523293455
1999-05-11,0.06998703842501255
1999-05-12,0.11874207862590873
1999-05-13,0.13773510459903737
1999-05-14,0.15468402302504936
1999-05-15,0.08959456271303982
1999-05-16,0.1115482487525669
1999-05-17,0.11223409846206511
1999-05-18,0.06023394770166143
1999-05-19,0.09759109840973347
1999-05-20,0.07852611097668127
1999-05-21,0.17200614628191038
1999-05-22,0.10386723266649082
1999-05-23,0.10887895699889334
1999-05-24,0.1774893232078369
1999-05-25,0.14983063225787796
1999-05-26,0.14416757068611163
1999-05-27,0.1784222502932238
1999-05-28,0.07258431040615276
1999-05-29,0.1851056577951093
1999-05-30,0.17267101208663235
1999-05-31,0.14896246712096456
1999-06-01,0.18537291050078825
1999-06-02,0.13921883612255104
1999-06-03,0.13445240799401798
1999-06-04,0.08791668716999772
1999-06-05,0.06618126418987116
1999-06-06,0.03868232216762084
1999-06-07,0.06360127018950748
1999-06-08,0.17312997143885908
1999-06-09,0.09379877742947097
1999-06-10,0.19704135329483397
1999-06-11,0.18794860077398576
1999-06-12,0.1606338187132757
1999-06-13,0.030451042433834993
1999-06-14,0.15069556417593266
1999-06-15,0.06396329776456984
1999-06-16,0.044273110111850915
1999-06-17,0.07266044819079943
1999-06-18,0.06581502970340782
1999-06-19,0.09138214883216315
1999-06-20,0.16965903425005519
1999-06-21,0.0
1999-06-22,0.13524401219528517
1999-06-23,0.131885394019168
1999-06-24,0.05444754193413663
1999-06-25,0.03744769435088374
1999-06-26,0.0
1999-06-27,0.0
1999-06-28,0.010080765151926553
1999-06-29,0.04061390874235029
1999-06-30,0.06688903782781261
1999-07-01,0.09203753177505858
1999-07-02,0.08669931473483253
1999-07-03,0.05804756163837081
1999-07-04,0.0437022542462065
1999-07-05,0.16660932666516604
1999-07-06,0.12935280898459947
1999-07-07,0.09226410341187205
1999-07-08,0.13792419688420723
1999-07-09,0.1996127804042437
1999-07-10,0.17436190622944306
1999-07-11,0.09183188884861433
1999-07-12,0.051518808046484094
1999-07-13,0.11538698138955847
1999-07-14,0.08632413246801168
1999-07-15,0.16792910859398885
1999-07-16,0.15755560417069026
1999-07-17,0.07750289306230833
1999-07-18,0.1459139238726767
1999-07-19,0.2037996793845121
1999-07-20,0.09688798057983271
1999-07-21,0.08196550913959491
1999-07-22,0.05647895486221688
1999-07-23,0.0999668459951568
1999-07-24,0.15112600490933925
1999-07-25,0.13940158935782127
1999-07-26,0.0677501904550109
1999-07-27,0.08543899435414685
1999-07-28,0.09891001817137465
1999-07-29,0.09913159595169005
1999-07-30,0.08401628444659749
1999-07-31,0.05277507452360282
1999-08-01,0.0021440704127684423
1999-08-02,0.10257071367367429
1999-08-03,0.07865830519929645
1999-08-04,0.03713398326946007
1999-08-05,0.13806279186834294
1999-08-06,0.0767640512743149
1999-08-07,0.0068029328467769865
1999-08-08,0.2021612865508315
1999-08-09,0.10365016022771985
1999-08-10,0.145831130225641
1999-08-11,0.1714040809374972
1999-08-12,0.09766371455481719
1999-08-13,0.15122680991985876
1999-08-14,0.029736311400041543
1999-08-15,0.14014458630024074
1999-08-16,0.08478447511692322
1999-08-17,0.10826005211179111
1999-08-18,0.06583549670775077
1999-08-19,0.15374927905538677
1999-08-20,0.12180995970437716
1999-08-21,0.0
1999-08-22,0.10870650871922546
1999-08-23,0.057359708637321156
1999-08-24,0.16580672767677523
1999-08-25,0.13590371671400878
1999-08-26,0.05123748974577411
1999-08-27,0.07180884715564831
1999-08-28,0.012862610862792334
1999-08-29,0.1341747319299717
1999-08-30,0.06929602160585131
1999-08-31,0.0887336682096613
1999-09-01,0.07452125990991604
1999-09-02,0.0
1999-09-03,0.07954946403787072
1999-09-04,0.13944965608920723
1999-09-05,0.0
1999-09-06,0.12408586010579861
1999-09-07,0.147677647063714
1999-09-08,0.046378900775807516
1999-09-09,0.12303532817302815
1999-09-10,0.08462004970363761
1999-09-11,0.04758644757685093
1999-09-12,0.0
1999-09-13,0.09823670795398502
1999-09-14,0.08492770141619857
1999-09-15,0.14500083433135408
1999-09-16,0.08265414401224819
1999-09-17,0.03992688740633754
1999-09-18,0.0
1999-09-19,0.09019995714024795
1999-09-20,0.09139935901740338
1999-09-21,0.05711256441342258
1999-09-22,0.051776967324006676
1999-09-23,0.12873156145462217
1999-09-24,0.17690985402143888
1999-09-25,0.059298205166516536
1999-09-26,0.0
1999-09-27,0.09269489927876132
1999-09-28,0.10288342532743519
1999-09-29,0.09050017205921936
1999-09-30,0.0
1999-10-01,0.1471866612897233
1999-10-02,0.0
1999-10-03,0.01566414379195958
1999-10-04,0.0
1999-10-05,0.01002728400230525
1999-10-06,0.0
1999-10-07,0.1311832972747657
1999-10-08,0.19690102671859588
1999-10-09,0.11487626029860411
1999-10-10,0.06005693541271637
1999-10-11,0.18887438150237457
1999-10-12,0.14617329242622504
1999-10-13,0.05047029962837207
1999-10-14,0.10101215786172955
1999-10-15,0.15392308317466344
1999-10-16,0.04486469844025457
1999-10-17,0.09532373558998501
1999-10-18,0.05594913026622621
1999-10-19,0.05447249452139578
1999-10-20,0.10390388007372886
1999-10-21,0.10828283622356406
1999-10-22,0.0981894542569134
1999-10-23,0.07259655421108346
1999-10-24,0.20590418725402204
1999-10-25,0.07883320972337252
1999-10-26,0.11100692065980439
1999-10-27,0.12223414877229814
1999-10-28,0.0
1999-10-29,0.1558405913903061
1999-10-30,0.08826671036883002
1999-10-31,0.05768945438991613
1999-11-01,0.0484828875602267
1999-11-02,0.07496096629992238
1999-11-03,0.0
1999-11-04,0.0686296905257248
1999-11-05,0.08973426110827762
1999-11-06,0.16534004790531273
1999-11-07,0.0
1999-11-08,0.12258335357512878
1999-11-09,0.07298420852084192
1999-11-10,0.12365182821565525
1999-11-11,0.1326362268410399
1999-11-12,0.06966117571665509
1999-11-13,0.21588423724317807
1999-11-14,0.16748619322913355
1999-11-15,0.13226535211131807
1999-11-16,0.09695302273388144
1999-11-17,0.0758615413295491
1999-11-18,0.11177075948988804
1999-11-19,0.06119391279240592
1999-11-20,0.045980366140346327
1999-11-21,0.1690571572546524
1999-11-22,0.09462998329455145
1999-11-23,0.11114272752978757
1999-11-24,0.15571944394067452
1999-11-25,0.07634055013141397
1999-11-26,0.05110870671468158
1999-11-27,0.040871197919717855
1999-11-28,0.16710625581011518
1999-11-29,0.09659817851214414
1999-11-30,0.0
1999-12-01,0.0
1999-12-02,0.010815532913561146
1999-12-03,0.08050548319450263
1999-12-04,0.07439746907021465
1999-12-05,0.09194049571789006
1999-12-06,0.0036149121844468654
1999-12-07,0.09587556500759728
1999-12-08,0.14128649843389027
1999-12-09,0.09014012681091044
1999-12-10,0.13904466457927322
1999-12-11,0.1033964411481042
1999-12-12,0.17441478389468018
1999-12-13,0.026548908179965178
1999-12-14,0.1815201518204997
1999-12-15,0.1345905716920775
1999-12-16,0.06953601391501588
1999-12-17,0.16118964222064486
1999-12-18,0.14428958666795186
1999-12-19,0.2054124983737734
1999-12-20,0.2147913245783623
1999-12-21,0.1924090364498462
1999-12-22,0.167186001159985
1999-12-23,0.18745325735329402
1999-12-24,0.11082267606392461
1999-12-25,0.134281962847913
1999-12-26,0.0
1999-12-27,0.11555551765638275
1999-12-28,0.22169956694535023
1999-12-29,0.0
1999-12-30,0.17043610661096462
1999-12-31,0.12168596386220651
2000-01-01,0.019439855663964736
2000-01-02,0.09948354022988196
2000-01-03,0.09572198569735856
2000-01-04,0.15025199965041053
2000-01-05,0.0755348834400166
2000-01-06,0.11255076889872573
2000-01-07,0.15166445798781636
2000-01-08,0.1572168602463601
2000-01-09,0.16019211645340758
2000-01-10,0.05167243671909594
2000-01-11,0.10921544462827508
2000-01-12,0.18422146508666715
2000-01-13,0.026828636120325315
2000-01-14,0.10700742651322413
2000-01-15,0.024573525868817246
2000-01-16,0.13821977266427682
2000-01-17,0.022437506448872047
2000-01-18,0.09901973623302608
2000-01-19,0.24640536620370895
2000-01-20,0.12107512912598735
2000-01-21,0.12507360385768687
2000-01-22,0.2349100518126096
2000-01-23,0.1530159774773024
2000-01-24,0.04437626459785034
2000-01-25,0.08730694148206637
2000-01-26,0.1900025857214183
2000-01-27,0.17957669648924723
2000-01-28,0.0375910035113568
2000-01-29,0.06223784667138183
2000-01-30,0.05677549829992193
2000-01-31,0.07290340459616682
2000-02-01,0.03399797056695296
2000-02-02,0.06944003550015582
2000-02-03,0.028864595157477572
2000-02-04,0.034842904628822724
2000-02-05,0.022731152524033515
2000-02-06,0.12210421766399249
2000-02-07,0.04672304245501234
2000-02-08,0.11339617556632454
2000-02-09,0.13071115863770716
2000-02-10,0.19259879588239054
2000-02-11,0.10891824739121875
2000-02-12,0.09482199970101511
2000-02-13,0.0
2000-02-14,0.13639388935016966
2000-02-15,0.06895236027875656
2000-02-16,0.11998452725012781
2000-02-17,0.10366826699048544
2000-02-18,0.1311050530719766
2000-02-19,0.14698972378402353
2000-02-20,0.10765346399903564
2000-02-21,0.15779288234355743
2000-02-22,0.050393913872113935
2000-02-23,0.06300877185972148
2000-02-24,0.07067140178106462
2000-02-25,0.19683578157336062
2000-02-26,0.15197729884737585
2000-02-27,0.07551561173233931
2000-02-28,0.07059079867001038
2000-02-29,0.08949855045682432
2000-03-01,0.11781721146216118
2000-03-02,0.16008453284873128
2000-03-03,0.20385744971592454
2000-03-04,0.10304627671381192
2000-03-05,0.2614101649640549
2000-03-06,0.16038367325043912
2000-03-07,0.16947613893749344
2000-03-08,0.16606600312374006
2000-03-09,0.20085618376985032
2000-03-10,0.2052821488755419
2000-03-11,0.03883541776511752
2000-03-12,0.19228157643733718
2000-03-13,0.21412349329295224
2000-03-14,0.13373256748097653
2000-03-15,0.08006895191824547
2000-03-16,0.09602461066002141
2000-03-17,0.14730935248077903
2000-03-18,0.2258435562569952
2000-03-19,0.0661471441851735
2000-03-20,0.08073629933146692
2000-03-21,0.11163965503744212
2000-03-22,0.08178740337089585
2000-03-23,0.061402647220082755
2000-03-24,0.03651693279116891
2000-03-25,0.11777129256347468
2000-03-26,0.25769167406376214
2000-03-27,0.16894408471843014
2000-03-28,0.18512740303028993
2000-03-29,0.08081195535222827
2000-03-30,0.07143408813347629
2000-03-31,0.11428264622974431
2000-04-01,0.21485621892047643
2000-04-02,0.1669521699619356
2000-04-03,0.2766122583648168
2000-04-04,0.12014452134861933
2000-04-05,0.11502548890865225
2000-04-06,0.25256529916600995
2000-04-07,0.23164035922495496
2000-04-08,0.178090033505855
2000-04-09,0.23679740240892155
2000-04-10,0.09091182833988638
2000-04-11,0.1960459844354479
2000-04-12,0.14653314916195492
2000-04-13,0.1267558062180133
2000-04-14,0.1060715756629408
2000-04-15,0.1876790961682227
2000-04-16,0.16526146389852497
2000-04-17,0.21036002619207034
2000-04-18,0.1434734257666659
2000-04-19,0.18508968415101026
2000-04-20,0.046981569790920386
2000-04-21,0.10556617119891341
2000-04-22,0.1512302786150739
2000-04-23,0.0
2000-04-24,0.10834450825794494
2000-04-25,0.11812225194048051
2000-04-26,0.0613050938112257
2000-04-27,0.15195837785428978
2000-04-28,0.13705550794224075
2000-04-29,0.05399448172795639
2000-04-30,0.05215981090630233
2000-05-01,0.02412972685306078
2000-05-02,0.10021940334026273
2000-05-03,0.07466528074869726
2000-05-04,0.055016475324450885
2000-05-05,0.11364917401972978
2000-05-06,0.051847672559282715
2000-05-07,0.03485692982671011
2000-05-08,0.11076969533684367
2000-05-09,0.12869248435486813
2000-05-10,0.05359719393520805
2000-05-11,0.10253572044110715
2000-05-12,0.17670002830793666
2000-05-13,0.18304730045094744
2000-05-14,0.2013006168136498
2000-05-15,0.1528995194286273
2000-05-16,0.1631788253222507
2000-05-17,0.27384235560419096
2000-05-18,0.17709287945843388
2000-05-19,0.21097341874458803
2000-05-20,0.12718576155022326
2000-05-21,0.12278927206895315
2000-05-22,0.08074932696550025
2000-05-23,0.1512997199852826
2000-05-24,0.08920345689417239
2000-05-25,0.13777385363735276
2000-05-26,0.12852641469523884
2000-05-27,0.13170118761437816
2000-05-28,0.25155480502453575
2000-05-29,0.09638529204800111
2000-05-30,0.1267839306964819
2000-05-31,0.1621727764388965
2000-06-01,0.09604156682342002
2000-06-02,0.16196447529109392
2000-06-03,0.2142632641743528
2000-06-04,0.17912798637176858
2000-06-05,0.05364132036866929
2000-06-06,0.043299879369278836
2000-06-07,0.0
2000-06-08,0.06293581747454749
2000-06-09,0.10395918758956554
2000-06-10,0.1338849810124643
2000-06-11,0.16313654306610004
2000-06-12,0.028202301285730688
2000-06-13,0.13088869609290077
2000-06-14,0.09740269461131082
2000-06-15,0.15555346172246276
2000-06-16,0.24666187151386906
2000-06-17,0.18639764690962887
2000-06-18,0.19318813495242576
2000-06-19,0.1750691134610732
2000-06-20,0.13445955947739938
2000-06-21,0.12094671465404622
2000-06-22,0.27054298181982506
2000-06-23,0.19613034053433637
2000-06-24,0.19232709981277785
2000-06-25,0.15048760126547722
2000-06-26,0.03427206543772243
2000-06-27,0.06484855021770639
2000-06-28,0.11320761275402605
2000-06-29,0.03848304550553369
2000-06-30,0.10699189216107761
2000-07-01,0.05259479749434319
2000-07-02,0.12824701377174785
2000-07-03,0.046562756603599306
2000-07-04,0.1815796824698428
2000-07-05,0.19607862359815578
2000-07-06,0.16104354424025027
2000-07-07,0.10306815693440402
2000-07-08,0.06848997578384988
2000-07-09,0.1618333126525459
2000-07-10,0.17138556698282253
2000-07-11,0.06862164484853511
2000-07-12,0.03394610694881861
2000-07-13,0.0
2000-07-14,0.07328821413762768
2000-07-15,0.01785557946736504
2000-07-16,0.044420387447779555
2000-07-17,0.13241986717315316
2000-07-18,0.024408420105773848
2000-07-19,0.18613969616640505
2000-07-20,0.04891125604238854
2000-07-21,0.013502498189374254
2000-07-22,0.061191146689367086
2000-07-23,0.09590746725858473
2000-07-24,0.09548530183429106
2000-07-25,0.09642607584033444
2000-07-26,0.07396277615240975
2000-07-27,0.08904075864417298
2000-07-28,0.0580262632487481
2000-07-29,0.12606502904188507
2000-07-30,0.16939194355593645
2000-07-31,0.1241715165539673
2000-08-01,0.06799301709934018
2000-08-02,0.09089506510511916
2000-08-03,0.14550257889591273
2000-08-04,0.05270944039457648
2000-08-05,0.0
2000-08-06,0.07396111879401068
2000-08-07,0.08999517771252327
2000-08-08,0.1039842927911437
2000-08-09,0.09100121312557773
2000-08-10,0.06767108339135473
2000-08-11,0.05337491113956313
2000-08-12,0.02309453960464338
2000-08-13,0.0933553177175317
2000-08-14,0.13241710578359633
2000-08-15,0.05338448616235683
2000-08-16,0.05134132724143621
2000-08-17,0.0190669867546166
2000-08-18,0.126136687416015
2000-08-19,0.030989744310312897
2000-08-20,0.0822417242958072
2000-08-21,0.12928212198258626
2000-08-22,0.014147776851623557
2000-08-23,0.09435044437484044
2000-08-24,0.046587195026747553
2000-08-25,0.17593032294062705
2000-08-26,0.04500283041757706
2000-08-27,0.08073275866389044
2000-08-28,0.11747807973518709
2000-08-29,0.05705906659616077
2000-08-30,0.0682436698118781
2000-08-31,0.08071472593090748
2000-09-01,0.13712038819309713
2000-09-02,0.18194659039863942
2000-09-03,0.15793172808223602
2000-09-04,0.14663630236370123
2000-09-05,0.0
2000-09-06,0.07506523032677502
2000-09-07,0.06830432637739377
2000-09-08,0.13288876088699852
2000-09-09,0.026441794086450282
2000-09-10,0.1272509694057991
2000-09-11,0.0
2000-09-12,0.12513759116410644
2000-09-13,0.0
2000-09-14,0.12542794702866852
2000-09-15,0.15300860750304968
2000-09-16,0.10963484963214454
2000-09-17,0.15170704240216484
2000-09-18,0.11235582625205043
2000-09-19,0.0114001695720118
2000-09-20,0.10600940806468497
2000-09-21,0.1484498346795753
2000-09-22,0.07852597220256102
2000-09-23,0.11532553284630798
2000-09-24,0.03054430797285368
2000-09-25,0.12263107831037418
2000-09-26,0.07389944638104869
2000-09-27,0.06859712089262189
2000-09-28,0.0893153507725302
2000-09-29,0.1669924277258902
2000-09-30,0.09861632631323206
2000-10-01,0.01180330138914009
2000-10-02,0.026100898842817723
2000-10-03,0.061061018537849995
2000-10-04,0.08936029823315945
2000-10-05,0.005539111728291357
2000-10-06,0.07099013247793638
2000-10-07,0.10113606272398162
2000-10-08,0.04371717685681592
2000-10-09,0.1688197983565585
2000-10-10,0.020681144823265073
2000-10-11,0.07118221585295215
2000-10-12,0.0
2000-10-13,0.043125126712786774
2000-10-14,0.05630900561265834
2000-10-15,0.03553610256922589
2000-10-16,0.033594994283559255
2000-10-17,0.0842308194617162
2000-10-18,0.1422161265072311
2000-10-19,0.0
2000-10-20,0.0
2000-10-21,0.07611583051827077
2000-10-22,0.09084851940123437
2000-10-23,0.057068541677398575
2000-10-24,0.09017212957370371
2000-10-25,0.10014453513549257
2000-10-26,0.11578348618399142
2000-10-27,0.12306303311561556
2000-10-28,0.0
2000-10-29,0.015105373748857731
2000-10-30,0.0032022078775855514
2000-10-31,0.13101491360470835
2000-11-01,0.04580132865715352
2000-11-02,0.08419092913829801
2000-11-03,0.0
2000-11-04,0.04148673361834755
2000-11-05,0.031835326128058686
2000-11-06,0.16002618641840474
2000-11-07,0.03942782813845238
2000-11-08,0.20813706092285367
2000-11-09,0.11443998574273047
2000-11-10,0.04792673295645493
2000-11-11,0.09274346586255569
2000-11-12,0.03628891346320158
2000-11-13,0.01614683677010502
2000-11-14,0.09225447241333512
2000-11-15,0.11954587506381978
2000-11-16,0.08649463157683032
2000-11-17,0.0
2000-11-18,0.013276388042190217
2000-11-19,0.1246377669534918
2000-11-20,0.1005111981090317
2000-11-21,0.08847843341187836
2000-11-22,0.0990360739069604
2000-11-23,0.11799056651329945
2000-11-24,0.09744946764955387
2000-11-25,0.19228768584494976
2000-11-26,0.05168025072595753
2000-11-27,0.1511136942370779
2000-11-28,0.12349905060742213
2000-11-29,0.02378650664541064
2000-11-30,0.0
2000-12-01,0.09464557341617177
2000-12-02,0.1389804350612823
2000-12-03,0.18182340639844205
2000-12-04,0.07106279182958702
2000-12-05,0.12943205101297287
2000-12-06,0.07813429183776932
2000-12-07,0.16997671108130216
2000-12-08,0.08449779953097523
2000-12-09,0.07020484629905388
2000-12-10,0.09595439990085881
2000-12-11,0.10335773738187987
2000-12-12,0.15006392979104316
2000-12-13,0.06774610443407905
2000-12-14,0.0764084322905631
2000-12-15,0.0
2000-12-16,0.0019475890754030584
2000-12-17,0.0557956235054637
2000-12-18,0.07584459659985028
2000-12-19,0.03233466289022968
2000-12-20,0.08474417323293473
2000-12-21,0.12995711770392754
2000-12-22,0.2126967112251706
2000-12-23,0.09317562197180293
2000-12-24,0.17617205425184618
2000-12-25,0.10751902002600185
2000-12-26,0.0896653730946474
2000-12-27,0.14166967795379404
2000-12-28,0.12327266115836519
2000-12-29,0.07651419187047279
2000-12-30,0.10140177423023376
2000-12-31,0.05642343922885357
2001-01-01,0.14709176254809855
2001-01-02,0.18471277935095423
2001-01-03,0.2082455312470766
2001-01-04,0.11527716173715719
2001-01-05,0.006238788712074117
2001-01-06,0.24257365564674555
2001-01-07,0.130748829417204
2001-01-08,0.15310435703470665
2001-01-09,0.07971663468868811
2001-01-10,0.0
2001-01-11,0.0
2001-01-12,0.10627374991872737
2001-01-13,0.10948168125349352
2001-01-14,0.17793511563437892
2001-01-15,0.10512931897243075
2001-01-16,0.13342154860855263
2001-01-17,0.05788428720949125
2001-01-18,0.06317537730105875
2001-01-19,0.040350994073195104
2001-01-20,0.12302911978034196
2001-01-21,0.08138891272992387
2001-01-22,0.09731996423991213
2001-01-23,0.014106444080764016
2001-01-24,0.07387554673542837
2001-01-25,0.09206846439593158
2001-01-26,0.0
2001-01-27,0.16438018741791824
2001-01-28,0.26542444874430693
2001-01-29,0.19654158089560414
2001-01-30,0.1411264890692795
2001-01-31,0.14911147816486967
2001-02-01,0.15846461230922032
2001-02-02,0.11570931937123606
2001-02-03,0.16000594653706712
2001-02-04,0.03379471536686417
2001-02-05,0.11795564117097425
2001-02-06,0.12849407252180206
2001-02-07,0.11786944534432459
2001-02-08,0.1467960521201723
2001-02-09,0.1648624050512557
2001-02-10,0.07388783717947003
2001-02-11,0.01757681245983176
2001-02-12,0.13675311740069776
2001-02-13,0.10183612799529235
2001-02-14,0.11388431834217251
2001-02-15,0.13245090147461364
2001-02-16,0.1026461997544496
2001-02-17,0.11806052732844954
2001-02-18,0.1712845886987256
2001-02-19,0.04628225586016308
2001-02-20,0.12403099142925683
2001-02-21,0.17543320015509173
2001-02-22,0.018057412752118557
2001-02-23,0.23298570169993565
2001-02-24,0.20002182633858182
2001-02-25,0.21807989767251745
2001-02-26,0.07118557411253387
2001-02-27,0.20884169344585096
2001-02-28,0.13728576442395243
2001-03-01,0.007889339808415441
2001-03-02,0.0588434659981069
2001-03-03,0.045848883867551496
2001-03-04,0.03989258794037348
2001-03-05,0.030996501993998088
2001-03-06,0.16099231367925604
2001-03-07,0.12458065900623928
2001-03-08,0.11921902505080913
2001-03-09,0.21733962713820523
2001-03-10,0.17889233724244105
2001-03-11,0.09409077828638769
2001-03-12,0.11482782776481457
2001-03-13,0.08327158355854948
2001-03-14,0.16072736418577788
2001-03-15,0.29053698789058513
2001-03-16,0.13563658637782794
2001-03-17,0.24837323935499028
2001-03-18,0.08419927719672546
2001-03-19,0.06589029114258284
2001-03-20,0.13787632861298732
2001-03-21,0.2581097002788245
2001-03-22,0.06731699263301288
2001-03-23,0.18145014540285856
2001-03-24,0.1988360202207285
2001-03-25,0.15969642593218678
2001-03-26,0.01064340083404397
2001-03-27,0.07303095707042553
2001-03-28,0.0054598142587241605
2001-03-29,0.09846244975087855
2001-03-30,0.10738093648921393
2001-03-31,0.1256054211640126
2001-04-01,0.025682299252385563
2001-04-02,0.031118579557808994
2001-04-03,0.12006811957978675
2001-04-04,0.16683103164022828
2001-04-05,0.199729799717066
2001-04-06,0.17522073330562887
2001-04-07,4.61907647008597e-05
2001-04-08,0.15479060797621402
2001-04-09,0.1399832740003094
2001-04-10,0.16182254541850882
2001-04-11,0.08746777296277508
2001-04-12,0.07489784449991183
2001-04-13,0.13778723663771852
2001-04-14,0.13854049263177556
2001-04-15,0.16089027657959873
2001-04-16,0.1750873820049809
2001-04-17,0.08958519636647819
2001-04-18,0.12111413545399174
2001-04-19,0.10158821113580974
2001-04-20,0.16393264455952244
2001-04-21,0.17417710335186293
2001-04-22,0.163880203718412
2001-04-23,0.1740724382417259
2001-04-24,0.05954249751650198
2001-04-25,0.12211338690097144
2001-04-26,0.1741016425228616
2001-04-27,0.1726154027297328
2001-04-28,0.13286944890907498
2001-04-29,0.11159248156572156
2001-04-30,0.09247433819891873
2001-05-01,0.07293869268986461
2001-05-02,0.06642818747092752
2001-05-03,0.26430185256506045
2001-05-04,0.17412444368234756
2001-05-05,0.1673251480683488
2001-05-06,0.16239334136583472
2001-05-07,0.255787703083062
2001-05-08,0.18361295604838007
2001-05-09,0.061962314412486286
2001-05-10,0.10850807624852818
2001-05-11,0.1583789006875336
2001-05-12,0.1674428766780573
2001-05-13,0.1543401158208211
2001-05-14,0.07021631256585062
2001-05-15,0.09839524253739129
2001-05-16,0.11611633566057386
2001-05-17,0.08335235706719786
2001-05-18,0.16966530508691524
2001-05-19,0.07909299777516626
2001-05-20,0.16470044766699182
2001-05-21,0.10476687575669641
2001-05-22,0.08327636230399552
2001-05-23,0.13740672484901484
2001-05-24,0.03326445151225693
2001-05-25,0.11473319104785448
2001-05-26,0.2020851681663326
2001-05-27,0.05131877636681189
2001-05-28,0.19394924863628868
2001-05-29,0.05951707363492216
2001-05-30,0.10718799333120944
2001-05-31,0.01807109593217862
2001-06-01,0.18157775933329043
2001-06-02,0.06651149436917411
2001-06-03,0.10219840950893386
2001-06-04,0.04764678513188918
2001-06-05,0.07080811518080525
2001-06-06,0.08353626617601687
2001-06-07,0.054185947072274934
2001-06-08,0.06008508559571411
2001-06-09,0.08685906425896826
2001-06-10,0.09736324157915972
2001-06-11,0.14929354598114275
2001-06-12,0.19407599631875191
2001-06-13,0.18181822698078387
2001-06-14,0.1558179775825289
2001-06-15,0.1285285493720169
2001-06-16,0.09430713493196943
2001-06-17,0.01039946296145855
2001-06-18,0.11933217687630039
2001-06-19,0.14484605348831453
2001-06-20,0.0782385939773417
2001-06-21,0.0831814329222815
2001-06-22,0.17731597062801402
2001-06-23,0.17465632967536354
2001-06-24,0.028271695530800722
2001-06-25,0.2243467115561814
2001-06-26,0.10262217839574095
2001-06-27,0.13819607169735976
2001-06-28,0.08288227011734879
2001-06-29,0.10777602905332832
2001-06-30,0.11682224767951305
2001-07-01,0.05448237650207049
2001-07-02,0.17957750802075695
2001-07-03,0.07839939888996153
2001-07-04,0.03792183682076476
2001-07-05,0.0
2001-07-06,0.08575332845811293
2001-07-07,0.10909599911693604
2001-07-08,0.027767895655525232
2001-07-09,0.1215744551644541
2001-07-10,0.17891664335690907
2001-07-11,0.10370574627172183
2001-07-12,0.17711297742518892
2001-07-13,0.1326378650204862
2001-07-14,0.10033815013611795
2001-07-15,0.08448120175972554
2001-07-16,0.12932229932208297
2001-07-17,0.003550594309799898
2001-07-18,0.16051511831316778
2001-07-19,0.13546058015305348
2001-07-20,0.025252793314599585
2001-07-21,0.033915698158783994
2001-07-22,0.1413593058775083
2001-07-23,0.06974458439351496
2001-07-24,0.06461434906230258
2001-07-25,0.05618470625791776
2001-07-26,0.0054031363329512805
2001-07-27,0.0992534821258512
2001-07-28,0.10652646953041184
2001-07-29,0.07008952162202227
2001-07-30,0.0
2001-07-31,0.07257079948888405
2001-08-01,0.09322853432792719
2001-08-02,0.08476869228530505
2001-08-03,0.11796118626372185
2001-08-04,0.12127123515640227
2001-08-05,0.07704694192244012
2001-08-06,0.0
2001-08-07,0.040100775387643145
2001-08-08,0.051734287658651845
2001-08-09,0.05853169523924735
2001-08-10,0.09629428213762628
2001-08-11,0.06454299350406745
2001-08-12,0.07212761679313029
2001-08-13,0.1102924592140089
2001-08-14,0.03890063841979272
2001-08-15,0.09656627575284607
2001-08-16,0.0986933000800066
2001-08-17,0.1150798165745895
2001-08-18,0.11838079051428396
2001-08-19,0.059597279329770846
2001-08-20,0.0
2001-08-21,0.018704688568183317
2001-08-22,0.09108484667653097
2001-08-23,0.02814897927690086
2001-08-24,0.01683088479406586
2001-08-25,0.040352072415193646
2001-08-26,0.10483103992686046
2001-08-27,0.06865879150071738
2001-08-28,0.13857908631592364
2001-08-29,0.07222016588078359
2001-08-30,0.10748872047507003
2001-08-31,0.06947220172040931
2001-09-01,0.013003115688039982
2001-09-02,0.0846406537558528
2001-09-03,0.06529649454774931
2001-09-04,0.10223795485109136
2001-09-05,0.07378987260947721
2001-09-06,0.08367701123620376
2001-09-07,0.11265298509453223
2001-09-08,0.04840941610829256
2001-09-09,0.10252649577175668
2001-09-10,0.15249683719595908
2001-09-11,0.05839404047823582
2001-09-12,0.0563491530781354
2001-09-13,0.046197175351399083
2001-09-14,0.0
2001-09-15,0.16158223407465966
2001-09-16,0.23558317168604717
2001-09-17,0.09399468657084108
2001-09-18,0.07062884983887881
2001-09-19,0.17362550548611766
2001-09-20,0.1048580664428915
2001-09-21,0.034615742228127834
2001-09-22,0.017941289708854218
2001-09-23,0.09355725216833456
2001-09-24,0.06997860543589685
2001-09-25,0.10700809351332641
2001-09-26,0.09384766280789483
2001-09-27,0.02116892787413885
2001-09-28,0.05193370933843408
2001-09-29,0.04203993535109117
2001-09-30,0.10941988634260513
2001-10-01,0.08161824168274909
2001-10-02,0.06499116965449059
2001-10-03,0.060237668260048755
2001-10-04,0.10492401833951812
2001-10-05,0.055914942163088927
2001-10-06,0.016311685466504924
2001-10-07,0.0
2001-10-08,0.0
2001-10-09,0.09919666457116633
2001-10-10,0.04124261746718128
2001-10-11,0.18199919314769963
2001-10-12,0.12257862089707361
2001-10-13,0.03591356019989422
2001-10-14,0.03277373883206933
2001-10-15,0.0
2001-10-16,0.035613186555546766
2001-10-17,0.14353922381593745
2001-10-18,0.12213527340452401
2001-10-19,0.12282786011398009
2001-10-20,0.1030897076197131
2001-10-21,0.04663086916273107
2001-10-22,0.05081799832660954
2001-10-23,0.07467560246445801
2001-10-24,0.04274895951292952
2001-10-25,0.016583578754988886
2001-10-26,0.05148515330556489
2001-10-27,0.0
2001-10-28,0.07362726436438814
2001-10-29,0.006859342728888135
2001-10-30,0.09560209211423534
2001-10-31,0.00039618562374970495
2001-11-01,0.052833777723885894
2001-11-02,0.07207407670705249
2001-11-03,0.07467522159901539
2001-11-04,0.10396863557449934
2001-11-05,0.07923426806844883
2001-11-06,0.03040317683709659
2001-11-07,0.01031457414028674
2001-11-08,0.0
2001-11-09,0.009482849109583268
2001-11-10,0.16507737264759414
2001-11-11,0.03956237454559413
2001-11-12,0.11753217112346598
2001-11-13,0.06181029693843083
2001-11-14,0.09660538831682973
2001-11-15,0.1133625308788671
2001-11-16,0.09478109236038278
2001-11-17,0.023428705326169738
2001-11-18,0.12358154866262619
2001-11-19,0.12297462800262017
2001-11-20,0.08905624786105065
2001-11-21,0.0
2001-11-22,0.059048707737083345
2001-11-23,0.17937240457467035
2001-11-24,0.10962009130802364
2001-11-25,0.013092079601451756
2001-11-26,0.12388777414635509
2001-11-27,0.02161160074401027
2001-11-28,0.08060699163135887
2001-11-29,0.07500882338642922
2001-11-30,0.02793899020217716
2001-12-01,0.0992198549123348
2001-12-02,0.11522961466444087
2001-12-03,0.02640628190264633
2001-12-04,0.12579581579997892
2001-12-05,0.07912217667129406
2001-12-06,0.06440082933767075
2001-12-07,0.12528506619041582
2001-12-08,0.07564735647579737
2001-12-09,0.14119952730651242
2001-12-10,0.036221340634073104
2001-12-11,0.1369198641558078
2001-12-12,0.1698713150046715
2001-12-13,0.11299658896107478
2001-12-14,0.019602368535704615
2001-12-15,0.04360076882867059
2001-12-16,0.12554108549957813
2001-12-17,0.04754254528340032
2001-12-18,0.025941285445335915
2001-12-19,0.04265832599403336
2001-12-20,0.06606974096021231
2001-12-21,0.12827709682188354
2001-12-22,0.0
2001-12-23,0.14492901717039203
2001-12-24,0.17156904919204358
2001-12-25,0.1270955870433919
2001-12-26,0.22114050288179998
2001-12-27,0.08261036376807485
2001-12-28,0.13286187451024595
2001-12-29,0.07752802835807417
2001-12-30,0.06531936659242202
2001-12-31,0.0
2002-01-01,0.10078833039698265
2002-01-02,0.1887335859732887
2002-01-03,0.03648698072699792
2002-01-04,0.2641591098820112
2002-01-05,0.19883530631535137
2002-01-06,0.09427163274603209
2002-01-07,0.13912069741456415
2002-01-08,0.14711735486975613
2002-01-09,0.0946918661981707
2002-01-10,0.09052527965047534
2002-01-11,0.18995873526179002
2002-01-12,0.08326425185307046
2002-01-13,0.09951790238137005
2002-01-14,0.16463635667069193
2002-01-15,0.09468247537354774
2002-01-16,0.11378477565385538
2002-01-17,0.03925351367346795
2002-01-18,0.023225750655105848
2002-01-19,0.10097095598948382
2002-01-20,0.07313933469384246
2002-01-21,0.14661200542309116
2002-01-22,0.07428460026462357
2002-01-23,0.15130978504311077
2002-01-24,0.15739110330543316
2002-01-25,0.02993133697777456
2002-01-26,0.09712561273508574
2002-01-27,0.04263229293327839
2002-01-28,0.1301198147621426
2002-01-29,0.1349832103183262
2002-01-30,0.10109673050077413
2002-01-31,0.0
2002-02-01,0.15589861882758477
2002-02-02,0.09594204471702554
2002-02-03,0.202286367807937
2002-02-04,0.09177245270447165
2002-02-05,0.10198732750583753
2002-02-06,0.11829189623556209
2002-02-07,0.20309155747555702
2002-02-08,0.21653086326113508
2002-02-09,0.12447341697038922
2002-02-10,0.057638737470684515
2002-02-11,0.14858545552015612
2002-02-12,0.08144918016929434
2002-02-13,0.17792630257366387
2002-02-14,0.14388884366345903
2002-02-15,0.19048534386493643
2002-02-16,0.16691633250518606
2002-02-17,0.11886504393769529
2002-02-18,0.08839839115794713
2002-02-19,0.06571287243077045
2002-02-20,0.06764121149087315
2002-02-21,0.08389588790842359
2002-02-22,0.03004547830185489
2002-02-23,0.04974617618937581
2002-02-24,0.05263454559031362
2002-02-25,0.12779414715455684
2002-02-26,0.08634665388669185
2002-02-27,0.12850815913734176
2002-02-28,0.06291022979802742
2002-03-01,0.013466319090499078
2002-03-02,0.0926146630591207
2002-03-03,0.04472273312269803
2002-03-04,0.03862538171672537
2002-03-05,0.02329727882796777
2002-03-06,0.0977277829288962
2002-03-07,0.13163635127207504
2002-03-08,0.17215211626828714
2002-03-09,0.20621988668571806
2002-03-10,0.11731691765965122
2002-03-11,0.24123969032017567
2002-03-12,0.11582247184716687
2002-03-13,0.14147720769391506
2002-03-14,0.04089733181153664
2002-03-15,0.11196329142386079
2002-03-16,0.10989128413078128
2002-03-17,0.11903447234513431
2002-03-18,0.14891655547770483
2002-03-19,0.22764823881373109
2002-03-20,0.18996397949725174
2002-03-21,0.14265214241977367
2002-03-22,0.13463681512732883
2002-03-23,0.2075693347637206
2002-03-24,0.07734549897638315
2002-03-25,0.14479342531488348
2002-03-26,0.06129548619078654
2002-03-27,0.15630509499279296
2002-03-28,0.08972322538245187
2002-03-29,0.08277092955667723
2002-03-30,0.08534715479403349
2002-03-31,0.11496203682294
2002-04-01,0.1925710715037488
2002-04-02,0.20324474791166158
2002-04-03,0.1372376231077291
2002-04-04,0.1255310470523086
2002-04-05,0.2550686925501104
2002-04-06,0.18518947925898277
2002-04-07,0.12443341987095496
2002-04-08,0.18122626706630063
2002-04-09,0.16675123956543797
2002-04-10,0.09662854790629499
2002-04-11,0.11058336599692534
2002-04-12,0.038397513434595076
2002-04-13,0.057192618182082336
2002-04-14,0.05447246084189809
2002-04-15,0.07134969468467475
2002-04-16,0.1427103848677302
2002-04-17,0.10360970910025719
2002-04-18,0.0464892895095111
2002-04-19,0.10836298790143392
2002-04-20,0.15079956640429565
2002-04-21,0.04393058548089597
2002-04-22,0.002552461031694611
2002-04-23,0.057825053278241306
2002-04-24,0.1682434122250462
2002-04-25,0.19573421062382956
2002-04-26,0.1509569695361866
2002-04-27,0.14589404553459
2002-04-28,0.007435227996848107
2002-04-29,0.05152206424127761
2002-04-30,0.03827929241851518
2002-05-01,0.10696282413483704
2002-05-02,0.07438694733443497
2002-05-03,0.0
2002-05-04,0.1592471578054906
2002-05-05,0.1890038114380975
2002-05-06,0.20198751125245296
2002-05-07,0.10729017475911201
2002-05-08,0.19677054775998679
2002-05-09,0.09438711467396398
2002-05-10,0.054232382824144554
2002-05-11,0.18200440116961672
2002-05-12,0.14335159737272185
2002-05-13,0.17223165743980065
2002-05-14,0.14835066577632275
2002-05-15,0.2806067364989101
2002-05-16,0.1558507021376897
2002-05-17,0.10748189027180322
2002-05-18,0.1022325395843212
2002-05-19,0.03022889336258608
2002-05-20,0.04970239489282178
2002-05-21,0.09199907855093674
2002-05-22,0.1813629123536633
2002-05-23,0.09972366152343735
2002-05-24,0.15054170114805915
2002-05-25,0.09719040711711036
2002-05-26,0.06348362062087756
2002-05-27,0.17142897636940196
2002-05-28,0.0815806071835872
2002-05-29,0.07986533078507291
2002-05-30,0.2067505535063796
2002-05-31,0.1140593490803062
2002-06-01,0.03875623705364732
2002-06-02,0.1001189937868851
2002-06-03,0.12926134931660047
2002-06-04,0.09315577623460264
2002-06-05,0.23519971437383125
2002-06-06,0.2052686425893691
2002-06-07,0.17345212544213925
2002-06-08,0.0770380820524276
2002-06-09,0.1285221225252494
2002-06-10,0.16912902327277987
2002-06-11,0.11437264684592885
2002-06-12,0.13694281416963966
2002-06-13,0.1954425860111275
2002-06-14,0.12099529710143181
2002-06-15,0.15373173901747872
2002-06-16,0.07969131181885454
2002-06-17,0.03156330792618039
2002-06-18,0.03937799425266879
2002-06-19,0.11670854848651191
2002-06-20,0.05874773395218162
2002-06-21,0.09907913355620224
2002-06-22,0.09385551538930692
2002-06-23,0.06584680903858517
2002-06-24,0.17048319626308606
2002-06-25,0.08189699479351864
2002-06-26,0.07621947553276709
2002-06-27,0.10244409997919889
2002-06-28,0.07612726177427018
2002-06-29,0.0960558471558892
2002-06-30,0.04706335520450568
2002-07-01,0.1014578997079271
2002-07-02,0.07491594392317324
2002-07-03,0.15235395560163958
2002-07-04,0.14704838460895533
2002-07-05,0.12511259294528854
2002-07-06,0.06458086860178512
2002-07-07,0.1110606957495735
2002-07-08,0.09312345435435329
2002-07-09,0.025595286187923588
2002-07-10,0.0
2002-07-11,0.0
2002-07-12,0.08146309086138749
2002-07-13,0.06485127108507344
2002-07-14,0.046044160791412894
2002-07-15,0.029230858756316938
2002-07-16,0.02169193619373668
2002-07-17,0.08068000363109253
2002-07-18,0.0
2002-07-19,0.11463593872004818
2002-07-20,0.07041162473254324
2002-07-21,0.16373985397727758
2002-07-22,0.11051585676445326
2002-07-23,0.01666151689577837
2002-07-24,0.0
2002-07-25,0.019177111895067128
2002-07-26,0.10809292863348129
2002-07-27,0.03667904309024729
2002-07-28,0.0965340691615816
2002-07-29,0.13896789348414967
2002-07-30,0.06374299583696318
2002-07-31,0.03791995403245298
2002-08-01,0.0
2002-08-02,0.1372407210594711
2002-08-03,0.14718067582601704
2002-08-04,0.10259999433505865
2002-08-05,0.05686882973598174
2002-08-06,0.06910518514874493
2002-08-07,0.10913249809066919
2002-08-08,0.10108992601430823
2002-08-09,0.0
2002-08-10,0.12035501948712632
2002-08-11,0.14802621192148147
2002-08-12,0.11997975689736957
2002-08-13,0.09745371634589027
2002-08-14,0.1587300179466143
2002-08-15,0.03599528965624958
2002-08-16,0.08512540601711392
2002-08-17,0.08620010428193864
2002-08-18,0.17836680907263489
2002-08-19,0.09257318230065369
2002-08-20,0.061932968088856705
2002-08-21,0.009008451448296553
2002-08-22,0.0527717635984791
2002-08-23,0.04551654289793
2002-08-24,0.13707601947420867
2002-08-25,0.12506280821512222
2002-08-26,0.10137150973308079
2002-08-27,0.11471264060901366
2002-08-28,0.019451557871854784
2002-08-29,0.0
2002-08-30,0.13270146080674183
2002-08-31,0.08881268904508645
2002-09-01,0.14699200008344504
2002-09-02,0.09964106099785826
2002-09-03,0.07343149257875309
2002-09-04,0.07622204992934285
2002-09-05,0.12461141348218292
2002-09-06,0.06869126835719132
2002-09-07,0.1082816924537819
2002-09-08,0.09191544708554987
2002-09-09,0.0
2002-09-10,0.0
2002-09-11,0.06518919565095779
2002-09-12,0.0357143147344644
2002-09-13,0.026551373608379218
2002-09-14,0.11449196603204585
2002-09-15,0.0
2002-09-16,0.053525863129226414
2002-09-17,0.010234572471971494
2002-09-18,0.14011423816797045
2002-09-19,0.17534592131379698
2002-09-20,0.025695543097284786
2002-09-21,0.0894672581093173
2002-09-22,0.12306673878949684
2002-09-23,0.10573465828137063
2002-09-24,0.10692290595088472
2002-09-25,0.0
2002-09-26,0.10391265865481283
2002-09-27,0.06344952562180652
2002-09-28,0.03457283482141698
2002-09-29,0.06622513922186783
2002-09-30,0.09035600896997331
2002-10-01,0.04917481944478807
2002-10-02,0.027976578278600218
2002-10-03,0.0
2002-10-04,0.07064686676497711
2002-10-05,0.07375222565927816
2002-10-06,0.057419954469606446
2002-10-07,0.07942517826809008
2002-10-08,0.08262568011974553
2002-10-09,0.10716074136964307
2002-10-10,0.08077473383448514
2002-10-11,0.1728707170947943
2002-10-12,0.10416602107820769
2002-10-13,0.10420057896482471
2002-10-14,0.12862986987581732
2002-10-15,0.12410117406448279
2002-10-16,0.18618626499942187
2002-10-17,0.16270267688444867
2002-10-18,0.10898441436872072
2002-10-19,0.01908221951105056
2002-10-20,0.1045378392013862
2002-10-21,0.10281615075336441
2002-10-22,0.08286686735044799
2002-10-23,0.10835489065857379
2002-10-24,0.0453994360878235
2002-10-25,0.0
2002-10-26,0.033070760567005864
2002-10-27,0.0
2002-10-28,0.13311938423653139
2002-10-29,0.10077877053261748
2002-10-30,0.15368706998874146
2002-10-31,0.14396178445528215
2002-11-01,0.05839898371791853
2002-11-02,0.03425475328622617
2002-11-03,0.024656096386079976
2002-11-04,0.16813624721033005
2002-11-05,0.06751730519702766
2002-11-06,0.07581699395647042
2002-11-07,0.11797037436676369
2002-11-08,0.004952162900125304
2002-11-09,0.07964919387043674
2002-11-10,0.07199682421001877
2002-11-11,0.03747416628397542
2002-11-12,0.07827554723970798
2002-11-13,0.11764512232710911
2002-11-14,0.03670800697628958
2002-11-15,0.07321420219946626
2002-11-16,0.09631080906269138
2002-11-17,0.11145598104148696
2002-11-18,0.07401437009141311
2002-11-19,0.11186549723312103
2002-11-20,0.08436411946330766
2002-11-21,0.15747187616380667
2002-11-22,0.15808126806772885
2002-11-23,0.07120340052706389
2002-11-24,0.08864910696646043
2002-11-25,0.10272710593562065
2002-11-26,0.05588325186656991
2002-11-27,0.0
2002-11-28,0.08197518703465026
2002-11-29,0.059991009869113654
2002-11-30,0.10776797517614328
2002-12-01,0.07758605472320114
2002-12-02,0.12418980503589683
2002-12-03,0.19197330427861437
2002-12-04,0.12650108142852792
2002-12-05,0.08432322038383844
2002-12-06,0.10202472799101701
2002-12-07,0.07693996791213319
2002-12-08,0.06721100053666154
2002-12-09,0.0
2002-12-10,0.11314680724158839
2002-12-11,0.036096682933066365
2002-12-12,0.13933670908682594
2002-12-13,0.029220839823672615
2002-12-14,0.05397636171774744
2002-12-15,0.08814592186570433
2002-12-16,0.11060589258044444
2002-12-17,0.10159717337455404
2002-12-18,0.034666868159112685
2002-12-19,0.09888695522189515
2002-12-20,0.05215207305883358
2002-12-21,0.045227055342617
2002-12-22,0.1409909289436981
2002-12-23,0.06162926534395477
2002-12-24,0.11637532936566007
2002-12-25,0.08190054563022475
2002-12-26,0.009515515358831994
2002-12-27,0.11981038323293863
2002-12-28,0.09892542624361686
2002-12-29,0.13601826601532227
2002-12-30,0.0
2002-12-31,0.017414763770857433
2003-01-01,0.12097444398840962
2003-01-02,0.0884480033782772
2003-01-03,0.13016634352497478
2003-01-04,0.22063230377980292
2003-01-05,0.0789919140542835
2003-01-06,0.04790694822845954
2003-01-07,0.17896748690808034
2003-01-08,0.15882487379801852
2003-01-09,0.11371605847811711
2003-01-10,0.11244811496364973
2003-01-11,0.0951733926325595
2003-01-12,0.23951555731007812
2003-01-13,0.2591582150666773
2003-01-14,0.17841622242232652
2003-01-15,0.12459773877655247
2003-01-16,0.10501015131653893
2003-01-17,0.07648664011933276
2003-01-18,0.002193632754934796
2003-01-19,0.05680978383198172
2003-01-20,0.14202735028152744
2003-01-21,0.0577903250580304
2003-01-22,0.09537368176749214
2003-01-23,0.13280889100928012
2003-01-24,0.12734566470706205
2003-01-25,0.10388519446442848
2003-01-26,0.14480765836218404
2003-01-27,0.15938130425789718
2003-01-28,0.10201115535570161
2003-01-29,0.19485638273038228
2003-01-30,0.047597160418655055
2003-01-31,0.1085800912068218
2003-02-01,0.11625069074847219
2003-02-02,0.1563793940254465
2003-02-03,0.0920527793104103
2003-02-04,0.2710794640106935
2003-02-05,0.16748329944003557
2003-02-06,0.07652912917462168
2003-02-07,0.0
2003-02-08,0.04509450805665307
2003-02-09,0.14548180331324753
2003-02-10,0.08057795109384044
2003-02-11,0.05510239614658867
2003-02-12,0.055461402821356996
2003-02-13,0.19238732866990116
2003-02-14,0.1717620092379387
2003-02-15,0.15376510499432353
2003-02-16,0.19880775984576113
2003-02-17,0.188324842987437
2003-02-18,0.08001065919668324
2003-02-19,0.218800922202245
2003-02-20,0.14961355446798708
2003-02-21,0.18148740765056773
2003-02-22,0.1835413189052342
2003-02-23,0.13790432167630487
2003-02-24,0.12748065588602486
2003-02-25,0.12900548516484228
2003-02-26,0.06562237626663066
2003-02-27,0.06257796165480534
2003-02-28,0.2717321302671824
2003-03-01,0.19691651157924575
2003-03-02,0.1628225568594059
2003-03-03,0.13665071740773643
2003-03-04,0.09462957589329402
2003-03-05,0.13068826730524408
2003-03-06,0.18931179224723363
2003-03-07,0.20195893873869225
2003-03-08,0.14942389954455537
2003-03-09,0.15614496328471936
2003-03-10,0.11126919649810184
2003-03-11,0.1554939640560875
2003-03-12,0.07583598529680914
2003-03-13,0.1043225252580443
2003-03-14,0.09587116833517453
2003-03-15,0.1607289355742483
2003-03-16,0.0
2003-03-17,0.14073324485361693
2003-03-18,0.14569410296405258
2003-03-19,0.09183181847173207
2003-03-20,0.24193314954565814
2003-03-21,0.17776468909423826
2003-03-22,0.10914392618483645
2003-03-23,0.2241163245314554
2003-03-24,0.17699114068847707
2003-03-25,0.2336084768071383
2003-03-26,0.1682748783813524
2003-03-27,0.14304576098463062
2003-03-28,0.09728891290870978
2003-03-29,0.08362033190892204
2003-03-30,0.1515459332615746
2003-03-31,0.19885968327939743
2003-04-01,0.16388597979849506
2003-04-02,0.11074455128635737
2003-04-03,0.18961548821668378
2003-04-04,0.18945532819055166
2003-04-05,0.11701194090931064
2003-04-06,0.16197143383096943
2003-04-07,0.16203806173223403
2003-04-08,0.13496973032429851
2003-04-09,0.15833831405418053
2003-04-10,0.20427539142550274
2003-04-11,0.12977432872779282
2003-04-12,0.18611504840770934
2003-04-13,0.08561151876419523
2003-04-14,0.09051304632656984
2003-04-15,0.05147173956986047
2003-04-16,0.13453206130397827
2003-04-17,0.08998713492984603
2003-04-18,0.10969923113406596
2003-04-19,0.08567398299101187
2003-04-20,0.21420244867904184
2003-04-21,0.14830563195213783
2003-04-22,0.21382903854846735
2003-04-23,0.15947335737146193
2003-04-24,0.08483740310036146
2003-04-25,0.007887297698822349
2003-04-26,0.12746521734112418
2003-04-27,0.10707630840872201
2003-04-28,0.16370032797170958
2003-04-29,0.10334215781622977
2003-04-30,0.16238254591792867
2003-05-01,0.10655909687807513
2003-05-02,0.01715180078087941
2003-05-03,0.06412397027011085
2003-05-04,0.06357657989331567
2003-05-05,0.07712653244598433
2003-05-06,0.08015595267565495
2003-05-07,0.19377020607929846
2003-05-08,0.19606798821035687
2003-05-09,0.10777047271497375
2003-05-10,0.22987160887648056
2003-05-11,0.15408599010722912
2003-05-12,0.22057805111594528
2003-05-13,0.22689077627451842
2003-05-14,0.16007639512424873
2003-05-15,0.15839604767186682
2003-05-16,0.14150070383247393
2003-05-17,0.17346777062973062
2003-05-18,0.24600891594002225
2003-05-19,0.2302157898448447
2003-05-20,0.06763890418814217
2003-05-21,0.13881275575912333
2003-05-22,0.11322952680187459
2003-05-23,0.13091682512872613
2003-05-24,0.19078292752918996
2003-05-25,0.12783557067816942
2003-05-26,0.11796442560645105
2003-05-27,0.1483462632826041
2003-05-28,0.02651094743028308
2003-05-29,0.15959806461764742
2003-05-30,0.06970418521304758
2003-05-31,0.17197851307843898
2003-06-01,0.039098756935339006
2003-06-02,0.03007218491907431
2003-06-03,0.0686712721940877
2003-06-04,0.08818428421237277
2003-06-05,0.05949449838967469
2003-06-06,0.0464857158527562
2003-06-07,0.08708295155223059
2003-06-08,0.13674761508382727
2003-06-09,0.17387376035107438
2003-06-10,0.06445756679451677
2003-06-11,0.03138474446997214
2003-06-12,0.07449315351131922
2003-06-13,0.18926700988213907
2003-06-14,0.17065123695489176
2003-06-15,0.15814929462296534
2003-06-16,0.14051504258951814
2003-06-17,0.17379311672059253
2003-06-18,0.20786993986910324
2003-06-19,0.07827056587815993
2003-06-20,0.0
2003-06-21,0.011536098229167915
2003-06-22,0.08228596838179263
2003-06-23,0.09816170229936069
2003-06-24,0.17128143321772316
2003-06-25,0.05782486751688906
2003-06-26,0.08196671511652101
2003-06-27,0.07157207497201612
2003-06-28,0.11924660010680593
2003-06-29,0.03210551746686895
2003-06-30,0.060800517241923493
2003-07-01,0.0
2003-07-02,0.03543947351849277
2003-07-03,0.15497504636813134
2003-07-04,0.16953382925595362
2003-07-05,0.10116657241469314
2003-07-06,0.12402299842897171
2003-07-07,0.04907075443910226
2003-07-08,0.07978588180590979
2003-07-09,0.06504283025367721
2003-07-10,0.047262227037979165
2003-07-11,0.09669741785851874
2003-07-12,0.005058375871546866
2003-07-13,0.20419882931427738
2003-07-14,0.14574007234462416
2003-07-15,0.017400127508686462
2003-07-16,0.0815358848182256
2003-07-17,0.032425693223997604
2003-07-18,0.09035979537219549
2003-07-19,0.08693370617143126
2003-07-20,0.0
2003-07-21,0.006808297166560791
2003-07-22,0.15871955934539222
2003-07-23,0.08207000108689749
2003-07-24,0.07975490518737413
2003-07-25,0.10383368487250896
2003-07-26,0.11817342148718625
2003-07-27,0.05525651554744427
2003-07-28,0.0
2003-07-29,0.05408143703115882
2003-07-30,0.0
2003-07-31,0.01405507408598633
2003-08-01,0.08851967268170516
2003-08-02,0.0798518653298658
2003-08-03,0.1280317619139001
2003-08-04,0.05720395926433823
2003-08-05,0.032389786208116375
2003-08-06,0.1605359827535741
2003-08-07,0.17308758811767588
2003-08-08,0.15562885452620756
2003-08-09,0.10006449988243195
2003-08-10,0.07543031774242084
2003-08-11,0.020680792574014388
2003-08-12,0.02684669955997844
2003-08-13,0.05214362960568315
2003-08-14,0.04010324179413223
2003-08-15,0.0753080635857835
2003-08-16,0.059211785314522425
2003-08-17,0.1460439101694362
2003-08-18,0.0
2003-08-19,0.06834070727091242
2003-08-20,0.0
2003-08-21,0.0
2003-08-22,0.056199723809266494
2003-08-23,0.06456188307453493
2003-08-24,0.12253489419068293
2003-08-25,0.04304578156073076
2003-08-26,0.022427694143516877
2003-08-27,0.0447965598809588
2003-08-28,0.03536524849054188
2003-08-29,0.0
2003-08-30,0.03376246995811884
2003-08-31,0.10231789654345383
2003-09-01,0.0
2003-09-02,0.02613332343225477
2003-09-03,0.021724514880540953
2003-09-04,0.07241141626833522
2003-09-05,0.0439828893530863
2003-09-06,0.10502983732125108
2003-09-07,0.025932288348319683
2003-09-08,0.0
2003-09-09,0.04532488022801061
2003-09-10,0.09476151484567279
2003-09-11,0.13442081788506613
2003-09-12,0.03864487277905379
2003-09-13,0.19609775245997557
2003-09-14,0.08720017164169686
2003-09-15,0.023773844301530664
2003-09-16,0.020990533399612377
2003-09-17,0.09143635798186793
2003-09-18,0.08493188656107376
2003-09-19,0.07172586964906945
2003-09-20,0.09210153967368159
2003-09-21,0.019797670576698193
2003-09-22,0.08880975818184354
2003-09-23,0.09567933308360373
2003-09-24,0.16678110322132
2003-09-25,0.0
2003-09-26,0.16160314390815939
2003-09-27,0.005030026814183353
2003-09-28,0.04078685886149927
2003-09-29,0.10825695782620068
2003-09-30,0.11547769032452401
2003-10-01,0.06829374198794443
2003-10-02,0.09367645514204173
2003-10-03,0.042714830980010096
2003-10-04,0.032401675029725914
2003-10-05,0.005470424226574289
2003-10-06,0.12276043736966083
2003-10-07,0.09462352807820067
2003-10-08,0.0015695024684372894
2003-10-09,0.030969825900720498
2003-10-10,0.003888731420211358
2003-10-11,0.1956600047250764
2003-10-12,0.06239626101361373
2003-10-13,0.0
2003-10-14,0.0
2003-10-15,0.016720166634473177
2003-10-16,0.12198071343534915
2003-10-17,0.027053428045769393
2003-10-18,0.02906181179398823
2003-10-19,0.08477619219451225
2003-10-20,0.07080284604966607
2003-10-21,0.0949985873996542
2003-10-22,0.07584738236759053
2003-10-23,0.023972612231983437
2003-10-24,0.1106809837105705
2003-10-25,0.0
2003-10-26,0.04942435413996635
2003-10-27,0.17041655404385442
2003-10-28,0.05604698270973814
2003-10-29,0.0
2003-10-30,0.05207138886900573
2003-10-31,0.033794962872856736
2003-11-01,0.05591886366364708
2003-11-02,0.04565101126478599
2003-11-03,0.09308010191606467
2003-11-04,0.02772463432856222
2003-11-05,0.007876399538381963
2003-11-06,0.036864383579612824
2003-11-07,0.03515481386512239
2003-11-08,0.07990415229483643
2003-11-09,0.0
2003-11-10,0.008368423715637084
2003-11-11,0.0738617857787853
2003-11-12,0.1173175217776178
2003-11-13,0.022839916489292997
2003-11-14,0.07599721783876184
2003-11-15,0.037837950458204955
2003-11-16,0.07436120351480896
2003-11-17,0.06779773173730866
2003-11-18,0.0622837574253421
2003-11-19,0.18007821630209167
2003-11-20,0.24953392437155408
2003-11-21,0.08534850224526346
2003-11-22,0.04541454641177009
2003-11-23,0.10740510465902925
2003-11-24,0.13089934654686258
2003-11-25,0.15180006582384425
2003-11-26,0.0
2003-11-27,0.0556748182342191
2003-11-28,0.061277648164329124
2003-11-29,0.03642580824995364
2003-11-30,0.028593756954898214
2003-12-01,0.0768640311645472
2003-12-02,0.14125880262657564
2003-12-03,0.040685500334257586
2003-12-04,0.11609978121014179
2003-12-05,0.12363544065629278
2003-12-06,0.15956694087633821
2003-12-07,0.13498767516679375
2003-12-08,0.1199240871917833
2003-12-09,0.1213032966005205
2003-12-10,0.12633734659511225
2003-12-11,0.11101014727136642
2003-12-12,0.14246609037749375
2003-12-13,0.0770364418151659
2003-12-14,0.1593997885031692
2003-12-15,0.06296283646310022
2003-12-16,0.08095667687116459
2003-12-17,0.07775615627621493
2003-12-18,0.06729914162012199
2003-12-19,0.14501519557343656
2003-12-20,0.0288161807608545
2003-12-21,0.13090239915176416
2003-12-22,0.14158313565419878
2003-12-23,0.13282307004138671
2003-12-24,0.15776104701516944
2003-12-25,0.14912754404772016
2003-12-26,0.176912095075883
2003-12-27,0.09807703677638328
2003-12-28,0.12291294468508446
2003-12-29,0.1415587700785114
2003-12-30,0.15869096991938475
2003-12-31,0.15683028197594234
2004-01-01,0.08251570184793525
2004-01-02,0.17474876890810975
2004-01-03,0.16985698368724628
2004-01-04,0.12934707835946332
2004-01-05,0.19387930375907947
2004-01-06,0.07481284740017788
2004-01-07,0.15445322192394045
2004-01-08,0.07477230422169365
2004-01-09,0.15427154143212787
2004-01-10,0.052442606868053306
2004-01-11,0.0669054820861526
2004-01-12,0.0
2004-01-13,0.07678509717153785
2004-01-14,0.08383068526653711
2004-01-15,0.07178442000188026
2004-01-16,0.10754747093516735
2004-01-17,0.009854328570116547
2004-01-18,0.055246036072088306
2004-01-19,0.06692667091910698
2004-01-20,0.2083688296531716
2004-01-21,0.1579468031877155
2004-01-22,0.14372882334220827
2004-01-23,0.10384129953310188
2004-01-24,0.2499687032740469
2004-01-25,0.13273156601684558
2004-01-26,0.009586431469504275
2004-01-27,0.13586273775880242
2004-01-28,0.16373786728214051
2004-01-29,0.029492675611352326
2004-01-30,0.09026675917845144
2004-01-31,0.047918769401216504
2004-02-01,0.07775886597133998
2004-02-02,0.15816168047789775
2004-02-03,0.03664027895599808
2004-02-04,0.03348432303286831
2004-02-05,0.08652407115639152
2004-02-06,0.06935584892367735
2004-02-07,0.18858885877559023
2004-02-08,0.14720419126533948
2004-02-09,0.11542021754810808
2004-02-10,0.18618394145018896
2004-02-11,0.12152021122948184
2004-02-12,0.20058393744317224
2004-02-13,0.2186405892723302
2004-02-14,0.12067716831125036
2004-02-15,0.1747859287256599
2004-02-16,0.18017115263231534
2004-02-17,0.3359927835225763
2004-02-18,0.2228306012717532
2004-02-19,0.0961169962942128
2004-02-20,0.2126874714507122
2004-02-21,0.2378421348530994
2004-02-22,0.12641375162245228
2004-02-23,0.15296447490264997
2004-02-24,0.2155366726614203
2004-02-25,0.1272465293585183
2004-02-26,0.0730620965260699
2004-02-27,0.1363902310519337
2004-02-28,0.06214483112711059
2004-02-29,0.09485887448508362
2004-03-01,0.1702600613319754
2004-03-02,0.13717222019894446
2004-03-03,0.11965652095420073
2004-03-04,0.08367360323091286
2004-03-05,0.10637067373011855
2004-03-06,0.08827524743957962
2004-03-07,0.19450380013305613
2004-03-08,0.2007146735484222
2004-03-09,0.146111460305558
2004-03-10,0.11849436672864473
2004-03-11,0.10806577088732822
2004-03-12,0.2689533363196789
2004-03-13,0.15207063026130485
2004-03-14,0.1312991759642243
2004-03-15,0.07162328651283396
2004-03-16,0.13599082020971678
2004-03-17,0.08292016570553006
2004-03-18,0.10438822230187214
2004-03-19,0.11433102590196516
2004-03-20,0.13160189120599414
2004-03-21,0.1720581888343689
2004-03-22,0.0
2004-03-23,0.08439261808730053
2004-03-24,0.11389962264476602
2004-03-25,0.09409675574757631
2004-03-26,0.1409836014858759
2004-03-27,0.09630895105969667
2004-03-28,0.12310006503836539
2004-03-29,0.14328832154707963
2004-03-30,0.03728690576709183
2004-03-31,0.08722419763661418
2004-04-01,0.05571449255200889
2004-04-02,0.1447995414192085
2004-04-03,0.048021873996832214
2004-04-04,0.06857462756560515
2004-04-05,0.09765647743284125
2004-04-06,0.1430789939477195
2004-04-07,0.11096321108220258
2004-04-08,0.3095502522104577
2004-04-09,0.24345176020093223
2004-04-10,0.2631345257873421
2004-04-11,0.2940560553017281
2004-04-12,0.17266700544871882
2004-04-13,0.13820528187782236
2004-04-14,0.14653961068318
2004-04-15,0.07896155981735362
2004-04-16,0.26128098911755465
2004-04-17,0.10736383306876951
2004-04-18,0.09744485970802388
2004-04-19,0.1426963557200862
2004-04-20,0.13790823615033743
2004-04-21,0.11630283647960418
2004-04-22,0.17276562281481234
2004-04-23,0.17942131140871814
2004-04-24,0.0
2004-04-25,0.19242271669040922
2004-04-26,0.19643196830160328
2004-04-27,0.07557111416218357
2004-04-28,0.05076413860926919
2004-04-29,0.1473275182631169
2004-04-30,0.1343015423590101
2004-05-01,0.2078567616677285
2004-05-02,0.15980379053374186
2004-05-03,0.11747567635602518
2004-05-04,0.15994382169601906
2004-05-05,0.15605382604707763
2004-05-06,0.023010784725789893
2004-05-07,0.11505856066174217
2004-05-08,0.13589415068613292
2004-05-09,0.18190628513080892
2004-05-10,0.1993064440393007
2004-05-11,0.20465125382501723
2004-05-12,0.07947775219092379
2004-05-13,0.017115921349222435
2004-05-14,0.03070384915914251
2004-05-15,0.05494336663677875
2004-05-16,0.04407949715436614
2004-05-17,0.13241730958143338
2004-05-18,0.19347075138027908
2004-05-19,0.14177980384923114
2004-05-20,0.1827111120022093
2004-05-21,0.17637998339251132
2004-05-22,0.10838928609791718
2004-05-23,0.035900256253328454
2004-05-24,0.06298603815393594
2004-05-25,0.13024031739109826
2004-05-26,0.14133796036925678
2004-05-27,0.048025390624290634
2004-05-28,0.1453069364122497
2004-05-29,0.06791747514732019
2004-05-30,0.03608892257799853
2004-05-31,0.07977920308213637
2004-06-01,0.005568550715929307
2004-06-02,0.2165450929118059
2004-06-03,0.19595505218773954
2004-06-04,0.052184324204393055
2004-06-05,0.09176005622697793
2004-06-06,0.14872453907795014
2004-06-07,0.03076849077718477
2004-06-08,0.019241776317825886
2004-06-09,0.11106189960240918
2004-06-10,0.099225426075415
2004-06-11,0.1105955287521715
2004-06-12,0.11550744115439314
2004-06-13,0.04068266997971555
2004-06-14,0.015104483212567132
2004-06-15,0.0662163889752881
2004-06-16,0.12441049952746139
2004-06-17,0.1490539501061064
2004-06-18,0.09655859504493054
2004-06-19,0.12445279344662682
2004-06-20,0.05391880180525285
2004-06-21,0.09996749837494784
2004-06-22,0.14237243623663434
2004-06-23,0.13117331029576107
2004-06-24,0.10896120026203791
2004-06-25,0.10011833825461641
2004-06-26,0.04961498945280522
2004-06-27,0.08367289673129713
2004-06-28,0.08317757997675274
2004-06-29,0.171143069842037
2004-06-30,0.04893473008377149
2004-07-01,0.03289908441983368
2004-07-02,0.07511275816686491
2004-07-03,0.15748803114291993
2004-07-04,0.08522614308286304
2004-07-05,0.061245101193743025
2004-07-06,0.03744451554264201
2004-07-07,0.05925071404736292
2004-07-08,0.17184415133303604
2004-07-09,0.09864961295850094
2004-07-10,0.19040002488386806
2004-07-11,0.09569839496079897
2004-07-12,0.09931500736029743
2004-07-13,0.05105656518393342
2004-07-14,0.026141399119426756
2004-07-15,0.11590811785576764
2004-07-16,0.12683778088279252
2004-07-17,0.052461803633917684
2004-07-18,0.05656186486524593
2004-07-19,0.03823084682106787
2004-07-20,0.12335953695298696
2004-07-21,0.09922931879788748
2004-07-22,0.08320888466114121
2004-07-23,0.06261712322094523
2004-07-24,0.1735094762898069
2004-07-25,0.1211838866939714
2004-07-26,0.0
2004-07-27,0.1422098864259446
2004-07-28,0.07436027295740671
2004-07-29,0.05922155236440606
2004-07-30,0.11168370025645186
2004-07-31,0.07465629491240201
2004-08-01,0.06172969720667558
2004-08-02,0.015081737781051624
2004-08-03,0.13319321486146957
2004-08-04,0.017026431734174098
2004-08-05,0.13220847449774875
2004-08-06,0.0842282873708768
2004-08-07,0.060457491152436545
2004-08-08,0.04258103955369622
2004-08-09,0.10577578704410985
2004-08-10,0.012241898574893398
2004-08-11,0.14773596950907808
2004-08-12,0.0700483807586706
2004-08-13,0.04514975130476691
2004-08-14,0.07647300865460385
2004-08-15,0.06593451524859001
2004-08-16,0.15184728594669608
2004-08-17,0.003213180425579207
2004-08-18,0.07693932617239178
2004-08-19,0.1546303740619874
2004-08-20,0.09368181483563692
2004-08-21,0.09339007685054289
2004-08-22,0.06824071222695015
2004-08-23,0.03213849108267852
2004-08-24,0.09638372327133155
2004-08-25,0.07423643862685472
2004-08-26,0.07115190782840239
2004-08-27,0.08731266914865678
2004-08-28,0.09710634541991903
2004-08-29,0.06689592158334459
2004-08-30,0.09771403052789998
2004-08-31,0.10538622404144025
2004-09-01,0.08218625251779489
2004-09-02,0.13544128773065092
2004-09-03,0.1493906245972571
2004-09-04,0.024147838868556606
2004-09-05,0.2348625569929748
2004-09-06,0.14846270410683307
2004-09-07,0.10414581710932642
2004-09-08,0.09566205275168689
2004-09-09,0.009496107604767254
2004-09-10,0.0799753744261281
2004-09-11,0.015193031287620049
2004-09-12,0.05402809404053993
2004-09-13,0.058572198080508064
2004-09-14,0.043740125927998724
2004-09-15,0.014475550423202282
2004-09-16,0.09534823834558163
2004-09-17,0.07020940820904265
2004-09-18,0.08487245347381703
2004-09-19,0.06024654143304388
2004-09-20,0.03281974904037042
2004-09-21,0.06769995907905846
2004-09-22,0.072252859224467
2004-09-23,0.08760951002726436
2004-09-24,0.02236529035134563
2004-09-25,0.122008527042229
2004-09-26,0.11256654431844447
2004-09-27,0.10159467962031771
2004-09-28,0.16121322068456473
2004-09-29,0.0
2004-09-30,0.15991537064267294
2004-10-01,0.036996537301330255
2004-10-02,0.07972044776202329
2004-10-03,0.11957969069468898
2004-10-04,0.038899691351767574
2004-10-05,0.11639814395409559
2004-10-06,0.11455198985626577
2004-10-07,0.08001638308922099
2004-10-08,0.0
2004-10-09,0.0
2004-10-10,0.025765573046860613
2004-10-11,0.14719921539120884
2004-10-12,0.07044286962738515
2004-10-13,0.0
2004-10-14,0.15204085923932734
2004-10-15,0.13041010107999929
2004-10-16,0.0
2004-10-17,0.017112631802182178
2004-10-18,0.06370036489795466
2004-10-19,0.09239436566674228
2004-10-20,0.06499324316284043
2004-10-21,0.04667234090869788
2004-10-22,0.13099726694339292
2004-10-23,0.15683320298847336
2004-10-24,0.07073933088077153
2004-10-25,0.05638716736893769
2004-10-26,0.14732444158955255
2004-10-27,0.0
2004-10-28,0.007162598919724442
2004-10-29,0.09546837775436129
2004-10-30,0.1346939410329469
2004-10-31,0.05474059988421867
2004-11-01,0.19159231668736865
2004-11-02,0.0
2004-11-03,0.11929729350365004
2004-11-04,0.09925446947236718
2004-11-05,0.1148159690756157
2004-11-06,0.15651313383702328
2004-11-07,0.09630302422380915
2004-11-08,0.038238025669590135
2004-11-09,0.07677311038544478
2004-11-10,0.05315635928354616
2004-11-11,0.046880984532993726
2004-11-12,0.04703828654903204
2004-11-13,0.04559850921061204
2004-11-14,0.0
2004-11-15,0.0
2004-11-16,0.12072088975785383
2004-11-17,0.0
2004-11-18,0.12042012864566941
2004-11-19,0.007789519567887898
2004-11-20,0.16596284847515458
2004-11-21,0.05668343297436066
2004-11-22,0.18641449572783814
2004-11-23,0.21472349241764804
2004-11-24,0.07638981315174558
2004-11-25,0.07065404563378185
2004-11-26,0.1443598386298256
2004-11-27,0.1172882297140409
2004-11-28,0.13379492495850032
2004-11-29,0.11547232066183864
2004-11-30,0.01382422775776411
2004-12-01,0.15736639078480533
2004-12-02,0.0774300393704627
2004-12-03,0.015279218133258887
2004-12-04,0.15821745347489705
2004-12-05,0.049870656818306526
2004-12-06,0.059129484037626516
2004-12-07,0.0
2004-12-08,0.16451775665697757
2004-12-09,0.10990315860473543
2004-12-10,0.01432293165161086
2004-12-11,0.1137631854355399
2004-12-12,0.14117188932113353
2004-12-13,0.1031209302197808
2004-12-14,0.1804221272783293
2004-12-15,0.06653348538796446
2004-12-16,0.18937101540308604
2004-12-17,0.09973365407577472
2004-12-18,0.13860023731835386
2004-12-19,0.13983440122611243
2004-12-20,0.20114875354584794
2004-12-21,0.02740229607080965
2004-12-22,0.02712493683483496
2004-12-23,0.07567074299351545
2004-12-24,0.055203145088853316
2004-12-25,0.05121521758394079
2004-12-26,0.015349908615021501
2004-12-27,0.09311621719850578
2004-12-28,0.13173070787641933
2004-12-29,0.10387372901472731
2004-12-30,0.0
2004-12-31,0.0
2005-01-01,0.086481950492116
2005-01-02,0.06978974442128505
2005-01-03,0.16137163221566825
2005-01-04,0.12222044949141855
2005-01-05,0.10616681569886499
2005-01-06,0.13903464391375184
2005-01-07,0.17651494028515882
2005-01-08,0.060543599988931836
2005-01-09,0.12518590347984238
2005-01-10,0.10354620946716808
2005-01-11,0.05581465080830941
2005-01-12,0.07541446146697998
2005-01-13,0.09022724035671258
2005-01-14,0.2047437000305629
2005-01-15,0.0879733797295893
2005-01-16,0.07156177634586389
2005-01-17,0.10402293502005877
2005-01-18,0.07830172258764782
2005-01-19,0.009648824596597882
2005-01-20,0.0
2005-01-21,0.0
2005-01-22,0.13499016726463128
2005-01-23,0.028062670694486674
2005-01-24,0.18104581136137998
2005-01-25,0.0628764971554206
2005-01-26,0.13041515103204754
2005-01-27,0.027614728307176414
2005-01-28,0.09133461381761913
2005-01-29,0.159933920787797
2005-01-30,0.057198401914065236
2005-01-31,0.007064445685208143
2005-02-01,0.039018685843766714
2005-02-02,0.05271202293254261
2005-02-03,0.00902313245070585
2005-02-04,0.2043617494124439
2005-02-05,0.10199251141466491
2005-02-06,0.16608677379559478
2005-02-07,0.1672961140880918
2005-02-08,0.23125693550708035
2005-02-09,0.1313245579859152
2005-02-10,0.28443383716056336
2005-02-11,0.21868641904641178
2005-02-12,0.22442781216159846
2005-02-13,0.12369652317797433
2005-02-14,0.28647128018213264
2005-02-15,0.10920574616785186
2005-02-16,0.16147639624531135
2005-02-17,0.049176790895816405
2005-02-18,0.08029517185698172
2005-02-19,0.13819774241210042
2005-02-20,0.09204987189125609
2005-02-21,0.011299995667069712
2005-02-22,0.07983355769033273
2005-02-23,0.1212627240088543
2005-02-24,0.11148309806199423
2005-02-25,0.04315859791309101
2005-02-26,0.1204377702634779
2005-02-27,0.12628382615458336
2005-02-28,0.20015198452707617
2005-03-01,0.22083969902430112
2005-03-02,0.1716850177348283
2005-03-03,0.18462051135360819
2005-03-04,0.17666256907879868
2005-03-05,0.16552237722641766
2005-03-06,0.2065816352435666
2005-03-07,0.22933264611410853
2005-03-08,0.10544514274714303
2005-03-09,0.0983095077043167
2005-03-10,0.16860613091172252
2005-03-11,0.05211958195860345
2005-03-12,0.12357986346943085
2005-03-13,0.17619385168693955
2005-03-14,0.18849263834646446
2005-03-15,0.17737245916532254
2005-03-16,0.18027452478145636
2005-03-17,0.12273459966281247
2005-03-18,0.08477045085655849
2005-03-19,0.03841052085028676
2005-03-20,0.12065295004638711
2005-03-21,0.1148671592349484
2005-03-22,0.06107103603048648
2005-03-23,0.11924798463933681
2005-03-24,0.19556505976296562
2005-03-25,0.2416627914363666
2005-03-26,0.1943809376442406
2005-03-27,0.1003458969314168
2005-03-28,0.24865882439366432
2005-03-29,0.18918920094664737
2005-03-30,0.09882450851012417
2005-03-31,0.10969252309912102
2005-04-01,0.12632915585680188
2005-04-02,0.08021820299358254
2005-04-03,0.1835088963292963
2005-04-04,0.19295924661476968
2005-04-05,0.1294318531125632
2005-04-06,0.14299970674950155
2005-04-07,0.17199598322272702
2005-04-08,0.14564715941407805
2005-04-09,0.06840381523537051
2005-04-10,0.16864397054109656
2005-04-11,0.1318277504740713
2005-04-12,0.0493937535138648
2005-04-13,0.2560863885004958
2005-04-14,0.18085477803197506
2005-04-15,0.12208684887724539
2005-04-16,0.21598544658540905
2005-04-17,0.05552898788837403
2005-04-18,0.03608603318218987
2005-04-19,0.14089206224247766
2005-04-20,0.12184244721689189
2005-04-21,0.08009362291071195
2005-04-22,0.17615753485715302
2005-04-23,0.04807874532505458
2005-04-24,0.11273549563454319
2005-04-25,0.1300892720107852
2005-04-26,0.12700802992244906
2005-04-27,0.16183723530261343
2005-04-28,0.23181472938629477
2005-04-29,0.1596838539991713
2005-04-30,0.19675603491398516
2005-05-01,0.135229403284357
2005-05-02,0.11790272627420696
2005-05-03,0.1859189069166958
2005-05-04,0.16085564268406324
2005-05-05,0.09405558967658859
2005-05-06,0.17659940045242556
2005-05-07,0.11474508689585813
2005-05-08,0.07124214925009341
2005-05-09,0.044576742046262455
2005-05-10,0.08671661686289184
2005-05-11,0.07041075634006527
2005-05-12,0.12725993474971783
2005-05-13,0.11984559636278518
2005-05-14,0.10181502793582745
2005-05-15,0.240611359060114
2005-05-16,0.0814925510809292
2005-05-17,0.07287465121775318
2005-05-18,0.13157138339770894
2005-05-19,0.1306980641545197
2005-05-20,0.12479746230445285
2005-05-21,0.15952036338403755
2005-05-22,0.07735573515657192
2005-05-23,0.12562458469273816
2005-05-24,0.053081905502997025
2005-05-25,0.13394921359922313
2005-05-26,0.03077505278463967
2005-05-27,0.041315472888916446
2005-05-28,0.07385791251103072
2005-05-29,0.12845615352422596
2005-05-30,0.08764437821466925
2005-05-31,0.08975046427629896
2005-06-01,0.0703660739587395
2005-06-02,0.07839165278495089
2005-06-03,0.057525141105557925
2005-06-04,0.060949746105851396
2005-06-05,0.07415243454713423
2005-06-06,0.100712090870999
2005-06-07,0.0876340037859788
2005-06-08,0.19176450696039027
2005-06-09,0.03822005859345078
2005-06-10,0.025880419268599873
2005-06-11,0.0
2005-06-12,0.12860708114641223
2005-06-13,0.07368968315491921
2005-06-14,0.016322121347112403
2005-06-15,0.06351372179072443
2005-06-16,0.051268549839157906
2005-06-17,0.13855541939031082
2005-06-18,0.04573303399188057
2005-06-19,0.14267281576464685
2005-06-20,0.05880262530301843
2005-06-21,0.04278187696366541
2005-06-22,0.06818410280734526
2005-06-23,0.13191090426352603
2005-06-24,0.12385493421527194
2005-06-25,0.06576570790519767
2005-06-26,0.1368121840777821
2005-06-27,0.16305327286121707
2005-06-28,0.1603814006501767
2005-06-29,0.08689590151451315
2005-06-30,0.1478483608790757
2005-07-01,0.1365606356311102
2005-07-02,0.09292995127937162
2005-07-03,0.08046024514845869
2005-07-04,0.1497038674567654
2005-07-05,0.002523905700096571
2005-07-06,0.17464043897317044
2005-07-07,0.1025917282900458
2005-07-08,0.05498793771009289
2005-07-09,0.05006819068739231
2005-07-10,0.08483120793228457
2005-07-11,0.13557857761611503
2005-07-12,0.1106070767608534
2005-07-13,0.07426421418239029
2005-07-14,0.07654247184650069
2005-07-15,0.10652293577033045
2005-07-16,0.22043620761481342
2005-07-17,0.21179842202717636
2005-07-18,0.13456929467401535
2005-07-19,0.03963689363660476
2005-07-20,0.11409752642692846
2005-07-21,0.03817462987208126
2005-07-22,0.049030184170610794
2005-07-23,0.142083702129306
2005-07-24,0.056112913950778484
2005-07-25,0.05398078962087271
2005-07-26,0.03676259037360312
2005-07-27,0.011650009165790558
2005-07-28,0.046016816864867666
2005-07-29,0.10492041664808353
2005-07-30,0.16334122019865582
2005-07-31,0.11952872710498312
2005-08-01,0.16642047999695647
2005-08-02,0.005412236281562996
2005-08-03,0.1024094068004378
2005-08-04,0.06368862268250025
2005-08-05,0.1821685955229143
2005-08-06,0.05373576705958599
2005-08-07,0.08993903490651296
2005-08-08,0.12336216844827425
2005-08-09,0.042765682591131435
2005-08-10,0.1253074318532273
2005-08-11,0.1269939301111317
2005-08-12,0.10782060497443052
2005-08-13,0.05219308501915698
2005-08-14,0.0
2005-08-15,0.18434061491479425
2005-08-16,0.05233765617589868
2005-08-17,0.14065167141161428
2005-08-18,0.05152033873054877
2005-08-19,0.1856153191121206
2005-08-20,0.07003567112253328
2005-08-21,0.07347357904212513
2005-08-22,0.19024851467659035
2005-08-23,0.0
2005-08-24,0.13365246797015484
2005-08-25,0.0717593820030127
2005-08-26,0.11195750882090669
2005-08-27,0.05397372065746915
2005-08-28,0.17080323195983144
2005-08-29,0.028185513519786737
2005-08-30,0.08617392944413106
2005-08-31,0.11824190465377929
2005-09-01,0.012897510563297354
2005-09-02,0.06271020238660195
2005-09-03,0.0
2005-09-04,0.039147160869916764
2005-09-05,0.19838462140290186
2005-09-06,0.1302684450658264
2005-09-07,0.10239541872168123
2005-09-08,0.08874830954010951
2005-09-09,0.0
2005-09-10,0.05377512983575765
2005-09-11,0.10280443908671966
2005-09-12,0.0699077277371288
2005-09-13,0.10061650239794151
2005-09-14,0.030377484507067544
2005-09-15,0.029637263566008584
2005-09-16,0.18794603679109573
2005-09-17,0.18183501938394386
2005-09-18,0.09804318389212814
2005-09-19,0.04381197850112897
2005-09-20,0.06048017550366713
2005-09-21,0.12480598702797141
2005-09-22,0.1825312814869952
2005-09-23,0.035494509246935625
2005-09-24,0.10868544914549347
2005-09-25,0.11103492089396078
2005-09-26,0.17289431527271248
2005-09-27,0.09012455995312615
2005-09-28,0.0
2005-09-29,0.09935585905460559
2005-09-30,0.06875331947797964
2005-10-01,0.01909839708992074
2005-10-02,0.10570434838098872
2005-10-03,0.03269367090491518
2005-10-04,0.0657578826586882
2005-10-05,0.10373626085472756
2005-10-06,0.07525715146806942
2005-10-07,0.029705118091848837
2005-10-08,0.08674025717077095
2005-10-09,0.030248877716032206
2005-10-10,0.15013965841973065
2005-10-11,0.0448992616914065
2005-10-12,0.029418785840554976
2005-10-13,0.1559607611767038
2005-10-14,0.08398927079382303
2005-10-15,0.0
2005-10-16,0.05061579110100869
2005-10-17,0.09942234394670207
2005-10-18,0.10505636697017119
2005-10-19,0.02343362048841314
2005-10-20,0.05136313436401925
2005-10-21,0.11742474982207914
2005-10-22,0.15181253094022418
2005-10-23,0.0236856948016788
2005-10-24,0.006187917936660389
2005-10-25,0.13424051903689943
2005-10-26,0.11588049042983567
2005-10-27,0.009305028809096054
2005-10-28,0.05799202147436525
2005-10-29,0.18981647574393187
2005-10-30,0.14531376269300472
2005-10-31,0.08571890875326384
2005-11-01,0.12687234752071244
2005-11-02,0.04110162787806118
2005-11-03,0.07743229450998436
2005-11-04,0.07730953045516717
2005-11-05,0.13581673769561092
2005-11-06,0.11161168514051062
2005-11-07,0.08871985886413676
2005-11-08,0.11942132127431918
2005-11-09,0.17041971221522734
2005-11-10,0.145744284030413
2005-11-11,0.11075332487014519
2005-11-12,0.10490976411974343
2005-11-13,0.18151197155788315
2005-11-14,0.05494947303980288
2005-11-15,0.1486505984381716
2005-11-16,0.00722711760929777
2005-11-17,0.07745619250596944
2005-11-18,0.16292077668503302
2005-11-19,0.027726517169764375
2005-11-20,0.0
2005-11-21,0.027732248127797045
2005-11-22,0.12201790748513322
2005-11-23,0.08420145681549175
2005-11-24,0.0263726845208486
2005-11-25,0.16201476331009823
2005-11-26,0.11652859030073197
2005-11-27,0.04595382333224116
2005-11-28,0.10857919949316401
2005-11-29,0.21695920384827805
2005-11-30,0.07052314130084172
2005-12-01,0.003850678921254444
2005-12-02,0.10648516442446918
2005-12-03,0.08985089539763359
2005-12-04,0.1742778651242796
2005-12-05,0.07578833928769985
2005-12-06,0.12421823405557317
2005-12-07,0.125094991377328
2005-12-08,0.10845486938064565
2005-12-09,0.11123249975678724
2005-12-10,0.10482448840233133
2005-12-11,0.11262370353364873
2005-12-12,0.1259543182274445
2005-12-13,0.013793088093178113
2005-12-14,0.03105638727768227
2005-12-15,0.09011399868728619
2005-12-16,0.07213455992711154
2005-12-17,0.0465908232512912
2005-12-18,0.09590068120854398
2005-12-19,0.10073145805547237
2005-12-20,0.15290831509472474
2005-12-21,0.08378478176732801
2005-12-22,0.1317991411878065
2005-12-23,0.15385324362256764
2005-12-24,0.05574573518260987
2005-12-25,0.023438566476740016
2005-12-26,0.08794583899301457
2005-12-27,0.06286743269193557
2005-12-28,0.14594868317193097
2005-12-29,0.033491004842871736
2005-12-30,0.18505955867892993
2005-12-31,0.03983682769229181
2006-01-01,0.0211848394244417
2006-01-02,0.09425920889107636
2006-01-03,0.08972772784338956
2006-01-04,0.19892015089457993
2006-01-05,0.08365053756216824
2006-01-06,0.0716186187043973
2006-01-07,0.17079526750341933
2006-01-08,0.16684855913917984
2006-01-09,0.00875099668514305
2006-01-10,0.0947941777984544
2006-01-11,0.21664100699718292
2006-01-12,0.054074472913880255
2006-01-13,0.10432881940432852
2006-01-14,0.20716566140931156
2006-01-15,0.1418931443354298
2006-01-16,0.0762510299464757
2006-01-17,0.09929545455975373
2006-01-18,0.0495610920062602
2006-01-19,0.06241867770815825
2006-01-20,0.18582610269728844
2006-01-21,0.15555672473113596
2006-01-22,0.1902669790610716
2006-01-23,0.16730335380353042
2006-01-24,0.09907805690150377
2006-01-25,0.07838661287446166
2006-01-26,0.16543362824655006
2006-01-27,0.1351510437218662
2006-01-28,0.1656907648468535
2006-01-29,0.1445241137803353
2006-01-30,0.2123661247001252
2006-01-31,0.054010326926237695
2006-02-01,0.06757045131279177
2006-02-02,0.10640872094041381
2006-02-03,0.13777718435791456
2006-02-04,0.124617005863841
2006-02-05,0.20046009123342212
2006-02-06,0.11892210498831876
2006-02-07,0.23148840418866853
2006-02-08,0.18397448827080942
2006-02-09,0.12301386832225213
2006-02-10,0.0403432219051711
2006-02-11,0.1348915912793797
2006-02-12,0.06324440386176783
2006-02-13,0.06290184264201527
2006-02-14,0.09165956078894315
2006-02-15,0.08899205002992003
2006-02-16,0.11054298384884785
2006-02-17,0.08527619281153082
2006-02-18,0.017656065250052838
2006-02-19,0.053877335807853824
2006-02-20,0.0
2006-02-21,0.08993449237995621
2006-02-22,0.0
2006-02-23,0.0790632318672352
2006-02-24,0.057397411885228095
2006-02-25,0.17202866841260334
2006-02-26,0.10762546624813979
2006-02-27,0.15107220320601805
2006-02-28,0.17121481488107146
2006-03-01,0.15523525559033638
2006-03-02,0.06328047209310779
2006-03-03,0.12001762376895134
2006-03-04,0.21552415772059214
2006-03-05,0.04654479160409655
2006-03-06,0.03608409375338059
2006-03-07,0.14174453207468354
2006-03-08,0.05717748500700805
2006-03-09,0.11238928768036088
2006-03-10,0.13423673666888247
2006-03-11,0.16388264955465487
2006-03-12,0.01252749947383755
2006-03-13,0.0
2006-03-14,0.08959308020829584
2006-03-15,0.09639626461107176
2006-03-16,0.0
2006-03-17,0.1576537140255068
2006-03-18,0.10967844741533161
2006-03-19,0.06964899556623422
2006-03-20,0.09853116089859014
2006-03-21,0.003791397428589846
2006-03-22,0.16058437210690288
2006-03-23,0.1889552558137206
2006-03-24,0.18917952254143494
2006-03-25,0.16091932380792653
2006-03-26,0.23483685996908965
2006-03-27,0.16257187388378563
2006-03-28,0.15088376755319263
2006-03-29,0.10861138643160463
2006-03-30,0.12224130717206586
2006-03-31,0.10722006838152749
2006-04-01,0.10799763082115962
2006-04-02,0.09883009049055089
2006-04-03,0.07627958431777938
2006-04-04,0.029378737614489378
2006-04-05,0.10976728352600468
2006-04-06,0.12113792662966928
2006-04-07,0.16355719818153905
2006-04-08,0.10041119730616341
2006-04-09,0.149832297306436
2006-04-10,0.2745018144607296
2006-04-11,0.12029932513814065
2006-04-12,0.2091384704296167
2006-04-13,0.12851897488255742
2006-04-14,0.08961908042515676
2006-04-15,0.168268494397969
2006-04-16,0.2493218428652109
2006-04-17,0.15177224300683362
2006-04-18,0.04653049072385751
2006-04-19,0.03979257392696692
2006-04-20,0.19968189177606113
2006-04-21,0.11488458861384768
2006-04-22,0.20029916475315215
2006-04-23,0.16158114297540155
2006-04-24,0.10815853041669929
2006-04-25,0.14938975540977772
2006-04-26,0.08264279638185533
2006-04-27,0.178107272192091
2006-04-28,0.13845710251255688
2006-04-29,0.17656527593731777
2006-04-30,0.22154225893825036
2006-05-01,0.1481752654766349
2006-05-02,0.09802954548925438
2006-05-03,0.09773579064605155
2006-05-04,0.14659006718911605
2006-05-05,0.010575640183519294
2006-05-06,0.09610109975510604
2006-05-07,0.13735319729826684
2006-05-08,0.09572205566366127
2006-05-09,0.1297820472761041
2006-05-10,0.06003336214996677
2006-05-11,0.18945278871467736
2006-05-12,0.09271811226159063
2006-05-13,0.06421770318822444
2006-05-14,0.19683506442462143
2006-05-15,0.13053950185119453
2006-05-16,0.15199305718548
2006-05-17,0.046017394899530245
2006-05-18,0.08664880046273031
2006-05-19,0.061001584275115095
2006-05-20,0.17341551906419816
2006-05-21,0.07952049428197115
2006-05-22,0.09544971147194513
2006-05-23,0.1158041241662729
2006-05-24,0.1896906970075593
2006-05-25,0.1346254440962445
2006-05-26,0.24584722902423975
2006-05-27,0.20312512467248178
2006-05-28,0.14049503610532538
2006-05-29,0.20576204431975859
2006-05-30,0.18709764583774532
2006-05-31,0.1539370770232856
2006-06-01,0.11184233603030971
2006-06-02,0.014446764130651782
2006-06-03,0.08233267454980116
2006-06-04,0.08678918115387842
2006-06-05,0.08375815278687332
2006-06-06,0.14099286839694516
2006-06-07,0.057493293889364035
2006-06-08,0.07627357560177923
2006-06-09,0.07537967746678378
2006-06-10,0.13138036315369936
2006-06-11,0.24555935598491968
2006-06-12,0.1701307133576152
2006-06-13,0.17358559200944687
2006-06-14,0.09088412348710502
2006-06-15,0.03739379185289421
2006-06-16,0.1235358058466837
2006-06-17,0.13475897672106515
2006-06-18,0.18844288918205984
2006-06-19,0.14969523163142287
2006-06-20,0.32308655409991427
2006-06-21,0.1595639418423268
2006-06-22,0.16442392645667372
2006-06-23,0.14362442180869944
2006-06-24,0.18265339306908393
2006-06-25,0.11354811341810771
2006-06-26,0.07092280830213393
2006-06-27,0.0888951160782158
2006-06-28,0.02554756897447332
2006-06-29,0.07660677536929747
2006-06-30,0.10550267717812031
2006-07-01,0.2500744336231674
2006-07-02,0.07542712412236052
2006-07-03,0.07990496801027222
2006-07-04,0.11558134666235666
2006-07-05,0.1377191588120603
2006-07-06,0.14702872470549577
2006-07-07,0.19025365606381883
2006-07-08,0.06963112411752842
2006-07-09,0.11595883210485886
2006-07-10,0.06410457800809781
2006-07-11,0.0773016395175225
2006-07-12,0.15765668263434687
2006-07-13,0.20042515280016354
2006-07-14,0.17865029261491347
2006-07-15,0.11916468400828405
2006-07-16,0.16555442002780837
2006-07-17,0.0993008660328826
2006-07-18,0.07700732895986642
2006-07-19,0.10761135532875991
2006-07-20,0.1544851844721223
2006-07-21,0.08241646305423246
2006-07-22,0.07517427969823277
2006-07-23,0.003380134111402061
2006-07-24,0.22396283427745278
2006-07-25,0.07309210757548083
2006-07-26,0.0
2006-07-27,0.09825005569037372
2006-07-28,0.11947697998318364
2006-07-29,0.06739181932505982
2006-07-30,0.021708238619224607
2006-07-31,0.09713137259830718
2006-08-01,0.12018286635996853
2006-08-02,0.11988453472570328
2006-08-03,0.05247947643382969
2006-08-04,0.040390296023845224
2006-08-05,0.08092195746436102
2006-08-06,0.07952561872095013
2006-08-07,0.11702223225492278
2006-08-08,0.06645182729954295
2006-08-09,0.031116569163962195
2006-08-10,0.10671110640749973
2006-08-11,0.18836366241221147
2006-08-12,0.012760527121460273
2006-08-13,0.028852433788233448
2006-08-14,0.06996129720499819
2006-08-15,0.09614002153246003
2006-08-16,0.07133875461848917
2006-08-17,0.047432141140498714
2006-08-18,0.04358747266528187
2006-08-19,0.16752880044634152
2006-08-20,0.11048445616789504
2006-08-21,0.18556164741216485
2006-08-22,0.1310520659426252
2006-08-23,0.10365340752946739
2006-08-24,0.10424010365894068
2006-08-25,0.19415139941226356
2006-08-26,0.12424358490848843
2006-08-27,0.04037323199505041
2006-08-28,0.18847257771443815
2006-08-29,0.1788734845056823
2006-08-30,0.15316140662633576
2006-08-31,0.008622871014810018
2006-09-01,0.09044482601896596
2006-09-02,0.13011788380189315
2006-09-03,0.08860592966311084
2006-09-04,0.0909121288280872
2006-09-05,0.08417028576619226
2006-09-06,0.021133990589447864
2006-09-07,0.07161702295160098
2006-09-08,0.002096914376117552
2006-09-09,0.037017420793220526
2006-09-10,0.03151701464779927
2006-09-11,0.09959758986197423
2006-09-12,0.08733373560801946
2006-09-13,0.07132716316191046
2006-09-14,0.08048070127181056
2006-09-15,0.08969248881271792
2006-09-16,0.16995793064867726
2006-09-17,0.12158415801732034
2006-09-18,0.0
2006-09-19,0.012661001016492056
2006-09-20,0.030085306882277056
2006-09-21,0.025487014569538745
2006-09-22,0.039948335731540684
2006-09-23,0.12387893480101554
2006-09-24,0.08186791141944355
2006-09-25,0.08114878335718789
2006-09-26,0.0
2006-09-27,0.0
2006-09-28,0.035617651244365944
2006-09-29,0.08718763408229535
2006-09-30,0.08845390689153132
2006-10-01,0.10780235358155915
2006-10-02,0.012704146103543312
2006-10-03,0.09251984592344671
2006-10-04,0.12116097857954947
2006-10-05,0.08302531400630456
2006-10-06,0.0
2006-10-07,0.09037667928312297
2006-10-08,0.06966544062227437
2006-10-09,0.06541762336763146
2006-10-10,0.16973901228416322
2006-10-11,0.0668365225737714
2006-10-12,0.09162066603011904
2006-10-13,0.07640908704078965
2006-10-14,0.05409371311761129
2006-10-15,0.07622948019928699
2006-10-16,0.06172850994804012
2006-10-17,0.07741785163324048
2006-10-18,0.04428096248821617
2006-10-19,0.0
2006-10-20,0.02035995876116805
2006-10-21,0.12956560795323033
2006-10-22,0.13989787618874816
2006-10-23,0.10217340348335954
2006-10-24,0.11286661854469315
2006-10-25,0.04643496571190947
2006-10-26,0.039928825286577735
2006-10-27,0.05806666898375913
2006-10-28,0.045984249801347056
2006-10-29,0.008645122531423993
2006-10-30,0.051157562610862566
2006-10-31,0.0
2006-11-01,0.13688549290895524
2006-11-02,0.09538553358726481
2006-11-03,0.0
2006-11-04,0.07817868681530035
2006-11-05,0.03209827631293774
2006-11-06,0.035088225830200645
2006-11-07,0.1067029085876989
2006-11-08,0.0643322951870276
2006-11-09,0.05180656699749127
2006-11-10,0.015440558676639973
2006-11-11,0.1058903510447103
2006-11-12,0.147977562251623
2006-11-13,0.09322881342303474
2006-11-14,0.034410875654333116
2006-11-15,0.10082544625020254
2006-11-16,0.10437269004666272
2006-11-17,0.06610906579274596
2006-11-18,0.10029804985200777
2006-11-19,0.05795801909554107
2006-11-20,0.07959989833703174
2006-11-21,0.14405349352008306
2006-11-22,0.02899174352947218
2006-11-23,0.0
2006-11-24,0.043205264562742325
2006-11-25,0.029234700467203178
2006-11-26,0.042130027709001455
2006-11-27,0.13639488617705034
2006-11-28,0.0784316197485103
2006-11-29,0.0
2006-11-30,0.13991008905070168
2006-12-01,0.026973965537873665
2006-12-02,0.09359089043823376
2006-12-03,0.15080498786361157
2006-12-04,0.1367515080199481
2006-12-05,0.1594610466962394
2006-12-06,0.024592794231087803
2006-12-07,0.11469236883164907
2006-12-08,0.14481801476821737
2006-12-09,0.19340050132314796
2006-12-10,0.06470355459868615
2006-12-11,0.11500880290744185
2006-12-12,0.12910313162541706
2006-12-13,0.14159353437120778
2006-12-14,0.03139676546372433
2006-12-15,0.13143031743984446
2006-12-16,0.08602481641597898
2006-12-17,0.13407791748798267
2006-12-18,0.09050047899473174
2006-12-19,0.11748295705629634
2006-12-20,0.1265388851857692
2006-12-21,0.15213925103317788
2006-12-22,0.05920423032070055
2006-12-23,0.07527926155569997
2006-12-24,0.12568635488433333
2006-12-25,0.1427621652238872
2006-12-26,0.059016801882249156
2006-12-27,0.10149206136579764
2006-12-28,0.027181147548609425
2006-12-29,0.11237135155304759
2006-12-30,0.1572404590291064
2006-12-31,0.11803865846337482
2007-01-01,0.18101554376225387
2007-01-02,0.09226776132123267
2007-01-03,0.13031569209114352
2007-01-04,0.16715954659161902
2007-01-05,0.07163381514590825
2007-01-06,0.04753073447133821
2007-01-07,0.11490047021278449
2007-01-08,0.06805532523883899
2007-01-09,0.0275510273527194
2007-01-10,0.14750261992127747
2007-01-11,0.18740644335062473
2007-01-12,0.13623963604965905
2007-01-13,0.05109738273895599
2007-01-14,0.10418197213116427
2007-01-15,0.05737458033849256
2007-01-16,0.02071774417343593
2007-01-17,0.10014237568906045
2007-01-18,0.14268964340525014
2007-01-19,0.17195186064833823
2007-01-20,0.1984097410392637
2007-01-21,0.19532177173966958
2007-01-22,0.09683223949257125
2007-01-23,0.09924710393124729
2007-01-24,0.07341135415655614
2007-01-25,0.10539991625963097
2007-01-26,0.10591791867931817
2007-01-27,0.08106939257734902
2007-01-28,0.11165238287368663
2007-01-29,0.03314200771986332
2007-01-30,0.010810388463730447
2007-01-31,0.06039571494730275
2007-02-01,0.08036746835843535
2007-02-02,0.1061839102665411
2007-02-03,0.05845885334319147
2007-02-04,0.1114159522075816
2007-02-05,0.09726557074197527
2007-02-06,0.16275735073093034
2007-02-07,0.06842482675047781
2007-02-08,0.0774463907499639
2007-02-09,0.043098637945710686
2007-02-10,0.21619784589883684
2007-02-11,0.16720762959229885
2007-02-12,0.07775519433000128
2007-02-13,0.2349636037218002
2007-02-14,0.21683820875209253
2007-02-15,0.17404755617543063
2007-02-16,0.16687966588581446
2007-02-17,0.20622480796791579
2007-02-18,0.121233048117098
2007-02-19,0.1391554136216292
2007-02-20,0.14462498075201782
2007-02-21,0.06893433819534692
2007-02-22,0.19777678054741982
2007-02-23,0.12386139727663045
2007-02-24,0.09644334762345341
2007-02-25,0.07560654743291798
2007-02-26,0.09045051642693848
2007-02-27,0.12657724898056102
2007-02-28,0.1682344437949086
2007-03-01,0.14061921081156714
2007-03-02,0.04875042480604031
2007-03-03,0.12426494166195079
2007-03-04,0.16461425579194916
2007-03-05,0.09933983395805465
2007-03-06,0.09091752491611474
2007-03-07,0.0685757224801119
2007-03-08,0.13618954452377316
2007-03-09,0.103450969518162
2007-03-10,0.1264765780188256
2007-03-11,0.06629912252831933
2007-03-12,0.17344334526240185
2007-03-13,0.1797144452720912
2007-03-14,0.1824080457739733
2007-03-15,0.07268679660680262
2007-03-16,0.18524076819712904
2007-03-17,0.07467716788433501
2007-03-18,0.10214005310169441
2007-03-19,0.1152945634145417
2007-03-20,0.16365804115640264
2007-03-21,0.24436752260257977
2007-03-22,0.1869316353297806
2007-03-23,0.16256757124025467
2007-03-24,0.017325769877439168
2007-03-25,0.166662138963354
2007-03-26,0.04553651820276251
2007-03-27,0.13439682320085256
2007-03-28,0.06974355180690422
2007-03-29,0.10378082323509333
2007-03-30,0.17463778189068713
2007-03-31,0.03447407126416256
2007-04-01,0.10877453622272298
2007-04-02,0.20506647474544082
2007-04-03,0.2505973192739168
2007-04-04,0.14791084721425465
2007-04-05,0.16158578736932622
2007-04-06,0.1766181774281769
2007-04-07,0.16483540132362942
2007-04-08,0.07752248598870234
2007-04-09,0.0767371992917507
2007-04-10,0.028170652739542057
2007-04-11,0.1172591948568828
2007-04-12,0.1141814948832626
2007-04-13,0.26843376939226543
2007-04-14,0.1416345029423769
2007-04-15,0.1471126586431951
2007-04-16,0.20860857999488042
2007-04-17,0.11690273463184343
2007-04-18,0.10817415082736528
2007-04-19,0.18044482905295842
2007-04-20,0.1710780850820495
2007-04-21,0.23467329394897737
2007-04-22,0.26592648724559276
2007-04-23,0.10877038310548025
2007-04-24,0.1810575232859601
2007-04-25,0.0869441792911412
2007-04-26,0.14550195464671312
2007-04-27,0.14334730725491743
2007-04-28,0.21455118959912312
2007-04-29,0.21192144268922003
2007-04-30,0.07050716832591462
2007-05-01,0.1646096344278146
2007-05-02,0.18425057657612157
2007-05-03,0.1934685613500805
2007-05-04,0.13879484420329694
2007-05-05,0.11995283150814566
2007-05-06,0.03581372409449712
2007-05-07,0.1577993251506941
2007-05-08,0.13611662816465725
2007-05-09,0.1785383077300652
2007-05-10,0.10977159372257461
2007-05-11,0.12261919235683497
2007-05-12,0.14641214905722147
2007-05-13,0.1659691945435598
2007-05-14,0.10774247466907794
2007-05-15,0.2578860081287106
2007-05-16,0.12510503337355944
2007-05-17,0.16285302941695223
2007-05-18,0.1146601436742351
2007-05-19,0.07543898516298933
2007-05-20,0.1546895340950102
2007-05-21,0.17524903473762532
2007-05-22,0.18025962696365772
2007-05-23,0.08354964726367563
2007-05-24,0.09204881382269095
2007-05-25,0.10521783638821369
2007-05-26,0.08004419216639745
2007-05-27,0.05476060661460306
2007-05-28,0.1252680518185725
2007-05-29,0.16396773161594952
2007-05-30,0.1081989421632497
2007-05-31,0.22002425641895956
2007-06-01,0.15634233252166466
2007-06-02,0.16906598937722678
2007-06-03,0.22063476430881715
2007-06-04,0.1504402575071472
2007-06-05,0.1405619857097852
2007-06-06,0.21451471236924452
2007-06-07,0.20584256626695374
2007-06-08,0.25090211660953715
2007-06-09,0.14939316267511737
2007-06-10,0.07118981110913984
2007-06-11,0.21450500532210914
2007-06-12,0.06307528686190042
2007-06-13,0.14722997868236382
2007-06-14,0.10043141354619889
2007-06-15,0.021599846983754258
2007-06-16,0.02616008746407189
2007-06-17,0.20065771358993378
2007-06-18,0.08345162919664117
2007-06-19,0.05150775320614312
2007-06-20,0.0919444260687982
2007-06-21,0.09717574421768634
2007-06-22,0.0949027693037075
2007-06-23,0.09145638871324631
2007-06-24,0.06016399579212927
2007-06-25,0.09950964971073928
2007-06-26,0.16753957127124203
2007-06-27,0.012311411121514772
2007-06-28,0.08976814276308727
2007-06-29,0.006737293604081672
2007-06-30,0.03512678404021928
2007-07-01,0.10856889396768324
2007-07-02,0.0
2007-07-03,0.180698600152004
2007-07-04,0.0009356427815242208
2007-07-05,0.0
2007-07-06,0.04956229881112146
2007-07-07,0.037628014805965934
2007-07-08,0.05033629871332627
2007-07-09,0.10959563049056789
2007-07-10,0.041417169222913754
2007-07-11,0.1370721347497705
2007-07-12,0.1439297004071932
2007-07-13,0.014601537363451655
2007-07-14,0.11969539117222824
2007-07-15,0.09778132620768012
2007-07-16,0.1846112327031848
2007-07-17,0.15346550390261127
2007-07-18,0.08305340366353406
2007-07-19,0.19447649719576707
2007-07-20,0.1442188850467311
2007-07-21,0.19847009094127854
2007-07-22,0.1726460389634561
2007-07-23,0.11308223895065042
2007-07-24,0.05325932460744413
2007-07-25,0.07124654057433281
2007-07-26,0.16328100006779894
2007-07-27,0.028224244628574008
2007-07-28,0.1110083515563414
2007-07-29,0.05670181440716632
2007-07-30,0.06075649607746122
2007-07-31,0.07058113254447873
2007-08-01,0.06986265366581565
2007-08-02,0.08942493824642103
2007-08-03,0.1120585125889231
2007-08-04,0.15578160049796813
2007-08-05,0.14521403452576326
2007-08-06,0.10895811819382617
2007-08-07,0.02863697822129732
2007-08-08,0.06819693544066611
2007-08-09,0.055887458851009306
2007-08-10,0.09145304616667853
2007-08-11,0.0631652959249499
2007-08-12,0.020910095798070905
2007-08-13,0.13675037903094756
2007-08-14,0.15015861952166626
2007-08-15,0.024352224995661906
2007-08-16,0.09038463767434199
2007-08-17,0.04898775985843765
2007-08-18,0.060234960117211495
2007-08-19,0.03573170336874872
2007-08-20,0.04271914157638596
2007-08-21,0.08748092673777819
2007-08-22,0.0
2007-08-23,0.019480033889650736
2007-08-24,0.26107380612867204
2007-08-25,0.0
2007-08-26,0.03281563377503808
2007-08-27,0.08730531613722001
2007-08-28,0.047824423328684855
2007-08-29,0.05309401627492211
2007-08-30,0.14034889731855943
2007-08-31,0.1608097285904633
2007-09-01,0.09005775172754008
2007-09-02,0.17129182152488098
2007-09-03,0.07800971991934641
2007-09-04,0.0481717700088261
2007-09-05,0.10478799916043768
2007-09-06,0.005136332288004156
2007-09-07,0.1702076739552495
2007-09-08,0.18561822117580856
2007-09-09,0.11394869975316874
2007-09-10,0.05193149716351886
2007-09-11,0.015186331793601321
2007-09-12,0.0
2007-09-13,0.16500780372220253
2007-09-14,0.02311022392760409
2007-09-15,0.09200468544621149
2007-09-16,0.07063998295828325
2007-09-17,0.0
2007-09-18,0.056034749258663454
2007-09-19,0.013797431460521273
2007-09-20,0.0985984318568352
2007-09-21,0.12664627119712268
2007-09-22,0.10882634869448932
2007-09-23,0.053573903410488524
2007-09-24,0.10979195394624942
2007-09-25,0.13992763823404142
2007-09-26,0.02928065532126921
2007-09-27,0.1928840050276061
2007-09-28,0.077635468027974
2007-09-29,0.07704733306020428
2007-09-30,0.14147198476363523
2007-10-01,0.049203926371532467
2007-10-02,0.05911643463276813
2007-10-03,0.025346486563737967
2007-10-04,0.042709265162446705
2007-10-05,0.06866877991722514
2007-10-06,0.017089642376855063
2007-10-07,0.0
2007-10-08,0.06467296634755262
2007-10-09,0.017775424814240423
2007-10-10,0.0988264503666812
2007-10-11,0.0532961384706074
2007-10-12,0.0
2007-10-13,0.13652313249721726
2007-10-14,0.05925885706790267
2007-10-15,0.09954917310969558
2007-10-16,0.1516045480626339
2007-10-17,0.05572163374156383
2007-10-18,0.07927397476197436
2007-10-19,0.13278212474315804
2007-10-20,0.04859723822498236
2007-10-21,0.11522759983020187
2007-10-22,0.06374940955254044
2007-10-23,0.0882631995107466
2007-10-24,0.08063087930916085
2007-10-25,0.06781346097343578
2007-10-26,0.052498354003308045
2007-10-27,0.04736092706552552
2007-10-28,0.0
2007-10-29,0.0365469276688737
2007-10-30,0.03273127569053838
2007-10-31,0.07252795948778878
2007-11-01,0.0641232596078275
2007-11-02,0.11879788941134553
2007-11-03,0.11536329933834807
2007-11-04,0.1379373636131449
2007-11-05,0.06765718079818105
2007-11-06,0.033930411822335235
2007-11-07,0.0
2007-11-08,0.1086833132661702
2007-11-09,0.0
2007-11-10,0.04033374361105639
2007-11-11,0.10570984320789725
2007-11-12,0.07145900574974987
2007-11-13,0.19882987882116698
2007-11-14,0.07672905610953065
2007-11-15,0.1723977165108877
2007-11-16,0.05176450264726071
2007-11-17,0.17713363413253563
2007-11-18,0.005970539524891114
2007-11-19,0.22079691385445674
2007-11-20,0.07781567571374295
2007-11-21,0.06806053158607017
2007-11-22,0.0864922726673854
2007-11-23,0.019289953740065154
2007-11-24,0.11069728574703583
2007-11-25,0.05318038479360158
2007-11-26,0.0423510075922692
2007-11-27,0.1367667421759947
2007-11-28,5.5606928985207915e-05
2007-11-29,0.10339047265111913
2007-11-30,0.08330263398135859
2007-12-01,0.15021606389925157
2007-12-02,0.08622854812008508
2007-12-03,0.06857599987996249
2007-12-04,0.17537731641533771
2007-12-05,0.1134167456977443
2007-12-06,0.04399867221543008
2007-12-07,0.09990948204582747
2007-12-08,0.06559893651535628
2007-12-09,0.11086247604158286
2007-12-10,0.13449034243086466
2007-12-11,0.07170776779100725
2007-12-12,0.010576411402005381
2007-12-13,0.13151089950102876
2007-12-14,0.10387111491810405
2007-12-15,0.0894239515636375
2007-12-16,0.13027311206069203
2007-12-17,0.16198709026704194
2007-12-18,0.05066482950980705
2007-12-19,0.12367716916962489
2007-12-20,0.0
2007-12-21,0.0738036069584839
2007-12-22,0.08784434528463927
2007-12-23,0.08071979035258518
2007-12-24,0.18208634847565064
2007-12-25,0.06685618264301123
2007-12-26,0.027849537855290776
2007-12-27,0.06519778709907288
2007-12-28,0.016901599854046573
2007-12-29,0.08907000939247574
2007-12-30,0.1638786897741867
2007-12-31,0.16291376657631312
2008-01-01,0.11215456400747628
2008-01-02,0.13510603111114305
2008-01-03,0.20801925239328534
2008-01-04,0.09644073203304142
2008-01-05,0.04225215918134839
2008-01-06,0.13028741614288855
2008-01-07,0.12554265999242462
2008-01-08,0.14384380128230445
2008-01-09,0.17013313669042718
2008-01-10,0.13434374418504766
2008-01-11,0.09552898607942344
2008-01-12,0.08596732420674556
2008-01-13,0.1218443510738138
2008-01-14,0.009968651928952299
2008-01-15,0.038858973894032145
2008-01-16,0.05693199285018019
2008-01-17,0.13035013284303432
2008-01-18,0.05668269298195544
2008-01-19,0.0933282888903047
2008-01-20,0.18508974468534878
2008-01-21,0.1584558157176238
2008-01-22,0.018581050498479773
2008-01-23,0.15138251557316867
2008-01-24,0.11110052686365439
2008-01-25,0.05888277568680129
2008-01-26,0.06212229169166577
2008-01-27,0.08885862598975765
2008-01-28,0.01978879978907684
2008-01-29,0.09450580962108124
2008-01-30,0.21823567984937903
2008-01-31,0.1349465940083054
2008-02-01,0.02709678371955157
2008-02-02,0.11819261996237918
2008-02-03,0.15751897138989954
2008-02-04,0.06337048545161708
2008-02-05,0.07006886897987533
2008-02-06,0.1562685862383218
2008-02-07,0.18507613842327264
2008-02-08,0.12861943793057978
2008-02-09,0.14888807799554005
2008-02-10,0.23262411020091014
2008-02-11,0.12349587332522759
2008-02-12,0.13879187214119643
2008-02-13,0.15772083577295745
2008-02-14,0.14586749718619865
2008-02-15,0.16511954882795213
2008-02-16,0.09012509285315624
2008-02-17,0.13209247090199092
2008-02-18,0.19027093911834747
2008-02-19,0.12858139417169928
2008-02-20,0.0136840948904932
2008-02-21,0.06342747827587467
2008-02-22,0.17251440253455275
2008-02-23,0.12214636751100964
2008-02-24,0.16900234485775661
2008-02-25,0.08837584898567952
2008-02-26,0.14994217186812475
2008-02-27,0.2292054849646058
2008-02-28,0.10983862627188551
2008-02-29,0.12918646015248128
2008-03-01,0.20123675471579686
2008-03-02,0.22213998700248444
2008-03-03,0.10393745021877321
2008-03-04,0.1776489062773057
2008-03-05,0.19470314573995376
2008-03-06,0.18327804543159923
2008-03-07,0.09160501864468616
2008-03-08,0.06704636985800538
2008-03-09,0.0829904250580149
2008-03-10,0.06040857843923173
2008-03-11,0.08413633953830935
2008-03-12,0.11632315054026866
2008-03-13,0.053238468259685534
2008-03-14,0.19651707501275
2008-03-15,0.08728976656529136
2008-03-16,0.09111956501358476
2008-03-17,0.11737004728537445
2008-03-18,0.2492339631605561
2008-03-19,0.15144040508148954
2008-03-20,0.237243440668639
2008-03-21,0.21221723634672646
2008-03-22,0.0
2008-03-23,0.05909292266972682
2008-03-24,0.09458710663531977
2008-03-25,0.2482199529643053
2008-03-26,0.11129599913350105
2008-03-27,0.07718195470657481
2008-03-28,0.07150668509865804
2008-03-29,0.07100795284578623
2008-03-30,0.06182073858132764
2008-03-31,0.055082733632238874
2008-04-01,0.11156625650563701
2008-04-02,0.11267431325436264
2008-04-03,0.11032320247547202
2008-04-04,0.1553604029215334
2008-04-05,0.13473352058940558
2008-04-06,0.19936999830698107
2008-04-07,0.1961290395702444
2008-04-08,0.18398101081657786
2008-04-09,0.10807280331246899
2008-04-10,0.22338516103652598
2008-04-11,0.13934928978467565
2008-04-12,0.14743249752615614
2008-04-13,0.11169013095119643
2008-04-14,0.16960515004526955
2008-04-15,0.026394054130702636
2008-04-16,0.04470575514853519
2008-04-17,0.03385850952944538
2008-04-18,0.07206851012855234
2008-04-19,0.21386799198566175
2008-04-20,0.24245645947958241
2008-04-21,0.177589113239218
2008-04-22,0.12502608885551242
2008-04-23,0.21328117693175888
2008-04-24,0.4262699412026489
2008-04-25,0.3291361949372358
2008-04-26,0.2905760800647926
2008-04-27,0.2151037192165784
2008-04-28,0.14734064890728774
2008-04-29,0.1277147610288873
2008-04-30,0.10641696844500659
2008-05-01,0.15717565583840193
2008-05-02,0.12230183683026953
2008-05-03,0.10531753024979161
2008-05-04,0.2770125416576237
2008-05-05,0.16745588091367547
2008-05-06,0.23960358236390308
2008-05-07,0.23144846664012547
2008-05-08,0.22683901301439766
2008-05-09,0.06741853872322157
2008-05-10,0.06134798931106304
2008-05-11,0.0
2008-05-12,0.0
2008-05-13,0.011737439786305107
2008-05-14,0.12997199830134384
2008-05-15,0.12013681062317254
2008-05-16,0.2832823479563533
2008-05-17,0.1316432824586214
2008-05-18,0.1473081119446305
2008-05-19,0.10578935773352299
2008-05-20,0.0264253131275851
2008-05-21,0.12061146098878717
2008-05-22,0.010487589882620857
2008-05-23,0.063196991969662
2008-05-24,0.08953053525952914
2008-05-25,0.05979502452498315
2008-05-26,0.07501453898891103
2008-05-27,0.038119975094234274
2008-05-28,0.003092988842293913
2008-05-29,0.10572338523462971
2008-05-30,0.13579593478458146
2008-05-31,0.13765126778531628
2008-06-01,0.07649769598344422
2008-06-02,0.0
2008-06-03,0.07536098766676717
2008-06-04,0.13104408667688688
2008-06-05,0.0
2008-06-06,0.14541596168409113
2008-06-07,0.0
2008-06-08,0.11294870955995384
2008-06-09,0.15231731571768803
2008-06-10,0.18198787149853674
2008-06-11,0.11773932880867134
2008-06-12,0.07587648242363289
2008-06-13,0.11388614603688763
2008-06-14,0.054284307947915056
2008-06-15,0.0
2008-06-16,0.0647824148020781
2008-06-17,0.09210688047468779
2008-06-18,0.1213870725839503
2008-06-19,0.04232314981553622
2008-06-20,0.14977104932694313
2008-06-21,0.062406181945499725
2008-06-22,0.09442641428692412
2008-06-23,0.09371322542204744
2008-06-24,0.08158316484418944
2008-06-25,0.09080382057377745
2008-06-26,0.15652600225060698
2008-06-27,0.0
2008-06-28,0.07488015856720054
2008-06-29,0.0
2008-06-30,0.0
2008-07-01,0.10384993879929692
2008-07-02,0.06049408213228845
2008-07-03,0.20482071561353155
2008-07-04,0.068445716419025
2008-07-05,0.12636733422794647
2008-07-06,0.07595559304722209
2008-07-07,0.02381078343482941
2008-07-08,0.022584442745853542
2008-07-09,0.07333590293492749
2008-07-10,0.13376072908770237
2008-07-11,0.18389928740281744
2008-07-12,0.054275106460301606
2008-07-13,0.13258952156402817
2008-07-14,0.07138861560595594
2008-07-15,0.0169195445294405
2008-07-16,0.09813197407957189
2008-07-17,0.18566111738811353
2008-07-18,0.07679733341408632
2008-07-19,0.11528571370413027
2008-07-20,0.07293682563587335
2008-07-21,0.08484362628427744
2008-07-22,0.01979956352420311
2008-07-23,0.11017877249018208
2008-07-24,0.004902471394067201
2008-07-25,0.10176046758026742
2008-07-26,0.13764196693113628
2008-07-27,0.16005441043036087
2008-07-28,0.01807797908689182
2008-07-29,0.0967363872704413
2008-07-30,0.0291487898140809
2008-07-31,0.09179969609260535
2008-08-01,0.17985398941366054
2008-08-02,0.14719201886280625
2008-08-03,0.046271544649548045
2008-08-04,0.04085839546085133
2008-08-05,0.07075912049300176
2008-08-06,0.10914975626030705
2008-08-07,0.10928722391542621
2008-08-08,0.016068117861731984
2008-08-09,0.19090487144208768
2008-08-10,0.18227151005351044
2008-08-11,0.10304866128933962
2008-08-12,0.08683833293587469
2008-08-13,0.0728461129404819
2008-08-14,0.04628907939540547
2008-08-15,0.024225417788765434
2008-08-16,0.030248504396822667
2008-08-17,0.09685857843801432
2008-08-18,0.0667335972445683
2008-08-19,0.14211829970467427
2008-08-20,0.0007886121184547401
2008-08-21,0.023220412739236584
2008-08-22,0.0
2008-08-23,0.10645283474508715
2008-08-24,0.1630888954851072
2008-08-25,0.040961669920991844
2008-08-26,0.13801120320065902
2008-08-27,0.10019397458031716
2008-08-28,0.10900192314291021
2008-08-29,0.09945697600138384
2008-08-30,0.14459781408016456
2008-08-31,0.04022854946103707
2008-09-01,0.11722689138075984
2008-09-02,0.1706137616424394
2008-09-03,0.028954972160594075
2008-09-04,0.06436271085894607
2008-09-05,0.10597498467764217
2008-09-06,0.04747453727461944
2008-09-07,0.02196991182506653
2008-09-08,0.17671880034335863
2008-09-09,0.028640460363814013
2008-09-10,0.06174161578615535
2008-09-11,0.08011863812428122
2008-09-12,0.08267842233000966
2008-09-13,0.022136441589772342
2008-09-14,0.04060236156924002
2008-09-15,0.0
2008-09-16,0.016771737138623323
2008-09-17,0.08487696751669792
2008-09-18,0.09016907527472176
2008-09-19,0.08666225896631638
2008-09-20,0.028113948921212877
2008-09-21,0.017354602512030158
2008-09-22,0.0
2008-09-23,0.015903102811584743
2008-09-24,0.10253234918893601
2008-09-25,0.1270960704055265
2008-09-26,0.036352432624197656
2008-09-27,0.0959652084566239
2008-09-28,0.0
2008-09-29,0.0
2008-09-30,0.13928837327757587
2008-10-01,0.0
2008-10-02,0.09554101983140804
2008-10-03,0.11867870577274837
2008-10-04,0.035697859909488004
2008-10-05,0.0
2008-10-06,0.06337181263399787
2008-10-07,0.12042090962615538
2008-10-08,0.12453961593689979
2008-10-09,0.062035546128698764
2008-10-10,0.04529438151747743
2008-10-11,0.11611034124616179
2008-10-12,0.0
2008-10-13,0.12494095856791033
2008-10-14,0.06810146189284189
2008-10-15,0.006696865559198337
2008-10-16,0.0
2008-10-17,0.1358615941014634
2008-10-18,0.06171570222577841
2008-10-19,0.01809865404453346
2008-10-20,0.10327255553627232
2008-10-21,0.07757828368563377
2008-10-22,0.10460384933813115
2008-10-23,0.08151840015679462
2008-10-24,0.10059321214923436
2008-10-25,0.1171843878508873
2008-10-26,0.012807575248037606
2008-10-27,0.1571031398689987
2008-10-28,0.04721090587156941
2008-10-29,0.09383295135315844
2008-10-30,0.07510003663616752
2008-10-31,0.034803732930123024
2008-11-01,0.1241855988960252
2008-11-02,0.029747124306163407
2008-11-03,0.14477164520994495
2008-11-04,0.11377334099101921
2008-11-05,0.033673382400100475
2008-11-06,0.023875226812889228
2008-11-07,0.14478159605607355
2008-11-08,0.03692084311337108
2008-11-09,0.09581553910838951
2008-11-10,0.12490795091335824
2008-11-11,0.09486266926593265
2008-11-12,0.07359329500091323
2008-11-13,0.03570088334874581
2008-11-14,0.09235733083803974
2008-11-15,0.0
2008-11-16,0.0731876863546588
2008-11-17,0.028170630986857056
2008-11-18,0.048899129658034966
2008-11-19,0.12172849510255633
2008-11-20,0.06978060147534006
2008-11-21,0.16033715910426902
2008-11-22,0.12538784733983044
2008-11-23,0.03831418143792611
2008-11-24,0.11846002202837262
2008-11-25,0.051355986646136866
2008-11-26,0.11673053359050607
2008-11-27,0.164316523775544
2008-11-28,0.015318111576857356
2008-11-29,0.09383353131694469
2008-11-30,0.09051785181016901
2008-12-01,0.007669554951151875
2008-12-02,0.0130071899226313
2008-12-03,0.0
2008-12-04,0.08037213318890202
2008-12-05,0.025688123215146772
2008-12-06,0.05827431917830334
2008-12-07,0.21171775526985948
2008-12-08,0.044998875366129454
2008-12-09,0.22221495213262657
2008-12-10,0.016075835687181045
2008-12-11,0.11923817483462636
2008-12-12,0.06613030614072334
2008-12-13,0.08483505254686347
2008-12-14,0.0929326833800507
2008-12-15,0.09199518418061933
2008-12-16,0.1395405326227705
2008-12-17,0.15641556395220402
2008-12-18,0.10171944390816368
2008-12-19,0.12632180352784508
2008-12-20,0.17478463765759528
2008-12-21,0.07062465614801527
2008-12-22,0.1343850832899716
2008-12-23,0.251691191156377
2008-12-24,0.2289415163624612
2008-12-25,0.22481695281181324
2008-12-26,0.17186614310706788
2008-12-27,0.18408827495885316
2008-12-28,0.11708070528092285
2008-12-29,0.10678333705935424
2008-12-30,0.0822715737592172
2008-12-31,0.07153924097278846
2009-01-01,0.10716061893410031
2009-01-02,0.06153330168908959
2009-01-03,0.1207541624594242
2009-01-04,0.043715252064936067
2009-01-05,0.08724958955289794
2009-01-06,0.20383605874454414
2009-01-07,0.13218475002039243
2009-01-08,0.2451259514491833
2009-01-09,0.10849741995552127
2009-01-10,0.14325382207093537
2009-01-11,0.1400392767712099
2009-01-12,0.13362410368052458
2009-01-13,0.0482424585498684
2009-01-14,0.12027681330496329
2009-01-15,0.06839025173473506
2009-01-16,0.10452276813241176
2009-01-17,0.0
2009-01-18,0.08119624057675309
2009-01-19,0.10750266271477413
2009-01-20,0.1306084446205572
2009-01-21,0.048414076453545965
2009-01-22,0.05921873911998164
2009-01-23,0.18523709071454125
2009-01-24,0.21701477741192104
2009-01-25,0.14420691667767516
2009-01-26,0.16402763690143551
2009-01-27,0.08007563967748167
2009-01-28,0.15358142430235214
2009-01-29,0.1282188131066414
2009-01-30,0.0877042381487799
2009-01-31,0.1395645652181346
2009-02-01,0.10959405150634874
2009-02-02,0.14017351147610582
2009-02-03,0.14502851279165177
2009-02-04,0.0793221311455706
2009-02-05,0.1321602815109686
2009-02-06,0.16202780427079425
2009-02-07,0.18376991585920005
2009-02-08,0.05907921051401269
2009-02-09,0.14479581038288972
2009-02-10,0.24659886040511222
2009-02-11,0.20259295280359482
2009-02-12,0.19768759200644584
2009-02-13,0.04427976312759131
2009-02-14,0.07207906431271814
2009-02-15,0.14631590035893755
2009-02-16,0.07424583657474021
2009-02-17,0.15216994230573633
2009-02-18,0.1320626922546317
2009-02-19,0.06528291646216114
2009-02-20,0.06089028964728484
2009-02-21,0.0
2009-02-22,0.1404806998937736
2009-02-23,0.07655507210925716
2009-02-24,0.12390095002979981
2009-02-25,0.10623096334702097
2009-02-26,0.0886393763843221
2009-02-27,0.11907367230170898
2009-02-28,0.08752247787806716
2009-03-01,0.08809835010592454
2009-03-02,0.10659799974133072
2009-03-03,0.12185145289935131
2009-03-04,0.015061530871945922
2009-03-05,0.14929420381918176
2009-03-06,0.0999226608588681
2009-03-07,0.18320947120909403
2009-03-08,0.1909313275549299
2009-03-09,0.29364111351699484
2009-03-10,0.25343339358304945
2009-03-11,0.1800907977678764
2009-03-12,0.19550962538926675
2009-03-13,0.18684772631592883
2009-03-14,0.12998189435816704
2009-03-15,0.18449102292022138
2009-03-16,0.10033439294620362
2009-03-17,0.05141248432236589
2009-03-18,0.09428816756583981
2009-03-19,0.02374851662033932
2009-03-20,0.051838453321947184
2009-03-21,0.22523879706246447
2009-03-22,0.19261968579050348
2009-03-23,0.1436630695176579
2009-03-24,0.19657196860386206
2009-03-25,0.08669547267148221
2009-03-26,0.15652846015719638
2009-03-27,0.1281183699924554
2009-03-28,0.07665070276573416
2009-03-29,0.08883904278507146
2009-03-30,0.08647929615058617
2009-03-31,0.13708287886045958
2009-04-01,0.11884261068149597
2009-04-02,0.0511879664655665
2009-04-03,0.08911350547346436
2009-04-04,0.07199312553121091
2009-04-05,0.10287472352645545
2009-04-06,0.10116606868830139
2009-04-07,0.006843547897142227
2009-04-08,0.09210706686126965
2009-04-09,0.19246183360084088
2009-04-10,0.19194602897975388
2009-04-11,0.17880041953336526
2009-04-12,0.16840104199115297
2009-04-13,0.1669219359787939
2009-04-14,0.04608969015003701
2009-04-15,0.02216507683169959
2009-04-16,0.08365616580831922
2009-04-17,0.095502459153957
2009-04-18,0.0551853282475973
2009-04-19,0.12215001853759265
2009-04-20,0.17889494709224033
2009-04-21,0.026669306201031223
2009-04-22,0.09047988762713786
2009-04-23,0.2041361551860319
2009-04-24,0.16739498691027765
2009-04-25,0.23447637530011264
2009-04-26,0.21907212268731924
2009-04-27,0.11465272006453611
2009-04-28,0.05101643962568597
2009-04-29,0.09002089364687808
2009-04-30,0.03743103661246665
2009-05-01,0.12520481389111346
2009-05-02,0.18323851009664172
2009-05-03,0.1626267590099297
2009-05-04,0.22697050748207095
2009-05-05,0.18108237961941698
2009-05-06,0.13145986559524117
2009-05-07,0.09455833812613768
2009-05-08,0.14234084143251396
2009-05-09,0.09752712149303512
2009-05-10,0.057771693821968575
2009-05-11,0.10993333651780833
2009-05-12,0.045686483816357135
2009-05-13,0.0
2009-05-14,0.11768965209068998
2009-05-15,0.13840779622844382
2009-05-16,0.09888267098008022
2009-05-17,0.06162197513223274
2009-05-18,0.10052710798167365
2009-05-19,0.031046522805737276
2009-05-20,0.14989323459082282
2009-05-21,0.05063206360953025
2009-05-22,0.12256102683025936
2009-05-23,0.061832037571471855
2009-05-24,0.19625022192954233
2009-05-25,0.14067780625409737
2009-05-26,0.32182014077333987
2009-05-27,0.21653881150804924
2009-05-28,0.17959441088342232
2009-05-29,0.18154630769101535
2009-05-30,0.24913204828992275
2009-05-31,0.09995053721177755
2009-06-01,0.09569528543512795
2009-06-02,0.08834636814489166
2009-06-03,0.09285794972633675
2009-06-04,0.18155090922192654
2009-06-05,0.07109316796423859
2009-06-06,0.07534853251602229
2009-06-07,0.09732991420186655
2009-06-08,0.07277167002293937
2009-06-09,0.12787150975583672
2009-06-10,0.13124200248503348
2009-06-11,0.11104164748457236
2009-06-12,0.06551548121747333
2009-06-13,0.17468818361236219
2009-06-14,0.13430864013529512
2009-06-15,0.11979743451935497
2009-06-16,0.13911782281645527
2009-06-17,0.2008290893502893
2009-06-18,0.09116730670089954
2009-06-19,0.0700163136869343
2009-06-20,0.10227106319676758
2009-06-21,0.086243738926886
2009-06-22,0.12274929112784953
2009-06-23,0.14332651800898644
2009-06-24,0.1291188832649995
2009-06-25,0.1856082364593371
2009-06-26,0.12317860775351817
2009-06-27,0.1354150062446837
2009-06-28,0.04989788384193041
2009-06-29,0.06859565628636835
2009-06-30,0.0
2009-07-01,0.14446404119250977
2009-07-02,0.19932146720968918
2009-07-03,0.0769275847709151
2009-07-04,0.10617412655222343
2009-07-05,0.0808941218075785
2009-07-06,0.0
2009-07-07,0.16463928140719425
2009-07-08,0.09491724130296464
2009-07-09,0.017102564903712952
2009-07-10,0.06881816874019075
2009-07-11,0.016106236030166893
2009-07-12,0.07743865239549058
2009-07-13,0.07910914970189285
2009-07-14,0.12291307661814986
2009-07-15,0.14072644005434198
2009-07-16,0.16171731255399593
2009-07-17,0.03603967202628402
2009-07-18,0.10665819105258531
2009-07-19,0.09879025485271109
2009-07-20,0.038893727156727106
2009-07-21,0.07870874353284145
2009-07-22,0.08087914765510643
2009-07-23,0.04658966703811937
2009-07-24,0.13637587416769736
2009-07-25,0.08973469400708392
2009-07-26,0.06787502419457682
2009-07-27,0.003950657404506841
2009-07-28,0.11389331561454827
2009-07-29,0.06351122766337747
2009-07-30,0.0822719146543522
2009-07-31,0.034302001518789635
2009-08-01,0.11072586111761963
2009-08-02,0.011911401743257742
2009-08-03,0.0
2009-08-04,0.02552061980750897
2009-08-05,0.12374016973590073
2009-08-06,0.12635447194163946
2009-08-07,0.10198590246392188
2009-08-08,0.11829180341275786
2009-08-09,0.12221219427880123
2009-08-10,0.246792541594699
2009-08-11,0.13176262052742105
2009-08-12,0.09688274591475136
2009-08-13,0.1046947529562432
2009-08-14,0.08141354573244307
2009-08-15,0.08704833312577243
2009-08-16,0.03006186247892581
2009-08-17,0.10473046597901023
2009-08-18,0.1336004205376699
2009-08-19,0.07753642350153406
2009-08-20,0.14989376706927549
2009-08-21,0.0
2009-08-22,0.19040474746935643
2009-08-23,0.16262722786309153
2009-08-24,0.1382633376704564
2009-08-25,0.036498194584375025
2009-08-26,0.07359603384501344
2009-08-27,0.05014464712837377
2009-08-28,0.09090921449294846
2009-08-29,0.08761012254446617
2009-08-30,0.07886406141815488
2009-08-31,0.08289293500903105
2009-09-01,0.11006411678805139
2009-09-02,0.23881170553911302
2009-09-03,0.16736870611038918
2009-09-04,0.10966303782248137
2009-09-05,0.08507109658999863
2009-09-06,0.10271960642404034
2009-09-07,0.034556107579314474
2009-09-08,0.06863745833721135
2009-09-09,0.0
2009-09-10,0.0726622274080972
2009-09-11,0.072224119022464
2009-09-12,0.03883711237817365
2009-09-13,0.07834073491506732
2009-09-14,0.0576973099859069
2009-09-15,0.07546190294837922
2009-09-16,0.11524056333993506
2009-09-17,0.061506854488310836
2009-09-18,0.03127712692275002
2009-09-19,0.0
2009-09-20,0.13758357307954755
2009-09-21,0.06650062619721611
2009-09-22,0.10202100813892812
2009-09-23,0.09489606256376244
2009-09-24,0.1563274339057428
2009-09-25,0.09136406621203988
2009-09-26,0.15813493853112215
2009-09-27,0.07248766453597319
2009-09-28,0.0
2009-09-29,0.16618898320652595
2009-09-30,0.10693840085819827
2009-10-01,0.05945685277833705
2009-10-02,0.07251949089340892
2009-10-03,0.053131352280947154
2009-10-04,0.0008521610894198159
2009-10-05,0.09655862264291865
2009-10-06,0.0441338720318338
2009-10-07,0.009712989647440995
2009-10-08,0.2611213143190032
2009-10-09,0.006882623292785911
2009-10-10,0.06285178121952727
2009-10-11,0.0
2009-10-12,0.14881830315326205
2009-10-13,0.06349863544212027
2009-10-14,0.1421136985161085
2009-10-15,0.06355904088812812
2009-10-16,0.031128925277206135
2009-10-17,0.05275258165818463
2009-10-18,0.14239886116409337
2009-10-19,0.09997681920291857
2009-10-20,0.0
2009-10-21,0.0
2009-10-22,0.040102396747649295
2009-10-23,0.11278539592768477
2009-10-24,0.04174425590794351
2009-10-25,0.15620759422754393
2009-10-26,0.10959753375486314
2009-10-27,0.166683529229962
2009-10-28,0.06478342612219981
2009-10-29,0.09810320315817155
2009-10-30,0.07499365474444497
2009-10-31,0.13761469515585237
2009-11-01,0.14305628973568718
2009-11-02,0.013170847516335571
2009-11-03,0.11552054333210465
2009-11-04,0.01661882904334626
2009-11-05,0.038466054514639164
2009-11-06,0.1283516237206563
2009-11-07,0.017466048809627543
2009-11-08,0.046759425770934886
2009-11-09,0.09956394298919116
2009-11-10,0.07134447957211466
2009-11-11,0.08646547818944987
2009-11-12,0.09031287191998341
2009-11-13,0.1452296291003447
2009-11-14,0.002301875766117352
2009-11-15,0.10309101361180507
2009-11-16,0.14061252062340068
2009-11-17,0.10742062817696515
2009-11-18,0.06561506688862331
2009-11-19,0.048242102366481035
2009-11-20,0.1080329783983782
2009-11-21,0.07115798712923925
2009-11-22,0.10100053323074537
2009-11-23,0.06915062265486402
2009-11-24,0.047065946777036585
2009-11-25,0.0
2009-11-26,0.04155501481205019
2009-11-27,0.0
2009-11-28,0.0
2009-11-29,0.033191347747273815
2009-11-30,0.12621325980005516
2009-12-01,0.08428060647620944
2009-12-02,0.13070825303254713
2009-12-03,0.13498392548936503
2009-12-04,0.10379844965235559
2009-12-05,0.04631708616297133
2009-12-06,0.1266542646509527
2009-12-07,0.15765155319185614
2009-12-08,0.1158736538644722
2009-12-09,0.02506642431293679
2009-12-10,0.10876552602956673
2009-12-11,0.14902436203226546
2009-12-12,0.12393386149305802
2009-12-13,0.048113926939446536
2009-12-14,0.04787780747333656
2009-12-15,0.0
2009-12-16,0.09829157492520701
2009-12-17,0.09510465058814543
2009-12-18,0.051783606064576874
2009-12-19,0.06182402424376609
2009-12-20,0.029569851634256447
2009-12-21,0.12665400430442703
2009-12-22,0.014271933882288063
2009-12-23,0.11709776071679916
2009-12-24,0.12387405978132512
2009-12-25,0.16688309276490026
2009-12-26,0.11148503646539137
2009-12-27,0.06493875664390297
2009-12-28,0.11297532916101596
2009-12-29,0.11358206092685996
2009-12-30,0.00949697239775061
2009-12-31,0.10227291537504746
2010-01-01,0.10613774307284657
2010-01-02,0.13956528772954085
2010-01-03,0.0989994147278907
2010-01-04,0.19176681339204613
2010-01-05,0.10000773002514907
2010-01-06,0.23881377351547195
2010-01-07,0.0736268351404566
2010-01-08,0.11043605528805443
2010-01-09,0.058597823367640536
2010-01-10,0.16614133685502305
2010-01-11,0.07766709052201463
2010-01-12,0.1583750016399404
2010-01-13,0.041511485957711626
2010-01-14,0.06911064295106385
2010-01-15,0.1472893490221101
2010-01-16,0.10411589097922333
2010-01-17,0.0
2010-01-18,0.20027391297093358
2010-01-19,0.20157941739948163
2010-01-20,0.06467417050884763
2010-01-21,0.032432880560638255
2010-01-22,0.1369503861772986
2010-01-23,0.15180574289549958
2010-01-24,0.1257277843740169
2010-01-25,0.23305663192062068
2010-01-26,0.03801615815287737
2010-01-27,0.1080915538628116
2010-01-28,0.11745871672915292
2010-01-29,0.10607169356357524
2010-01-30,0.10116487120466149
2010-01-31,0.06742339544082517
2010-02-01,0.09943028880328855
2010-02-02,0.09848245782049814
2010-02-03,0.056753759468749554
2010-02-04,0.1722038188539788
2010-02-05,0.13146913016973893
2010-02-06,0.08997304724204955
2010-02-07,0.11464222672915254
2010-02-08,0.09663775294453628
2010-02-09,0.049665148460967236
2010-02-10,0.08681397393087242
2010-02-11,0.08035820437704246
2010-02-12,0.07985228174422467
2010-02-13,0.18410217014322117
2010-02-14,0.13170031430986723
2010-02-15,0.12098621587222519
2010-02-16,0.05526452924202447
2010-02-17,0.10030082961858455
2010-02-18,0.1338884596528719
2010-02-19,0.0259585973708876
2010-02-20,0.08869557422124945
2010-02-21,0.05315443267590845
2010-02-22,0.10430603275089141
2010-02-23,0.13087650349026017
2010-02-24,0.11300744992037272
2010-02-25,0.14925393929415195
2010-02-26,0.1425251600239416
2010-02-27,0.13475472252595244
2010-02-28,0.06646953902552964
2010-03-01,0.04617104576099265
2010-03-02,0.08482547170186264
2010-03-03,0.09364039341588953
2010-03-04,0.05001163603814285
2010-03-05,0.10358223163554496
2010-03-06,0.14643049668446417
2010-03-07,0.01763142707726438
2010-03-08,0.11105064713237285
2010-03-09,0.16576399943031844
2010-03-10,0.08161657508789275
2010-03-11,0.2383530741171644
2010-03-12,0.10630902079257992
2010-03-13,0.13713623734126026
2010-03-14,0.24535004164991178
2010-03-15,0.21771946921697777
2010-03-16,0.15891803441980626
2010-03-17,0.10000747232299609
2010-03-18,0.0606604913407363
2010-03-19,0.11899404379726664
2010-03-20,0.10280443050991084
2010-03-21,0.0914270266313609
2010-03-22,0.159700285354967
2010-03-23,0.1466666588965896
2010-03-24,0.16007389175996892
2010-03-25,0.10723550036146258
2010-03-26,0.06618126389572283
2010-03-27,0.10090053808368901
2010-03-28,0.12947056174768504
2010-03-29,0.15631715632410756
2010-03-30,0.1457564970032291
2010-03-31,0.12284860406556719
2010-04-01,0.1567291007888305
2010-04-02,0.1057974540467683
2010-04-03,0.06582662816295831
2010-04-04,0.0634512348039692
2010-04-05,0.06505419090174225
2010-04-06,0.12364868214076072
2010-04-07,0.10048197000962529
2010-04-08,0.12701922416686803
2010-04-09,0.07341428971985495
2010-04-10,0.08185240864373872
2010-04-11,0.10972909712693425
2010-04-12,0.23240963102999362
2010-04-13,0.06779444502944405
2010-04-14,0.1498700753817988
2010-04-15,0.050936255988948645
2010-04-16,0.15597891129625416
2010-04-17,0.032561640078800684
2010-04-18,0.1892701975977405
2010-04-19,0.1332535941602572
2010-04-20,0.022773310234975613
2010-04-21,0.09315325627331045
2010-04-22,0.11095264627075982
2010-04-23,0.166208138059729
2010-04-24,0.11644359416856682
2010-04-25,0.2292372278528264
2010-04-26,0.2064926189478114
2010-04-27,0.12481313133051969
2010-04-28,0.035937893129059234
2010-04-29,0.04422270768289984
2010-04-30,0.1087745530608263
2010-05-01,0.11145683002273625
2010-05-02,0.06922479567135303
2010-05-03,0.1151163223332707
2010-05-04,0.05235610283235913
2010-05-05,0.037751461165238226
2010-05-06,0.12085797567893798
2010-05-07,0.1876890272661983
2010-05-08,0.025892573858337486
2010-05-09,0.07166640773233539
2010-05-10,0.0765528589431593
2010-05-11,0.10271525037613326
2010-05-12,0.07660732916975559
2010-05-13,0.058661773985577016
2010-05-14,0.11897538745996145
2010-05-15,0.0
2010-05-16,0.0917780092535281
2010-05-17,0.016001920880319903
2010-05-18,0.07661772404353255
2010-05-19,0.12188274923130307
2010-05-20,0.038362816793746306
2010-05-21,0.0732195661356781
2010-05-22,0.07923304384366492
2010-05-23,0.27323486151199783
2010-05-24,0.13737526099533814
2010-05-25,0.16072282131983368
2010-05-26,0.12716234219233472
2010-05-27,0.19537032021156236
2010-05-28,0.07389631598003285
2010-05-29,0.13651858727133467
2010-05-30,0.07737799223379248
2010-05-31,0.06192089110941419
2010-06-01,0.14414180477765282
2010-06-02,0.1650427850163016
2010-06-03,0.06499253232582865
2010-06-04,0.07031567593915436
2010-06-05,0.12651518275784746
2010-06-06,0.08648984235445203
2010-06-07,0.1350081029231382
2010-06-08,0.0
2010-06-09,0.01259241259612124
2010-06-10,0.07635285170976447
2010-06-11,0.09979910647431574
2010-06-12,0.06302116012552586
2010-06-13,0.080484797267304
2010-06-14,0.1310917718669343
2010-06-15,0.04061839048264044
2010-06-16,0.14456165899313986
2010-06-17,0.16597138634550188
2010-06-18,0.11727843760040638
2010-06-19,0.06870666173967246
2010-06-20,0.17107725715714525
2010-06-21,0.18148613853399492
2010-06-22,0.0835755691346554
2010-06-23,0.04553885785115933
2010-06-24,0.07120545364668576
2010-06-25,0.02693768806422949
2010-06-26,0.1354088686244208
2010-06-27,0.07734762371821756
2010-06-28,0.05120084961694195
2010-06-29,0.0962477774258092
2010-06-30,0.03674894888234827
2010-07-01,0.005850900502503045
2010-07-02,0.13592032552151395
2010-07-03,0.09180499115047128
2010-07-04,0.037909245976162326
2010-07-05,0.13973454017578896
2010-07-06,0.030743092049688607
2010-07-07,0.09758703472622302
2010-07-08,0.12987589519895862
2010-07-09,0.16357484536787528
2010-07-10,0.13007666315058827
2010-07-11,0.05756030175492888
2010-07-12,0.05904940517161623
2010-07-13,0.029151402946656274
2010-07-14,0.05591116983937697
2010-07-15,0.0588049680522452
2010-07-16,0.07544808038504208
2010-07-17,0.03659683366627217
2010-07-18,0.17344399323835813
2010-07-19,0.09626543478466545
2010-07-20,0.03565520216765819
2010-07-21,0.08678223529014592
2010-07-22,0.05953045575531564
2010-07-23,0.03178711205884775
2010-07-24,0.1531497025683145
2010-07-25,0.09726026479537436
2010-07-26,0.07866243586421356
2010-07-27,0.13839286343194296
2010-07-28,0.0934947526280695
2010-07-29,0.09313673009844381
2010-07-30,0.013458562524995856
2010-07-31,0.05191682281610162
2010-08-01,0.0
2010-08-02,0.0
2010-08-03,0.03168925466054073
2010-08-04,0.055237891458057124
2010-08-05,0.1861293186501136
2010-08-06,0.1852816231552836
2010-08-07,0.06231202400960333
2010-08-08,0.139169169759776
2010-08-09,0.02198264283247771
2010-08-10,0.14762065598901525
2010-08-11,0.031889802867965625
2010-08-12,0.06439446445191355
2010-08-13,0.1385547273897119
2010-08-14,0.06925710391964827
2010-08-15,0.1708658686773618
2010-08-16,0.03743172341247838
2010-08-17,0.09667032820219149
2010-08-18,0.05106000523279672
2010-08-19,0.08876190237071374
2010-08-20,0.0
2010-08-21,0.0
2010-08-22,0.01192060349590296
2010-08-23,0.027769784637611587
2010-08-24,0.09464231211062218
2010-08-25,0.0812770579019705
2010-08-26,0.0
2010-08-27,0.0416527744041331
2010-08-28,0.07506989274406874
2010-08-29,0.06003900950418117
2010-08-30,0.05006814677906567
2010-08-31,0.04705951028498864
2010-09-01,0.05990933758055883
2010-09-02,0.015109617812322
2010-09-03,0.04057510392555888
2010-09-04,0.019354599517225922
2010-09-05,0.0
2010-09-06,0.049825768361638725
2010-09-07,0.0
2010-09-08,0.016957766467957817
2010-09-09,0.06420033756363397
2010-09-10,0.061109033129828856
2010-09-11,0.04887006909496376
2010-09-12,0.047257825670328574
2010-09-13,0.05932747748098985
2010-09-14,0.032388009550216645
2010-09-15,0.0957452567584774
2010-09-16,0.0
2010-09-17,0.10903184686255277
2010-09-18,0.0
2010-09-19,0.04021240976688014
2010-09-20,0.10459321294961804
2010-09-21,0.08157932849659227
2010-09-22,0.0
2010-09-23,0.0342727323553166
2010-09-24,0.0046078539769814075
2010-09-25,0.07867275060950286
2010-09-26,0.054983811390627635
2010-09-27,0.02326252592535459
2010-09-28,0.06802346683512984
2010-09-29,0.09322287029441778
2010-09-30,0.06538993108132583
2010-10-01,0.08762165264972238
2010-10-02,0.1322054257528259
2010-10-03,0.0
2010-10-04,0.127024432804608
2010-10-05,0.12555901923813886
2010-10-06,0.0891954579954308
2010-10-07,0.03755254799069053
2010-10-08,0.0
2010-10-09,0.05499915780423399
2010-10-10,0.02092070158718896
2010-10-11,0.0
2010-10-12,0.032671083634521085
2010-10-13,0.08585967301425745
2010-10-14,0.09165697001113643
2010-10-15,0.011555612412759583
2010-10-16,0.0
2010-10-17,0.05278497956213475
2010-10-18,0.0073146289072442
2010-10-19,0.08797681105243843
2010-10-20,0.029171944270014183
2010-10-21,0.09501243650418431
2010-10-22,0.11104411054239026
2010-10-23,0.052692711905877855
2010-10-24,0.06843951959964568
2010-10-25,0.09534467760093233
2010-10-26,0.0
2010-10-27,0.09212779623146526
2010-10-28,0.048639954255008555
2010-10-29,0.0302824008588925
2010-10-30,0.1253170841323464
2010-10-31,0.09537653655567792
2010-11-01,0.036294889324400045
2010-11-02,0.06502826357698822
2010-11-03,0.08144631870016378
2010-11-04,0.0
2010-11-05,0.012741389563587079
2010-11-06,0.011133416255703951
2010-11-07,0.09369908162690299
2010-11-08,0.1568025756914488
2010-11-09,0.10542943700300095
2010-11-10,0.09175363246045062
2010-11-11,0.02969402301735178
2010-11-12,0.13096861327407275
2010-11-13,0.06284873464896129
2010-11-14,0.014699729147671217
2010-11-15,0.10467695136514525
2010-11-16,0.17000179433578044
2010-11-17,0.14538461685334625
2010-11-18,0.2511569953416567
2010-11-19,0.06939436333815382
2010-11-20,0.07151713266197889
2010-11-21,0.031927588349940854
2010-11-22,0.016037304639636908
2010-11-23,0.1639813409192581
2010-11-24,0.05974746800990242
2010-11-25,0.08503063216354098
2010-11-26,0.15678562613956942
2010-11-27,0.11937760808569134
2010-11-28,0.06691114807236304
2010-11-29,0.14301080664427152
2010-11-30,0.025281326761652984
2010-12-01,0.08420323052774487
2010-12-02,0.0855254560229633
2010-12-03,0.08298068529709769
2010-12-04,0.17804685481360916
2010-12-05,0.10008439947345901
2010-12-06,0.0002211917623765533
2010-12-07,0.062443361333014855
2010-12-08,0.05996168450059472
2010-12-09,0.16330072220647435
2010-12-10,0.0459341832009819
2010-12-11,0.13151682777477774
2010-12-12,0.12228713186682515
2010-12-13,0.055580027790757186
2010-12-14,0.037160939461062095
2010-12-15,0.07987728325973416
2010-12-16,0.10920553318262072
2010-12-17,0.02495242035048674
2010-12-18,0.11461652777748368
2010-12-19,0.12168824268958328
2010-12-20,0.024869144787330946
2010-12-21,0.14456313311551236
2010-12-22,0.13836231880544794
2010-12-23,0.17352554842094703
2010-12-24,0.16972733337327248
2010-12-25,0.12382068819574679
2010-12-26,0.17551183575149001
2010-12-27,0.18874227505595348
2010-12-28,0.026133670852786672
2010-12-29,0.040858400141891904
2010-12-30,0.0590597210618379
2010-12-31,0.16400924285102877
2011-01-01,0.16678372806650657
2011-01-02,0.15375669251185675
2011-01-03,0.13566522896121697
2011-01-04,0.13509443193399354
2011-01-05,0.19968604864448536
2011-01-06,0.22760711113868654
2011-01-07,0.18840684742262104
2011-01-08,0.1678489769247642
2011-01-09,0.1772802709578637
2011-01-10,0.19435606517572757
2011-01-11,0.21965381018964297
2011-01-12,0.10959981783875095
2011-01-13,0.08102844943513085
2011-01-14,0.1332346604254237
2011-01-15,0.03833191675591216
2011-01-16,0.07857989050009787
2011-01-17,0.1849099112254356
2011-01-18,0.08960280318450438
2011-01-19,0.08059831698513509
2011-01-20,0.0459814754925012
2011-01-21,0.12540207972920436
2011-01-22,0.12130689930529566
2011-01-23,0.11271995747145727
2011-01-24,0.18006997097609068
2011-01-25,0.11981582711882546
2011-01-26,0.06317528329794071
2011-01-27,0.0
2011-01-28,0.08129688248497717
2011-01-29,0.04616559971928912
2011-01-30,0.0757467528358721
2011-01-31,0.04813173377529294
2011-02-01,0.0
2011-02-02,0.22370698082084745
2011-02-03,0.03810021235518845
2011-02-04,0.10078983479072201
2011-02-05,0.0942397470074692
2011-02-06,0.04094924109277728
2011-02-07,0.18751458212762695
2011-02-08,0.1672525370666943
2011-02-09,0.19107165770218648
2011-02-10,0.28271488625620717
2011-02-11,0.24944005178817613
2011-02-12,0.13413258166977748
2011-02-13,0.15797818473775516
2011-02-14,0.06581768200876952
2011-02-15,0.03961630307493726
2011-02-16,0.0615744583607479
2011-02-17,0.22928331333848845
2011-02-18,0.08159970143719018
2011-02-19,0.15999145539283322
2011-02-20,0.05575092877485969
2011-02-21,0.044981502805412035
2011-02-22,0.06263990387825136
2011-02-23,0.08171578320764647
2011-02-24,0.09006380048707609
2011-02-25,0.19533935554469256
2011-02-26,0.09701307695937626
2011-02-27,0.08019468877459913
2011-02-28,0.1409151444443626
2011-03-01,0.25138547421991686
2011-03-02,0.15627365685033723
2011-03-03,0.13639303677887973
2011-03-04,0.156115107196601
2011-03-05,0.09869623236020862
2011-03-06,0.08836864333869833
2011-03-07,0.14447427931551549
2011-03-08,0.08942225946255344
2011-03-09,0.09674053449441725
2011-03-10,0.04644800846427254
2011-03-11,0.03898204837277482
2011-03-12,0.1643311542485221
2011-03-13,0.07531348608365515
2011-03-14,0.061498693451651446
2011-03-15,0.03306195919207511
2011-03-16,0.09400627052143934
2011-03-17,0.06724543837939316
2011-03-18,0.05555586678954881
2011-03-19,0.05370220779124321
2011-03-20,0.058991561278505376
2011-03-21,0.08807083083700068
2011-03-22,0.0962911246931801
2011-03-23,0.054679360641974935
2011-03-24,0.13908983631733202
2011-03-25,0.15581181582996925
2011-03-26,0.1143536621538704
2011-03-27,0.11199526605374141
2011-03-28,0.21254856431486147
2011-03-29,0.17737680000104447
2011-03-30,0.23132218472796218
2011-03-31,0.071753620301759
2011-04-01,0.0652962367946235
2011-04-02,0.09691330973076898
2011-04-03,0.1552757320109247
2011-04-04,0.0
2011-04-05,0.11101730504895085
2011-04-06,0.11671596527861633
2011-04-07,0.21218024864534835
2011-04-08,0.20338723132715203
2011-04-09,0.23014694229198904
2011-04-10,0.17959734184643175
2011-04-11,0.2616540524355989
2011-04-12,0.21988412605267058
2011-04-13,0.14323767178336336
2011-04-14,0.07239216885918034
2011-04-15,0.10176161803927926
2011-04-16,0.21934844343269264
2011-04-17,0.21301464779700147
2011-04-18,0.07870518429518172
2011-04-19,0.015806773579154873
2011-04-20,0.02287203228530031
2011-04-21,0.1561049500233567
2011-04-22,0.1436303839936194
2011-04-23,0.10631411504082744
2011-04-24,0.11539581478762588
2011-04-25,0.20623876684170006
2011-04-26,0.2188441280940902
2011-04-27,0.14221223850451123
2011-04-28,0.0973032727770719
2011-04-29,0.0754067018788522
2011-04-30,0.09709879390300313
2011-05-01,0.04271232827343455
2011-05-02,0.1315441738136944
2011-05-03,0.10252895218574519
2011-05-04,0.08664447583074503
2011-05-05,0.22254757615926862
2011-05-06,0.1618600487465035
2011-05-07,0.11567188005219797
2011-05-08,0.09723069594162381
2011-05-09,0.12788629220545053
2011-05-10,0.07835712365012891
2011-05-11,0.24516947344090545
2011-05-12,0.20648586085735424
2011-05-13,0.04785362895121479
2011-05-14,0.08953849304799115
2011-05-15,0.04902005577428222
2011-05-16,0.0024856947915118666
2011-05-17,0.1747819538524898
2011-05-18,0.06702508331467602
2011-05-19,0.045165396884293024
2011-05-20,0.028349976577866587
2011-05-21,0.13583222790121044
2011-05-22,0.13045122228399184
2011-05-23,0.1494702562293509
2011-05-24,0.19542452844835603
2011-05-25,0.21022459810424005
2011-05-26,0.07730211628778329
2011-05-27,0.07615529297040882
2011-05-28,0.15224659492638218
2011-05-29,0.11138019240883368
2011-05-30,0.04835041217482677
2011-05-31,0.025946008208827892
2011-06-01,0.17767825964553524
2011-06-02,0.1614984258081773
2011-06-03,0.17348224287858768
2011-06-04,0.09793295685112957
2011-06-05,0.11390405132146256
2011-06-06,0.11999633131321377
2011-06-07,0.08993219750725115
2011-06-08,0.15245260412625317
2011-06-09,0.07425968412037251
2011-06-10,0.13216589019223013
2011-06-11,0.10941150713710109
2011-06-12,0.03526109802719182
2011-06-13,0.1987194333011926
2011-06-14,0.126504764040135
2011-06-15,0.009519049595897153
2011-06-16,0.014572118113484966
2011-06-17,0.18050536210656548
2011-06-18,0.090395268657072
2011-06-19,0.11478137423487457
2011-06-20,0.185847138560401
2011-06-21,0.22535458579947987
2011-06-22,0.1991417388392364
2011-06-23,0.08267729861285816
2011-06-24,0.13120490104379312
2011-06-25,0.03977111974778355
2011-06-26,0.031101497354522604
2011-06-27,0.062066555932825576
2011-06-28,0.0
2011-06-29,0.024553171491223665
2011-06-30,0.0
2011-07-01,0.05171618206139335
2011-07-02,0.13685705807057047
2011-07-03,0.0548651488003471
2011-07-04,0.08161283517368376
2011-07-05,0.04871858001582874
2011-07-06,0.12191233816252686
2011-07-07,0.06829278380443043
2011-07-08,0.038709272863436575
2011-07-09,0.11430664218960276
2011-07-10,0.21476765524559185
2011-07-11,0.07013318469734364
2011-07-12,0.08014115120926976
2011-07-13,0.12200069209529496
2011-07-14,0.09018671448577473
2011-07-15,0.12020995677957079
2011-07-16,0.04458432390354512
2011-07-17,0.04997375999230548
2011-07-18,0.09707176321016171
2011-07-19,0.12198664670881497
2011-07-20,0.23194771665023967
2011-07-21,0.13053989577540007
2011-07-22,0.0
2011-07-23,0.010851406383910578
2011-07-24,0.007562154444334085
2011-07-25,0.14190542107312407
2011-07-26,0.0
2011-07-27,0.09518017423886835
2011-07-28,0.09303284236296512
2011-07-29,0.0067587033034387095
2011-07-30,0.04611906295508808
2011-07-31,0.09456711458296824
2011-08-01,0.006557690758713625
2011-08-02,0.1626053293758002
2011-08-03,0.07095986342030966
2011-08-04,0.1818934966022119
2011-08-05,0.1968754054406234
2011-08-06,0.0775262282259278
2011-08-07,0.14647540643785137
2011-08-08,0.10267580553120739
2011-08-09,0.20920474957481694
2011-08-10,0.14790527613603585
2011-08-11,0.0942247441068154
2011-08-12,0.09650995943517734
2011-08-13,0.11511122170444218
2011-08-14,0.13359231779148326
2011-08-15,0.10074313262607573
2011-08-16,0.13166245254902167
2011-08-17,0.06812321977041047
2011-08-18,0.08830654494789725
2011-08-19,0.11538914136741252
2011-08-20,0.1364942665601284
2011-08-21,0.13642127899757542
2011-08-22,0.08616251432860754
2011-08-23,0.09078991109053824
2011-08-24,0.04981619711276092
2011-08-25,0.17047690170794244
2011-08-26,0.08332828737931963
2011-08-27,0.08709612435869227
2011-08-28,0.07812151507015667
2011-08-29,0.047234423697295275
2011-08-30,0.05069700854548499
2011-08-31,0.0846063078137869
2011-09-01,0.09396898245274063
2011-09-02,0.13655129839825358
2011-09-03,0.078041139053709
2011-09-04,0.0977231666825851
2011-09-05,0.08902784339557282
2011-09-06,0.0320644215884642
2011-09-07,0.1078610319035854
2011-09-08,0.09813229106315663
2011-09-09,0.10056286320593785
2011-09-10,0.08699191247058002
2011-09-11,0.04589112010951504
2011-09-12,0.032794075470276796
2011-09-13,0.03881565489800346
2011-09-14,0.11939721611565071
2011-09-15,0.10187773177444501
2011-09-16,0.0
2011-09-17,0.06818297771590918
2011-09-18,0.0
2011-09-19,0.052694867815313504
2011-09-20,0.024201902639015296
2011-09-21,0.08302732606078997
2011-09-22,0.0
2011-09-23,0.0
2011-09-24,0.015685166940492986
2011-09-25,0.04023887774007454
2011-09-26,0.0
2011-09-27,0.1392138209607776
2011-09-28,0.05642749504021233
2011-09-29,0.07461516820684133
2011-09-30,0.14500884025704822
2011-10-01,0.05165371631643188
2011-10-02,0.18011499393039115
2011-10-03,0.10040911909828167
2011-10-04,0.13502320995643302
2011-10-05,0.12898039586770713
2011-10-06,0.1322620978293218
2011-10-07,0.11192926214700405
2011-10-08,0.07551764420949705
2011-10-09,0.20551381052861034
2011-10-10,0.12622195575644515
2011-10-11,0.048963351207699346
2011-10-12,0.15909468897509316
2011-10-13,0.08969484271439734
2011-10-14,0.02696160334466559
2011-10-15,0.04292892691930263
2011-10-16,0.0
2011-10-17,0.07680684902405097
2011-10-18,0.17731334893992654
2011-10-19,0.09268120102677571
2011-10-20,0.05966809867710083
2011-10-21,0.026466290775231032
2011-10-22,0.036558013137292615
2011-10-23,0.09357105032961383
2011-10-24,0.0
2011-10-25,0.18972416608635134
2011-10-26,0.007098157934028369
2011-10-27,0.07066035461093334
2011-10-28,0.0739661359931886
2011-10-29,0.07719670714809505
2011-10-30,0.058427335075223276
2011-10-31,0.11766979623207288
2011-11-01,0.11717868543556798
2011-11-02,0.09706941825419999
2011-11-03,0.05286489865494162
2011-11-04,0.01747412398234143
2011-11-05,0.04412653031849321
2011-11-06,0.06669089989716723
2011-11-07,0.03078239572928121
2011-11-08,0.07848788658636704
2011-11-09,0.15049630507111122
2011-11-10,0.04677961446561056
2011-11-11,0.07792267281625152
2011-11-12,0.010042201410865988
2011-11-13,0.09942471349400861
2011-11-14,0.07218020829751903
2011-11-15,0.07456639847350952
2011-11-16,0.11485253425570818
2011-11-17,0.04184647340901899
2011-11-18,0.09447875747996048
2011-11-19,0.11629549680435974
2011-11-20,0.06648402456450414
2011-11-21,0.09241025999979535
2011-11-22,0.029654327007259035
2011-11-23,0.12496024458481873
2011-11-24,0.08768942834847325
2011-11-25,0.11421613721152508
2011-11-26,0.17033735197840566
2011-11-27,0.0
2011-11-28,0.04415707094728448
2011-11-29,0.0
2011-11-30,0.011807780015255294
2011-12-01,0.05116336531879424
2011-12-02,0.10152156319200123
2011-12-03,0.09047130601391351
2011-12-04,0.09020717562486466
2011-12-05,0.08246342885133534
2011-12-06,0.0
2011-12-07,0.11396658705664708
2011-12-08,0.045805717337200916
2011-12-09,0.10946358812339119
2011-12-10,0.03040131248328274
2011-12-11,0.05545162425126371
2011-12-12,0.06244916341468008
2011-12-13,0.10151945455386209
2011-12-14,0.08308044727625545
2011-12-15,0.13733649063243478
2011-12-16,0.07430755560632256
2011-12-17,0.19446489740230571
2011-12-18,0.04659004951191548
2011-12-19,0.0
2011-12-20,0.06327428383634812
2011-12-21,0.040528925956790224
2011-12-22,0.04359291731150946
2011-12-23,0.17434589995137723
2011-12-24,0.14360476742878728
2011-12-25,0.1265675531602818
2011-12-26,0.039713590032474
2011-12-27,0.05760837781641137
2011-12-28,0.048507956215528114
2011-12-29,0.0
2011-12-30,0.13797605984799527
2011-12-31,0.12584767818745696
2012-01-01,0.09410972144855208
2012-01-02,0.08137447563135862
2012-01-03,0.02904690795329306
2012-01-04,0.09242473457847844
2012-01-05,0.17509849479220996
2012-01-06,0.22961691507529763
2012-01-07,0.19318250987545466
2012-01-08,0.1502437198019103
2012-01-09,0.2171548808324154
2012-01-10,0.11283023224082758
2012-01-11,0.11289480456778794
2012-01-12,0.16537749851213868
2012-01-13,0.13873875877190467
2012-01-14,0.19760605257886552
2012-01-15,0.11162403021717603
2012-01-16,0.0573545493626828
2012-01-17,0.08348488721701196
2012-01-18,0.13783267444931852
2012-01-19,0.08108077330875618
2012-01-20,0.07682370574875716
2012-01-21,0.1643553235554675
2012-01-22,0.1075540473890069
2012-01-23,0.11147366261259861
2012-01-24,0.18256758936812228
2012-01-25,0.1539845462264166
2012-01-26,0.03341085195093056
2012-01-27,0.11488670063519002
2012-01-28,0.07364191979848943
2012-01-29,0.14020700497830005
2012-01-30,0.090146582622726
2012-01-31,0.03063616527181099
2012-02-01,0.0897351317103336
2012-02-02,0.08129997369385611
2012-02-03,0.05312939114178923
2012-02-04,0.12764197673395483
2012-02-05,0.15149559802612894
2012-02-06,0.1441802371459613
2012-02-07,0.06462567415844765
2012-02-08,0.08227120104940429
2012-02-09,0.15274507782214108
2012-02-10,0.19785179548057913
2012-02-11,0.20438428998468805
2012-02-12,0.11728660371253716
2012-02-13,0.18935540849406274
2012-02-14,0.18523632700412773
2012-02-15,0.12539545779276356
2012-02-16,0.10840500148512258
2012-02-17,0.02048065853544223
2012-02-18,0.17664437019370016
2012-02-19,0.17363229024268542
2012-02-20,0.07769227290501542
2012-02-21,0.060538572653257544
2012-02-22,0.13828847314884923
2012-02-23,0.10850407365620754
2012-02-24,0.1731110386587244
2012-02-25,0.21563114499129166
2012-02-26,0.15470407512805143
2012-02-27,0.23529658891997002
2012-02-28,0.22634436895916116
2012-02-29,0.2180938708954597
2012-03-01,0.1828178802787469
2012-03-02,0.21750534008695493
2012-03-03,0.12382695618084388
2012-03-04,0.16176238872763155
2012-03-05,0.15927612276677855
2012-03-06,0.19218425303575443
2012-03-07,0.13195783546572415
2012-03-08,0.12092522921015278
2012-03-09,0.0527446015396578
2012-03-10,0.17025906440278096
2012-03-11,0.17199484292823156
2012-03-12,0.12391236657225692
2012-03-13,0.06280289637409155
2012-03-14,0.019467891205790372
2012-03-15,0.091559094013936
2012-03-16,0.07445354931679843
2012-03-17,0.034261839071260555
2012-03-18,0.1259486232426579
2012-03-19,0.10787581771072521
2012-03-20,0.0723969588083957
2012-03-21,0.15830772740445717
2012-03-22,0.06691491485823824
2012-03-23,0.08735517899916662
2012-03-24,0.1832413434460437
2012-03-25,0.19129766573471282
2012-03-26,0.19126588702168287
2012-03-27,0.14216480542701068
2012-03-28,0.16167939461074943
2012-03-29,0.30353565423081624
2012-03-30,0.19005205206398157
2012-03-31,0.11292785078183265
2012-04-01,0.052748980618616284
2012-04-02,0.007724590429214737
2012-04-03,0.20870706502431355
2012-04-04,0.20235311989423316
2012-04-05,0.11442883428841058
2012-04-06,0.13368091781397282
2012-04-07,0.20254265972386742
2012-04-08,0.08901368674731815
2012-04-09,0.22806986743003033
2012-04-10,0.16592362704304245
2012-04-11,0.04465058917850316
2012-04-12,0.15181187432784932
2012-04-13,0.09241390159105382
2012-04-14,0.034199808095048745
2012-04-15,0.14034217394349802
2012-04-16,0.02847943307581726
2012-04-17,0.05285283768864993
2012-04-18,0.14092659037261798
2012-04-19,0.09362634848508444
2012-04-20,0.14007124032691337
2012-04-21,0.07012174264533404
2012-04-22,0.11720286310767342
2012-04-23,0.023729474444187604
2012-04-24,0.16713375903582747
2012-04-25,0.12936327893833785
2012-04-26,0.16397854992892974
2012-04-27,0.13115802491359357
2012-04-28,0.12038035838827268
2012-04-29,0.042480802165107516
2012-04-30,0.07726959372955979
2012-05-01,0.1137951540891857
2012-05-02,0.09171935995552728
2012-05-03,0.1570317416611824
2012-05-04,0.17404205551605756
2012-05-05,0.094313729606373
2012-05-06,0.1263314314268282
2012-05-07,0.05306459611002444
2012-05-08,0.0855714111283356
2012-05-09,0.12790409768442393
2012-05-10,0.06975526542651936
2012-05-11,0.10653448046494254
2012-05-12,0.08491133530694768
2012-05-13,0.14822952175211804
2012-05-14,0.2128180590587054
2012-05-15,0.14190629137818017
2012-05-16,0.06490322888721686
2012-05-17,0.10420943787780268
2012-05-18,0.0761210480438476
2012-05-19,0.11723805889762728
2012-05-20,0.045278501765502674
2012-05-21,0.019921013359584988
2012-05-22,0.10338049950962791
2012-05-23,0.026275022530320782
2012-05-24,0.005178860935021026
2012-05-25,0.026377342369197962
2012-05-26,0.054087251865795834
2012-05-27,0.036008819852360985
2012-05-28,0.03619033527097837
2012-05-29,0.13510425168758797
2012-05-30,0.07232802674064985
2012-05-31,0.07749418479840163
2012-06-01,0.07968320993490226
2012-06-02,0.11582557128399033
2012-06-03,0.055793935552183586
2012-06-04,0.1095337647324138
2012-06-05,0.09841773056714445
2012-06-06,0.055622208190415245
2012-06-07,0.1327873619844146
2012-06-08,0.1557827812360318
2012-06-09,0.06270472617008124
2012-06-10,0.10634484033746905
2012-06-11,0.15359918443174037
2012-06-12,0.15683085596565566
2012-06-13,0.12409102486492479
2012-06-14,0.13845729460157052
2012-06-15,0.17441571385338142
2012-06-16,0.08731020219550413
2012-06-17,0.1281159866612401
2012-06-18,0.12901850534208872
2012-06-19,0.04063951849125791
2012-06-20,0.13384467557913268
2012-06-21,0.1570444020463265
2012-06-22,0.03301094089502553
2012-06-23,0.20032157688827185
2012-06-24,0.0973583465196107
2012-06-25,0.08235284622414928
2012-06-26,0.0
2012-06-27,0.09957010843939301
2012-06-28,0.1247017015823341
2012-06-29,0.13477923623101049
2012-06-30,0.042753921616952933
2012-07-01,0.06959220369974718
2012-07-02,0.1259324627428761
2012-07-03,0.112208281576161
2012-07-04,0.1423077061207106
2012-07-05,0.08299617989256321
2012-07-06,0.0752806220070878
2012-07-07,0.08547269747688345
2012-07-08,0.0541595071331188
2012-07-09,0.0
2012-07-10,0.1279623305566136
2012-07-11,0.1011549896104145
2012-07-12,0.07039029654623288
2012-07-13,0.0
2012-07-14,0.09663463287836249
2012-07-15,0.07877551776331651
2012-07-16,0.16106893522099636
2012-07-17,0.1414086538912313
2012-07-18,0.07046863785497245
2012-07-19,0.13240052558506066
2012-07-20,0.026760809352397837
2012-07-21,0.1033645041567947
2012-07-22,0.19331495964587375
2012-07-23,0.13649295145541
2012-07-24,0.1283371649914677
2012-07-25,0.07144866090689478
2012-07-26,0.08047795318215602
2012-07-27,0.009398474997206134
2012-07-28,0.06638173182904235
2012-07-29,0.14657475308870835
2012-07-30,0.03754281199018963
2012-07-31,0.05649871198617939
2012-08-01,0.12013004488441482
2012-08-02,0.18864025517734906
2012-08-03,0.23031261873901238
2012-08-04,0.09080950120432629
2012-08-05,0.08117791898817169
2012-08-06,0.11598971894416221
2012-08-07,0.1117850115947142
2012-08-08,0.05995036250463108
2012-08-09,0.06909098300489518
2012-08-10,0.05800097061034618
2012-08-11,0.012804208973824185
2012-08-12,0.07882645400115097
2012-08-13,0.14197888965513622
2012-08-14,0.027519097575163735
2012-08-15,0.0
2012-08-16,0.030528166839928317
2012-08-17,0.09132675917474493
2012-08-18,0.12328095440510103
2012-08-19,0.16136400768166492
2012-08-20,0.15330809879274251
2012-08-21,0.11150727286923431
2012-08-22,0.10883722736068702
2012-08-23,0.026746592524419972
2012-08-24,0.12077069368103979
2012-08-25,0.09746489018872248
2012-08-26,0.11880714971162572
2012-08-27,0.10328214910910788
2012-08-28,0.050686725089458554
2012-08-29,0.021350268708021265
2012-08-30,0.04912485817085434
2012-08-31,0.08150088126038582
2012-09-01,0.019244950489366815
2012-09-02,0.06881045782913413
2012-09-03,0.11968926495867152
2012-09-04,0.12042383284890185
2012-09-05,0.07648982758816242
2012-09-06,0.12270811441418616
2012-09-07,0.0
2012-09-08,0.10774588104994601
2012-09-09,0.0
2012-09-10,0.05254419430765747
2012-09-11,0.023458882406844905
2012-09-12,0.08792596099435032
2012-09-13,0.0
2012-09-14,0.0
2012-09-15,0.029051733657442035
2012-09-16,0.04801380258530263
2012-09-17,0.04466641961658935
2012-09-18,0.02418505782057028
2012-09-19,0.08712654885537582
2012-09-20,0.04557608441003094
2012-09-21,0.12409765555025046
2012-09-22,0.05997672405479665
2012-09-23,0.08714970225660303
2012-09-24,0.06561452392668846
2012-09-25,0.0
2012-09-26,0.024806931286617196
2012-09-27,0.10517643902351961
2012-09-28,0.0
2012-09-29,0.09388246545280418
2012-09-30,0.05688506576869756
2012-10-01,0.025047368577910456
2012-10-02,0.08380607205161299
2012-10-03,0.16185014325226982
2012-10-04,0.0
2012-10-05,0.005122289346690907
2012-10-06,0.0
2012-10-07,0.08556149488571704
2012-10-08,0.07071945145115943
2012-10-09,0.09106632306738482
2012-10-10,0.04381956636527863
2012-10-11,0.09879967019145888
2012-10-12,0.051193996420228205
2012-10-13,0.17635189464618586
2012-10-14,0.09711527924527594
2012-10-15,0.09114367780795551
2012-10-16,0.09612423000954434
2012-10-17,0.014866090644316973
2012-10-18,0.04997186456823983
2012-10-19,0.05082370285367507
2012-10-20,0.03722768818066652
2012-10-21,0.03262976884387581
2012-10-22,0.1320769923635186
2012-10-23,0.09204306606873468
2012-10-24,0.11915799606822246
2012-10-25,0.012207497336423956
2012-10-26,0.056095387972649666
2012-10-27,0.05658549647249105
2012-10-28,0.17560726010122685
2012-10-29,0.176159989279043
2012-10-30,0.12402278883592807
2012-10-31,0.08337361888553327
2012-11-01,0.12469911289729459
2012-11-02,0.15539822254009975
2012-11-03,0.21248032227098174
2012-11-04,0.06382390585006077
2012-11-05,0.12502593871516585
2012-11-06,0.09362340326962384
2012-11-07,0.14252159675546652
2012-11-08,0.09579558239637208
2012-11-09,0.027611838179345996
2012-11-10,0.08371564441049047
2012-11-11,0.02370704737923985
2012-11-12,0.09391994112617638
2012-11-13,0.08644878600196579
2012-11-14,0.2009095010235119
2012-11-15,0.11173742489657958
2012-11-16,0.10707569301365506
2012-11-17,0.1649135438840104
2012-11-18,0.07096220592413068
2012-11-19,0.10516129590356205
2012-11-20,0.11423547989075983
2012-11-21,0.12910176786171548
2012-11-22,0.062291136616333787
2012-11-23,0.0975644761536562
2012-11-24,0.11849031627433448
2012-11-25,0.04870644684040828
2012-11-26,0.047756185749736876
2012-11-27,0.06771604583518986
2012-11-28,0.22844946318772857
2012-11-29,0.051920432977785404
2012-11-30,0.12344112322789624
2012-12-01,0.10231527512137595
2012-12-02,0.0850603075690746
2012-12-03,0.16539417622775768
2012-12-04,0.057805638152643016
2012-12-05,0.20749624905798264
2012-12-06,0.07432686153594562
2012-12-07,0.07323700012737538
2012-12-08,0.12072109601619199
2012-12-09,0.12516588874738432
2012-12-10,0.11351957613294084
2012-12-11,0.06859309556767262
2012-12-12,0.008260153088444314
2012-12-13,0.10697818413762994
2012-12-14,0.06434335528275273
2012-12-15,0.20447469334399482
2012-12-16,0.07687136806799395
2012-12-17,0.0
2012-12-18,0.04946930796703045
2012-12-19,0.09589487072998312
2012-12-20,0.12040781483403079
2012-12-21,0.04525910546757746
2012-12-22,0.04383464668831365
2012-12-23,0.0741770728979704
2012-12-24,0.05591756173793831
2012-12-25,0.11011424617863325
2012-12-26,0.09901110544527528
2012-12-27,0.10502825498772014
2012-12-28,0.08451215617478727
2012-12-29,0.00915277093081801
2012-12-30,0.15660438004045818
2012-12-31,0.1155597328862951
2013-01-01,0.28213563449036155
2013-01-02,0.2714339376766003
2013-01-03,0.1143001761045637
2013-01-04,0.09065698004011649
2013-01-05,0.0
2013-01-06,0.11804761611700243
2013-01-07,0.05303334952253619
2013-01-08,0.12198631444235856
2013-01-09,0.0666421113773218
2013-01-10,0.0
2013-01-11,0.11566590505861983
2013-01-12,0.15298125513253863
2013-01-13,0.13560471600701213
2013-01-14,0.058596543649767935
2013-01-15,0.12261327340240671
2013-01-16,0.15234989239107422
2013-01-17,0.0832680456241797
2013-01-18,0.026534540649521786
2013-01-19,0.21345173124950034
2013-01-20,0.01227283370610499
2013-01-21,0.19731175387056135
2013-01-22,0.06295005311533612
2013-01-23,0.11837323103184796
2013-01-24,0.10068315759631935
2013-01-25,0.051410658575362846
2013-01-26,0.16764695286657175
2013-01-27,0.13426057047606008
2013-01-28,0.09303241458141305
2013-01-29,0.1562876871085198
2013-01-30,0.08640019569266146
2013-01-31,0.03239094033922789
2013-02-01,0.04902500933410284
2013-02-02,0.10373638977040056
2013-02-03,0.12881274757763156
2013-02-04,0.12402558656893009
2013-02-05,0.09406950624245575
2013-02-06,0.03223458439091385
2013-02-07,0.011532865513384977
2013-02-08,0.06856445486320303
2013-02-09,0.1308797485494608
2013-02-10,0.0799466957719346
2013-02-11,0.16076515958277207
2013-02-12,0.03824773838977424
2013-02-13,0.14223463982334567
2013-02-14,0.07510738278831731
2013-02-15,0.09162943527278912
2013-02-16,0.14657144387532325
2013-02-17,0.16817531860377039
2013-02-18,0.1684041231990377
2013-02-19,0.14546744504876935
2013-02-20,0.11039326419468658
2013-02-21,0.06401561953138361
2013-02-22,0.14490492383433726
2013-02-23,0.0985408759487079
2013-02-24,0.16757298464640083
2013-02-25,0.1950472261717932
2013-02-26,0.19701310172021508
2013-02-27,0.29288781516474216
2013-02-28,0.19958141179259883
2013-03-01,0.09011490069890411
2013-03-02,0.21326329420292983
2013-03-03,0.13173879633710095
2013-03-04,0.01977493177936264
2013-03-05,0.16621580220319132
2013-03-06,0.1455853675075413
2013-03-07,0.11718806879145922
2013-03-08,0.13564095698537385
2013-03-09,0.11461634877719402
2013-03-10,0.0010022291455829974
2013-03-11,0.018359422854259386
2013-03-12,0.06871720209050611
2013-03-13,0.20001704287122435
2013-03-14,0.13862926974833484
2013-03-15,0.18914031864310432
2013-03-16,0.16958056380171121
2013-03-17,0.0808803356858949
2013-03-18,0.06648431425807118
2013-03-19,0.16710612115282122
2013-03-20,0.21041822022679468
2013-03-21,0.18237944670635994
2013-03-22,0.11611408034613206
2013-03-23,0.09035598993775164
2013-03-24,0.11810850702445048
2013-03-25,0.11950387650191845
2013-03-26,0.1612034190790482
2013-03-27,0.11092081692436781
2013-03-28,0.06893890317681234
2013-03-29,0.07539999282083015
2013-03-30,0.000136463399962386
2013-03-31,0.14451487665480917
2013-04-01,0.0
2013-04-02,0.18488232361884255
2013-04-03,0.13321326810646242
2013-04-04,0.1782305988768191
2013-04-05,0.17214331939685132
2013-04-06,0.1485867970565479
2013-04-07,0.11062200982894008
2013-04-08,0.13154700750395593
2013-04-09,0.22731450587140054
2013-04-10,0.15333667578927887
2013-04-11,0.05184616103563656
2013-04-12,0.09240247485918396
2013-04-13,0.08354206857045901
2013-04-14,0.04724932268052652
2013-04-15,0.12196752287346559
2013-04-16,0.08718533192869941
2013-04-17,0.1098665879991144
2013-04-18,0.0
2013-04-19,0.09646270098797793
2013-04-20,0.043248771812216064
2013-04-21,0.02066882506515655
2013-04-22,0.005227767257800317
2013-04-23,0.018010609878937954
2013-04-24,0.03689774579479857
2013-04-25,0.12760536033738745
2013-04-26,0.06929856096025784
2013-04-27,0.1285580888370686
2013-04-28,0.09189669221903383
2013-04-29,0.19478268578761762
2013-04-30,0.059356281223485755
2013-05-01,0.13390054355451772
2013-05-02,0.16803935979830587
2013-05-03,0.12749602773663032
2013-05-04,0.06835843892812586
2013-05-05,0.16059495249505304
2013-05-06,0.0728511138342929
2013-05-07,0.11369108725673656
2013-05-08,0.07594733597127985
2013-05-09,0.12006245232727593
2013-05-10,0.14147415777928882
2013-05-11,0.06899828352748363
2013-05-12,0.07271651024999225
2013-05-13,0.1221520743918944
2013-05-14,0.03151530275846262
2013-05-15,0.09326509518493792
2013-05-16,0.015430232991316725
2013-05-17,0.1104601643047711
2013-05-18,0.10310381872072386
2013-05-19,0.11749305080081643
2013-05-20,0.11530396212686798
2013-05-21,0.13465496581533087
2013-05-22,0.05849968683851156
2013-05-23,0.13598510172980788
2013-05-24,0.12673689807294536
2013-05-25,0.10408214197249238
2013-05-26,0.18149664064158402
2013-05-27,0.15086597143180758
2013-05-28,0.1237743708365952
2013-05-29,0.13412466921061814
2013-05-30,0.03272344336573342
2013-05-31,0.09421872443549749
2013-06-01,0.007367838246204558
2013-06-02,0.06443291609341709
2013-06-03,0.021057879678129783
2013-06-04,0.03477398634620093
2013-06-05,0.02396305475543388
2013-06-06,0.04738118238113931
2013-06-07,0.03295524683586894
2013-06-08,0.13256036235787805
2013-06-09,0.10316339772290523
2013-06-10,0.11568697187371751
2013-06-11,0.10892285977999797
2013-06-12,0.11921954839701583
2013-06-13,0.050979461247016244
2013-06-14,0.16173428732460118
2013-06-15,0.14297467503786424
2013-06-16,0.06887523237388857
2013-06-17,0.04400621117091076
2013-06-18,0.03774477366961883
2013-06-19,0.08415419924114549
2013-06-20,0.07597822579950153
2013-06-21,0.06227644594218505
2013-06-22,0.0
2013-06-23,0.07646592972444259
2013-06-24,0.06850147493301034
2013-06-25,0.06576543562204315
2013-06-26,0.1218698569860869
2013-06-27,0.014059025397920782
2013-06-28,0.08269180190509928
2013-06-29,0.08150895402498712
2013-06-30,0.08703438662910358
2013-07-01,0.045674800617081866
2013-07-02,0.1419283492931182
2013-07-03,0.07136172202690616
2013-07-04,0.06659830734930582
2013-07-05,0.07401604182780001
2013-07-06,0.05808873355996457
2013-07-07,0.08410041355323604
2013-07-08,0.06559517235019327
2013-07-09,0.07216382108724968
2013-07-10,0.17864210501048772
2013-07-11,0.09201901852431299
2013-07-12,0.14778518473072833
2013-07-13,0.0314670298506774
2013-07-14,0.061020132069616255
2013-07-15,0.10447289725954144
2013-07-16,0.03471326519006193
2013-07-17,0.10238259307516753
2013-07-18,0.09132148954142215
2013-07-19,0.11989292893897857
2013-07-20,0.14632233160648894
2013-07-21,0.06869168149614964
2013-07-22,0.15484801599968068
2013-07-23,0.08760343731545489
2013-07-24,0.05694004969506179
2013-07-25,0.09526861953841112
2013-07-26,0.10074902182418416
2013-07-27,0.042348943825869914
2013-07-28,0.06476247442301455
2013-07-29,0.12178536540146513
2013-07-30,0.02592999285956981
2013-07-31,0.0
2013-08-01,0.09910951083646316
2013-08-02,0.11130765466737086
2013-08-03,0.0
2013-08-04,0.07500882331334364
2013-08-05,0.048125992982003075
2013-08-06,0.11856090609751546
2013-08-07,0.0
2013-08-08,0.0
2013-08-09,0.07679460009973228
2013-08-10,0.06149117579025303
2013-08-11,0.1348898783764247
2013-08-12,0.0857238642952362
2013-08-13,0.0
2013-08-14,0.0949316488445276
2013-08-15,0.13087380516514208
2013-08-16,0.041066274657301775
2013-08-17,0.05378093363158231
2013-08-18,0.0972203828229918
2013-08-19,0.03461969237431868
2013-08-20,0.0
2013-08-21,0.06735640820506217
2013-08-22,0.0926716376227521
2013-08-23,0.12900045175633618
2013-08-24,0.038832696275032136
2013-08-25,0.018626458545459676
2013-08-26,0.05367440401865202
2013-08-27,0.09706624997033093
2013-08-28,0.15442988593104603
2013-08-29,0.05127453659734216
2013-08-30,0.1292553507691912
2013-08-31,0.12556469843107193
2013-09-01,0.10741949551592427
2013-09-02,0.061851994401436794
2013-09-03,0.0
2013-09-04,0.1501803565079179
2013-09-05,0.07158608126811263
2013-09-06,0.12581449663302505
2013-09-07,0.07541061569696529
2013-09-08,0.12054164083377861
2013-09-09,0.052653573780760646
2013-09-10,0.061750875072136314
2013-09-11,0.06195705137361071
2013-09-12,0.0670934983892329
2013-09-13,0.0
2013-09-14,0.1327444143441302
2013-09-15,0.03812780451100164
2013-09-16,0.08119821643060485
2013-09-17,0.15622126955254373
2013-09-18,0.06667997877573956
2013-09-19,0.05619405539851582
2013-09-20,0.0446454294425521
2013-09-21,0.05804485867421691
2013-09-22,0.08730397927688238
2013-09-23,0.08774399548965826
2013-09-24,0.11433077800465548
2013-09-25,0.0
2013-09-26,0.06524685807875086
2013-09-27,0.07190307016724581
2013-09-28,0.06565598079432061
2013-09-29,0.0
2013-09-30,0.021119163684160076
2013-10-01,0.09017761095081389
2013-10-02,0.01166623611943731
2013-10-03,0.0
2013-10-04,0.07278678393758486
2013-10-05,0.06184663738747076
2013-10-06,0.06694238422664862
2013-10-07,0.027858953307183125
2013-10-08,0.012612364892110178
2013-10-09,0.1232968295813811
2013-10-10,0.2612896385384157
2013-10-11,0.0
2013-10-12,0.13623500323076865
2013-10-13,0.06477621726887525
2013-10-14,0.08676515454743333
2013-10-15,0.07339165830103779
2013-10-16,0.17081135494683714
2013-10-17,0.01720122870055836
2013-10-18,0.04942639003123782
2013-10-19,0.10618443456531491
2013-10-20,0.11129603149449055
2013-10-21,0.1510212897889389
2013-10-22,0.09655879031477593
2013-10-23,0.06659623884677238
2013-10-24,0.0617303488084895
2013-10-25,0.09221251760011573
2013-10-26,0.09012206918741608
2013-10-27,0.10511103345430736
2013-10-28,0.09376455265457415
2013-10-29,0.06133460206793151
2013-10-30,0.1691582166640472
2013-10-31,0.03805863540513772
2013-11-01,0.055137271347354216
2013-11-02,0.0
2013-11-03,0.060820383663394005
2013-11-04,0.10380145987986536
2013-11-05,0.02308910782304293
2013-11-06,0.004951999001421875
2013-11-07,0.07187774956856867
2013-11-08,0.07500335267346912
2013-11-09,0.06600919439753566
2013-11-10,0.1818659953263383
2013-11-11,0.10452280348766803
2013-11-12,0.09061592298166175
2013-11-13,0.1191099209039474
2013-11-14,0.13935778710588662
2013-11-15,0.10407825567044918
2013-11-16,0.04966179496120528
2013-11-17,0.26182013191731024
2013-11-18,0.11336165719400774
2013-11-19,0.10605879209331863
2013-11-20,0.11659474211976187
2013-11-21,0.06994281873113538
2013-11-22,0.10011134998738985
2013-11-23,0.05851921590806891
2013-11-24,0.14246497482651244
2013-11-25,0.08559376550101047
2013-11-26,0.18466094847199052
2013-11-27,0.15655216093271554
2013-11-28,0.1456578910891414
2013-11-29,0.06452594038607583
2013-11-30,0.10639460581131906
2013-12-01,0.1411729000224387
2013-12-02,0.10922657262597481
2013-12-03,0.0265492660809193
2013-12-04,0.12809875483435124
2013-12-05,0.1389530741964678
2013-12-06,0.011433678495896146
2013-12-07,0.09077688808534315
2013-12-08,0.10278812560968839
2013-12-09,0.05503841352570268
2013-12-10,0.004454304701694958
2013-12-11,0.028254036205688095
2013-12-12,0.060552722692768735
2013-12-13,0.11322342491780174
2013-12-14,0.011443406002929868
2013-12-15,0.0033302726888705184
2013-12-16,0.05326954782496264
2013-12-17,0.08933413270776952
2013-12-18,0.16629292785186423
2013-12-19,0.10171877564602101
2013-12-20,0.047439632826921985
2013-12-21,0.07603618649138236
2013-12-22,0.17230012952643256
2013-12-23,0.020826039605182173
2013-12-24,0.07413880170144455
2013-12-25,0.16869875745764806
2013-12-26,0.07897889677434977
2013-12-27,0.02634093470858382
2013-12-28,0.10090863072299328
2013-12-29,0.1074452248353423
2013-12-30,0.1328042876550713
2013-12-31,0.13431854704989388
2014-01-01,0.1084047467615062
2014-01-02,0.14599450997481628
2014-01-03,0.16522006177446066
2014-01-04,0.19975979945433675
2014-01-05,0.063694698639641
2014-01-06,0.07021488303004778
2014-01-07,0.12677886614215197
2014-01-08,0.08669114656878923
2014-01-09,0.012998780767156923
2014-01-10,0.07961035554563584
2014-01-11,0.03684333183536931
2014-01-12,0.1703785008888786
2014-01-13,0.10326199723679555
2014-01-14,0.1364593884847137
2014-01-15,0.10027269204422162
2014-01-16,0.12342862716845893
2014-01-17,0.06824520352062688
2014-01-18,0.035811735231194824
2014-01-19,0.05657628653217742
2014-01-20,0.21107042792184177
2014-01-21,0.1614235693265104
2014-01-22,0.09603932926031693
2014-01-23,0.19095750367514874
2014-01-24,0.25014649905494746
2014-01-25,0.05445412036993566
2014-01-26,0.17345361830772352
2014-01-27,0.10050293399967038
2014-01-28,0.20157022201281216
2014-01-29,0.01121708431552694
2014-01-30,0.12766248381397985
2014-01-31,0.151255842734386
2014-02-01,0.06923381910326555
2014-02-02,0.14007833135145567
2014-02-03,0.10044631719907807
2014-02-04,0.1815821996882353
2014-02-05,0.04686523610947252
2014-02-06,0.16155731611521973
2014-02-07,0.09505701734248989
2014-02-08,0.20524131818936592
2014-02-09,0.18778940541738093
2014-02-10,0.1069269118205205
2014-02-11,0.10204307118807376
2014-02-12,0.1499581287673758
2014-02-13,0.14337227808537342
2014-02-14,0.09821228799857142
2014-02-15,0.05810889385433409
2014-02-16,0.1401317109415447
2014-02-17,0.03601052647753214
2014-02-18,0.15079807809613804
2014-02-19,0.20047640196820188
2014-02-20,0.0744481089400568
2014-02-21,0.06764280854452805
2014-02-22,0.04109411767164965
2014-02-23,0.11834670360310251
2014-02-24,0.06008795482897602
2014-02-25,0.06855299718189146
2014-02-26,0.1215736473319366
2014-02-27,0.07722523181829959
2014-02-28,0.11993353728510044
2014-03-01,0.08701486790783108
2014-03-02,0.22689513640472397
2014-03-03,0.14344133788379154
2014-03-04,0.23850603666074383
2014-03-05,0.17337810831591327
2014-03-06,0.19282483811443776
2014-03-07,0.1653053631567637
2014-03-08,0.24893873489637597
2014-03-09,0.1516269726821724
2014-03-10,0.1415587385314379
2014-03-11,0.20760375219601068
2014-03-12,0.07432573075362159
2014-03-13,0.06432947492331781
2014-03-14,0.07693205554120848
2014-03-15,0.22370750960401087
2014-03-16,0.2208257867083867
2014-03-17,0.14413639283689966
2014-03-18,0.14165033477125283
2014-03-19,0.11912602981026259
2014-03-20,0.1368841479192706
2014-03-21,0.09898226215762912
2014-03-22,0.05634472978074756
2014-03-23,0.23956602269166086
2014-03-24,0.10943554640493838
2014-03-25,0.11388323734521177
2014-03-26,0.15067313372708951
2014-03-27,0.13154307165495455
2014-03-28,0.0961618130658898
2014-03-29,0.08532827770821887
2014-03-30,0.0
2014-03-31,0.1870794608621249
2014-04-01,0.25774540465674145
2014-04-02,0.11986342543871585
2014-04-03,0.1656127510511197
2014-04-04,0.1717169852860874
2014-04-05,0.1699261807212571
2014-04-06,0.18759396159456815
2014-04-07,0.11998277592694417
2014-04-08,0.20068355862017356
2014-04-09,0.17549517440949858
2014-04-10,0.1789770548187163
2014-04-11,0.16805369660031041
2014-04-12,0.11992323875174285
2014-04-13,0.1367335342020814
2014-04-14,0.17334084759266147
2014-04-15,0.1170179871870932
2014-04-16,0.14396065551415171
2014-04-17,0.09199251081860307
2014-04-18,0.17084605329376307
2014-04-19,0.032070980075536146
2014-04-20,0.15146331053555415
2014-04-21,0.0639924693649595
2014-04-22,0.20743829328098518
2014-04-23,0.1681889939819915
2014-04-24,0.12003889205855553
2014-04-25,0.0753797405994231
2014-04-26,0.22469367278798527
2014-04-27,0.19197010523064267
2014-04-28,0.12998479637017812
2014-04-29,0.1512528997771898
2014-04-30,0.15472516252515164
2014-05-01,0.23158334815773543
2014-05-02,0.21666753766734592
2014-05-03,0.27898025220345846
2014-05-04,0.1619072706580617
2014-05-05,0.17481897473099942
2014-05-06,0.1740213085123566
2014-05-07,0.04799998985739417
2014-05-08,0.16274792562933205
2014-05-09,0.12350238882380288
2014-05-10,0.12465356286739086
2014-05-11,0.12200886242337168
2014-05-12,0.2114550801982614
2014-05-13,0.22439467394319285
2014-05-14,0.05527164465752819
2014-05-15,0.13447689817654448
2014-05-16,0.138336670187525
2014-05-17,0.107559757128348
2014-05-18,0.09454837912006164
2014-05-19,0.19060711005267
2014-05-20,0.12216311204045963
2014-05-21,0.05158987492349561
2014-05-22,0.13217187404942393
2014-05-23,0.10676510108640432
2014-05-24,0.048629641678654925
2014-05-25,0.07818947373197632
2014-05-26,0.07436777765034505
2014-05-27,0.16449604563197823
2014-05-28,0.13087032270647836
2014-05-29,0.14350084157951437
2014-05-30,0.08922674391420768
2014-05-31,0.06579829610531454
2014-06-01,0.03397741082831691
2014-06-02,0.12417202798834549
2014-06-03,0.08649639417858634
2014-06-04,0.05058588230714306
2014-06-05,0.08845779274294686
2014-06-06,0.13513862005460986
2014-06-07,0.11429399836396455
2014-06-08,0.09649548529729252
2014-06-09,0.10734601922022644
2014-06-10,0.08418793365115707
2014-06-11,0.107528568794063
2014-06-12,0.11339838960344041
2014-06-13,0.10170639769420259
2014-06-14,0.06920254876440274
2014-06-15,0.01930675682836573
2014-06-16,0.12747576357395718
2014-06-17,0.09687326810301038
2014-06-18,0.07879157709959378
2014-06-19,0.08598048693421453
2014-06-20,0.024192654099956357
2014-06-21,0.15220800157493578
2014-06-22,0.17766105092308382
2014-06-23,0.1418592043228144
2014-06-24,0.12812975987691
2014-06-25,0.051664300876971915
2014-06-26,0.12845069114095253
2014-06-27,0.14082985227571862
2014-06-28,0.12005946497972031
2014-06-29,0.13608312235054387
2014-06-30,0.0875725024695907
2014-07-01,0.10089257165130855
2014-07-02,0.1484040478571226
2014-07-03,0.0
2014-07-04,0.11124259330716675
2014-07-05,0.1521764760063612
2014-07-06,0.11699707745443035
2014-07-07,0.05141075913274916
2014-07-08,0.17189656244580367
2014-07-09,0.19687910403411724
2014-07-10,0.049654208508783666
2014-07-11,0.0
2014-07-12,0.04606302297984016
2014-07-13,0.0
2014-07-14,0.07760142010242822
2014-07-15,0.14243939823033774
2014-07-16,0.14594967812547785
2014-07-17,0.09566659685716303
2014-07-18,0.12589680739105868
2014-07-19,0.040656459803599415
2014-07-20,0.018056847832637925
2014-07-21,0.0
2014-07-22,0.08117359159020497
2014-07-23,0.11120702012933215
2014-07-24,0.11355629644702805
2014-07-25,0.1209625146607626
2014-07-26,0.045165190142228175
2014-07-27,0.16686514648236184
2014-07-28,0.023353444085987288
2014-07-29,0.01277600018757015
2014-07-30,0.10051029149193169
2014-07-31,0.12822111939382416
2014-08-01,0.14087934928325807
2014-08-02,0.0895512070869657
2014-08-03,0.07228088555109985
2014-08-04,0.08768287408477635
2014-08-05,0.03437449605488999
2014-08-06,0.02123378706066919
2014-08-07,0.07724311734566972
2014-08-08,0.0
2014-08-09,0.0421972105300391
2014-08-10,0.020666819453056453
2014-08-11,0.08085274947971055
2014-08-12,0.05191761744312529
2014-08-13,0.13833679273254157
2014-08-14,0.11713484341187909
2014-08-15,0.037050439408311396
2014-08-16,0.11218846824059638
2014-08-17,0.0
2014-08-18,0.09225521351604743
2014-08-19,0.035836452357593855
2014-08-20,0.022399689413466116
2014-08-21,0.11964572198293949
2014-08-22,0.07908985535089656
2014-08-23,0.04457644449647038
2014-08-24,0.12879246849896414
2014-08-25,0.17615944371749465
2014-08-26,0.04637173927114805
2014-08-27,0.03898825979744431
2014-08-28,0.12249375195581114
2014-08-29,0.1320586742310665
2014-08-30,0.008028154808768298
2014-08-31,0.176420798261687
2014-09-01,0.04576850264869392
2014-09-02,0.020389645555928974
2014-09-03,0.06634234174809484
2014-09-04,0.093424647276415
2014-09-05,0.11810706612564326
2014-09-06,0.051728782465670566
2014-09-07,0.22549019271561585
2014-09-08,0.22991954718360802
2014-09-09,0.0997066398033887
2014-09-10,0.06967447439486706
2014-09-11,0.05185264311433235
2014-09-12,0.053342855753357336
2014-09-13,0.12165555445612297
2014-09-14,0.08870648636850176
2014-09-15,0.11218964111226512
2014-09-16,0.11731656856752226
2014-09-17,0.0932370767560694
2014-09-18,0.10780670717855764
2014-09-19,0.09054207977960987
2014-09-20,0.06468912698397895
2014-09-21,0.1479957442694407
2014-09-22,0.0
2014-09-23,0.0721612231522191
2014-09-24,0.024668024444956235
2014-09-25,0.11708719922041272
2014-09-26,0.0
2014-09-27,0.0948601481896679
2014-09-28,0.10177491054625856
2014-09-29,0.1554128764283016
2014-09-30,0.07567132392852938
2014-10-01,0.22437019810296815
2014-10-02,0.04191899555547654
2014-10-03,0.007487534622405513
2014-10-04,0.09980704270165722
2014-10-05,0.047188869666216327
2014-10-06,0.1385666877142969
2014-10-07,0.0
2014-10-08,0.086514609614316
2014-10-09,0.11524184183342005
2014-10-10,0.11456735106196991
2014-10-11,0.06517615468586337
2014-10-12,0.18691524149765826
2014-10-13,0.07400812102536108
2014-10-14,0.14565772989965775
2014-10-15,0.029795464136326603
2014-10-16,0.054122372555121756
2014-10-17,0.10560380992879097
2014-10-18,0.07537631331588139
2014-10-19,0.03880697786058385
2014-10-20,0.10077047031126878
2014-10-21,0.0
2014-10-22,0.0
2014-10-23,0.1449674696672704
2014-10-24,0.06538514444397854
2014-10-25,0.09972274827319351
2014-10-26,0.10923665295930374
2014-10-27,0.05832126811188934
2014-10-28,0.09734825750418843
2014-10-29,0.02661447063081248
2014-10-30,0.07673598350671365
2014-10-31,0.048986982908597716
2014-11-01,0.16434998081603724
2014-11-02,0.009659839483748718
2014-11-03,0.06770196537772703
2014-11-04,0.0567442680398432
2014-11-05,0.15172061438724274
2014-11-06,0.015892400675584673
2014-11-07,0.0895744093866939
2014-11-08,0.15333757048993776
2014-11-09,0.1075705301170096
2014-11-10,0.14230002283610427
2014-11-11,0.04858928851903218
2014-11-12,0.06481605741630239
2014-11-13,0.08382162402050433
2014-11-14,0.10767085580051347
2014-11-15,0.16714305665275625
2014-11-16,0.0
2014-11-17,0.08356881760223547
2014-11-18,0.0469502335659272
2014-11-19,0.08619916733577951
2014-11-20,0.13207678021148223
2014-11-21,0.11524752465780061
2014-11-22,0.05211843179715729
2014-11-23,0.04815157147984748
2014-11-24,0.13407550271966287
2014-11-25,0.0404951772459622
2014-11-26,0.03934511288340054
2014-11-27,0.10554084653210286
2014-11-28,0.07327547811079488
2014-11-29,0.18613565278941388
2014-11-30,0.09184673932205778
2014-12-01,0.229320312585366
2014-12-02,0.09530030009184537
2014-12-03,0.19362330321264115
2014-12-04,0.08421494442392438
2014-12-05,0.08528903028442789
2014-12-06,0.21510806304580368
2014-12-07,0.08937257463133566
2014-12-08,0.11418655332806048
2014-12-09,0.0796616752434409
2014-12-10,0.16650796589462297
2014-12-11,0.025973798898820608
2014-12-12,0.1823874407039529
2014-12-13,0.15270976062368335
2014-12-14,0.12791141498291372
2014-12-15,0.10431460512595747
2014-12-16,0.21629384551334374
2014-12-17,0.11785538577436237
2014-12-18,0.05675159438683265
2014-12-19,0.09215535146559703
2014-12-20,0.04311433861353195
2014-12-21,0.1319923886422965
2014-12-22,0.06991784805543659
2014-12-23,0.03477159738852936
2014-12-24,0.0841941197665828
2014-12-25,0.0
2014-12-26,0.0344634974484884
2014-12-27,0.009696286400103366
2014-12-28,0.0
2014-12-29,0.0
2014-12-30,0.05734874518400486
2014-12-31,0.0
