fecha,prcp_daymet,pet_daymet
1980-10-01,0.0,2.5966
1980-10-02,0.0,2.5818
1980-10-03,0.0,2.5077
1980-10-04,0.0,2.3886
1980-10-05,0.0,2.2159
1980-10-06,0.0,2.085
1980-10-07,0.0,2.1347
1980-10-08,0.0,2.0778
1980-10-09,0.0,1.968
1980-10-10,0.0,1.7403
1980-10-11,0.0,1.574
1980-10-12,2.16,1.3992
1980-10-13,0.06,1.4069
1980-10-14,0.0,1.3418
1980-10-15,0.0,1.4591
1980-10-16,0.0,1.4557
1980-10-17,0.0,1.4205
1980-10-18,0.0,1.4258
1980-10-19,0.0,1.4105
1980-10-20,0.0,1.3973
1980-10-21,0.0,1.3719
1980-10-22,0.0,1.3526
1980-10-23,0.0,1.3255
1980-10-24,0.0,1.2888
1980-10-25,0.0,1.1683
1980-10-26,0.0,1.124
1980-10-27,0.0,1.1388
1980-10-28,0.0,1.1303
1980-10-29,0.0,1.0858
1980-10-30,0.0,1.0509
1980-10-31,0.0,1.0329
1980-11-01,0.0,1.0087
1980-11-02,0.0,0.9938
1980-11-03,0.0,0.9855
1980-11-04,0.0,0.9627
1980-11-05,0.0,0.948
1980-11-06,0.0,0.9304
1980-11-07,0.0,0.9231
1980-11-08,1.86,0.8632
1980-11-09,0.0,0.804
1980-11-10,0.0,0.7966
1980-11-11,0.0,0.857
1980-11-12,0.0,0.6935
1980-11-13,0.0,0.6494
1980-11-14,0.0,0.6297
1980-11-15,0.0,0.6722
1980-11-16,0.0,0.6925
1980-11-17,0.0,0.6577
1980-11-18,0.0,0.5795
1980-11-19,0.0,0.5717
1980-11-20,0.0,0.5475
1980-11-21,0.0,0.549
1980-11-22,3.57,0.7765
1980-11-23,1.19,0.7775
1980-11-24,0.0,0.6363
1980-11-25,0.0,0.4942
1980-11-26,0.0,0.4431
1980-11-27,0.0,0.4176
1980-11-28,0.0,0.3893
1980-11-29,0.0,0.4987
1980-11-30,0.0,0.6747
1980-12-01,0.0,0.5199
1980-12-02,0.0,0.6584
1980-12-03,13.46,0.7077
1980-12-04,16.54,0.6837
1980-12-05,0.0,0.5931
1980-12-06,0.0,0.5702
1980-12-07,0.0,0.5759
1980-12-08,0.0,0.5447
1980-12-09,0.0,0.4906
1980-12-10,0.0,0.4847
1980-12-11,0.0,0.4627
1980-12-12,0.0,0.4506
1980-12-13,0.0,0.4368
1980-12-14,0.0,0.4328
1980-12-15,0.0,0.5087
1980-12-16,0.0,0.4782
1980-12-17,0.0,0.505
1980-12-18,0.0,0.6331
1980-12-19,0.0,0.6574
1980-12-20,0.0,0.632
1980-12-21,10.28,0.6618
1980-12-22,9.55,0.6921
1980-12-23,0.0,0.6981
1980-12-24,0.0,0.6462
1980-12-25,0.0,0.6852
1980-12-26,0.0,0.6697
1980-12-27,0.0,0.6559
1980-12-28,0.0,0.6809
1980-12-29,0.0,0.6529
1980-12-30,0.0,0.642
1980-12-31,0.0,0.6574
1981-01-01,0.0,0.5895
1981-01-02,0.0,0.5886
1981-01-03,1.45,0.7213
1981-01-04,0.0,0.7555
1981-01-05,0.0,0.7428
1981-01-06,0.0,0.6582
1981-01-07,0.0,0.656
1981-01-08,0.0,0.67
1981-01-09,0.0,0.6777
1981-01-10,0.0,0.6621
1981-01-11,0.0,0.6689
1981-01-12,0.0,0.7509
1981-01-13,0.0,0.7859
1981-01-14,0.0,0.7641
1981-01-15,0.0,0.8108
1981-01-16,2.03,0.9504
1981-01-17,1.68,0.9494
1981-01-18,0.0,0.9458
1981-01-19,0.0,0.9885
1981-01-20,0.94,0.9892
1981-01-21,1.72,0.9581
1981-01-22,0.0,0.9776
1981-01-23,16.2,0.8521
1981-01-24,2.81,0.8261
1981-01-25,0.0,0.8984
1981-01-26,4.65,0.8147
1981-01-27,34.74,0.814
1981-01-28,27.79,0.8176
1981-01-29,23.55,0.8314
1981-01-30,3.62,0.8894
1981-01-31,0.0,1.0208
1981-02-01,0.0,1.0348
1981-02-02,0.0,1.1263
1981-02-03,0.0,1.1338
1981-02-04,0.0,1.1925
1981-02-05,0.0,1.2185
1981-02-06,0.0,1.2139
1981-02-07,0.0,1.1981
1981-02-08,3.76,0.9485
1981-02-09,10.9,1.0347
1981-02-10,0.0,1.4093
1981-02-11,1.31,1.4392
1981-02-12,0.0,1.5452
1981-02-13,2.0,1.5833
1981-02-14,6.0,1.315
1981-02-15,0.0,1.6845
1981-02-16,0.0,1.7312
1981-02-17,0.0,1.7298
1981-02-18,0.0,1.8776
1981-02-19,0.0,1.8905
1981-02-20,0.0,1.7427
1981-02-21,0.0,1.8934
1981-02-22,0.0,1.9293
1981-02-23,0.0,1.921
1981-02-24,6.22,1.3567
1981-02-25,6.92,1.2176
1981-02-26,2.38,1.5236
1981-02-27,0.0,1.7642
1981-02-28,3.98,1.4456
1981-03-01,5.03,1.1578
1981-03-02,1.71,1.5685
1981-03-03,0.0,1.6465
1981-03-04,5.35,1.228
1981-03-05,5.52,1.5408
1981-03-06,0.0,2.163
1981-03-07,0.0,2.2332
1981-03-08,0.0,2.3765
1981-03-09,0.0,2.5242
1981-03-10,0.0,2.5551
1981-03-11,0.0,2.5762
1981-03-12,0.0,2.3442
1981-03-13,19.59,1.5967
1981-03-14,0.0,2.1373
1981-03-15,7.07,1.6426
1981-03-16,7.67,1.8287
1981-03-17,0.0,2.6092
1981-03-18,1.73,2.3466
1981-03-19,9.72,1.3953
1981-03-20,8.54,1.758
1981-03-21,14.69,1.8784
1981-03-22,2.82,2.2955
1981-03-23,0.0,2.8711
1981-03-24,0.0,3.0036
1981-03-25,7.84,2.0975
1981-03-26,7.85,2.0772
1981-03-27,0.0,3.0363
1981-03-28,0.0,3.3395
1981-03-29,0.0,3.1512
1981-03-30,0.0,3.0125
1981-03-31,0.0,3.0031
1981-04-01,2.46,2.4328
1981-04-02,0.0,3.1365
1981-04-03,0.0,3.2184
1981-04-04,0.0,3.5472
1981-04-05,0.0,3.7763
1981-04-06,0.0,3.6577
1981-04-07,0.0,3.4631
1981-04-08,0.0,3.4242
1981-04-09,0.0,3.5324
1981-04-10,0.0,3.2764
1981-04-11,0.0,3.3122
1981-04-12,0.0,3.5624
1981-04-13,0.0,3.872
1981-04-14,0.0,4.008
1981-04-15,0.0,3.8836
1981-04-16,0.0,3.8603
1981-04-17,0.0,3.7032
1981-04-18,0.0,2.6766
1981-04-19,7.13,1.7403
1981-04-20,0.0,2.9677
1981-04-21,0.0,3.7821
1981-04-22,0.0,4.4472
1981-04-23,0.0,4.4852
1981-04-24,0.0,4.2126
1981-04-25,0.0,3.3664
1981-04-26,1.0,3.3403
1981-04-27,0.0,4.2799
1981-04-28,0.0,4.8857
1981-04-29,0.0,5.324
1981-04-30,0.0,5.141
1981-05-01,0.0,4.6677
1981-05-02,0.0,3.9825
1981-05-03,0.0,4.0855
1981-05-04,0.0,3.8172
1981-05-05,0.0,3.9652
1981-05-06,0.0,4.257
1981-05-07,0.0,4.4068
1981-05-08,0.0,4.7421
1981-05-09,0.0,4.7013
1981-05-10,0.0,4.6625
1981-05-11,0.0,4.869
1981-05-12,0.0,4.9202
1981-05-13,0.0,4.4893
1981-05-14,0.0,3.9293
1981-05-15,0.0,3.4912
1981-05-16,0.0,4.2227
1981-05-17,0.0,4.3526
1981-05-18,1.83,3.3317
1981-05-19,2.55,2.9002
1981-05-20,0.0,3.7545
1981-05-21,0.0,3.5268
1981-05-22,0.0,4.5923
1981-05-23,0.0,4.7966
1981-05-24,0.0,4.5331
1981-05-25,0.0,4.1239
1981-05-26,0.0,4.5445
1981-05-27,0.0,4.8546
1981-05-28,0.0,5.0134
1981-05-29,0.0,4.9142
1981-05-30,0.0,4.2948
1981-05-31,0.0,5.0947
1981-06-01,0.0,5.1867
1981-06-02,0.0,4.6045
1981-06-03,0.0,5.2083
1981-06-04,0.0,5.7638
1981-06-05,0.0,5.8205
1981-06-06,0.0,5.2654
1981-06-07,0.0,5.0866
1981-06-08,0.0,4.878
1981-06-09,0.0,4.7935
1981-06-10,0.0,5.0679
1981-06-11,0.0,5.0309
1981-06-12,0.0,4.6012
1981-06-13,0.0,4.5843
1981-06-14,0.0,5.1479
1981-06-15,0.0,5.6146
1981-06-16,0.0,5.7503
1981-06-17,0.0,5.7119
1981-06-18,0.0,5.7118
1981-06-19,0.0,5.8597
1981-06-20,0.0,5.8516
1981-06-21,0.0,5.8707
1981-06-22,0.0,5.7925
1981-06-23,0.0,5.4384
1981-06-24,0.0,5.0441
1981-06-25,0.0,4.989
1981-06-26,0.0,5.1522
1981-06-27,0.0,5.2269
1981-06-28,0.0,5.0218
1981-06-29,0.0,4.676
1981-06-30,0.0,4.5027
1981-07-01,0.0,4.4237
1981-07-02,0.0,4.6215
1981-07-03,0.0,4.8566
1981-07-04,0.0,5.0786
1981-07-05,0.0,4.7012
1981-07-06,0.0,4.7228
1981-07-07,0.0,4.975
1981-07-08,0.0,5.213
1981-07-09,0.0,5.1433
1981-07-10,0.0,4.5891
1981-07-11,0.0,4.4559
1981-07-12,0.0,4.4869
1981-07-13,0.0,4.9073
1981-07-14,0.0,5.4254
1981-07-15,0.0,5.2149
1981-07-16,0.0,4.4002
1981-07-17,0.0,3.97
1981-07-18,0.0,4.1769
1981-07-19,0.0,4.73
1981-07-20,0.0,4.867
1981-07-21,0.0,4.9022
1981-07-22,0.0,4.7903
1981-07-23,0.0,4.5977
1981-07-24,0.0,4.5802
1981-07-25,0.0,4.5229
1981-07-26,0.0,4.386
1981-07-27,0.0,4.341
1981-07-28,0.0,4.3663
1981-07-29,0.0,4.3658
1981-07-30,0.0,4.0664
1981-07-31,0.0,3.8397
1981-08-01,0.0,3.7771
1981-08-02,0.0,3.8419
1981-08-03,0.0,3.8117
1981-08-04,0.0,4.0465
1981-08-05,0.0,4.453
1981-08-06,0.0,4.7377
1981-08-07,0.0,4.8613
1981-08-08,0.0,4.842
1981-08-09,0.0,4.4171
1981-08-10,0.0,3.9259
1981-08-11,0.0,3.8447
1981-08-12,0.0,3.8256
1981-08-13,0.0,3.793
1981-08-14,0.0,3.7825
1981-08-15,0.0,3.9582
1981-08-16,0.0,4.1902
1981-08-17,0.0,3.8673
1981-08-18,0.0,3.3223
1981-08-19,0.0,3.3622
1981-08-20,0.0,3.649
1981-08-21,0.0,4.0076
1981-08-22,0.0,3.9436
1981-08-23,0.0,3.5642
1981-08-24,0.0,3.2383
1981-08-25,0.0,3.8061
1981-08-26,0.0,4.0344
1981-08-27,0.0,4.2046
1981-08-28,0.0,4.2287
1981-08-29,0.0,4.0008
1981-08-30,0.0,3.695
1981-08-31,0.0,3.6399
1981-09-01,0.0,3.67
1981-09-02,0.0,3.5378
1981-09-03,0.0,3.3052
1981-09-04,0.0,3.2776
1981-09-05,0.0,3.4546
1981-09-06,0.0,3.4477
1981-09-07,0.0,3.1686
1981-09-08,0.0,3.1713
1981-09-09,0.0,3.0767
1981-09-10,0.0,3.0986
1981-09-11,0.0,3.134
1981-09-12,0.0,2.9919
1981-09-13,0.0,2.5607
1981-09-14,0.0,2.7545
1981-09-15,0.0,2.7357
1981-09-16,0.0,2.7956
1981-09-17,0.0,2.7994
1981-09-18,0.0,2.7209
1981-09-19,0.0,2.7131
1981-09-20,0.0,2.7659
1981-09-21,0.0,2.7802
1981-09-22,0.0,2.7429
1981-09-23,0.0,2.5927
1981-09-24,0.0,2.2965
1981-09-25,2.31,2.0094
1981-09-26,0.0,2.3755
1981-09-27,0.0,2.3376
1981-09-28,0.0,2.1735
1981-09-29,0.0,2.2176
1981-09-30,0.0,2.3528
1981-10-01,0.0,2.4096
1981-10-02,0.0,2.2522
1981-10-03,6.42,1.6387
1981-10-04,0.0,1.8531
1981-10-05,0.0,1.9777
1981-10-06,0.0,1.9695
1981-10-07,7.66,1.5255
1981-10-08,0.0,1.7812
1981-10-09,0.0,1.804
1981-10-10,2.09,1.5762
1981-10-11,0.81,1.557
1981-10-12,0.0,1.6003
1981-10-13,0.0,1.5671
1981-10-14,0.0,1.5516
1981-10-15,0.0,1.5703
1981-10-16,0.0,1.5715
1981-10-17,0.0,1.5536
1981-10-18,0.0,1.5376
1981-10-19,0.0,1.5084
1981-10-20,0.0,1.4638
1981-10-21,0.0,1.4008
1981-10-22,0.0,1.3856
1981-10-23,0.0,1.3614
1981-10-24,0.0,1.305
1981-10-25,0.0,1.2371
1981-10-26,0.0,1.2002
1981-10-27,0.0,1.1596
1981-10-28,32.85,1.0842
1981-10-29,13.33,1.1064
1981-10-30,0.0,1.3021
1981-10-31,0.0,1.3521
1981-11-01,0.0,1.3624
1981-11-02,0.0,1.3364
1981-11-03,0.0,1.3164
1981-11-04,0.0,1.2383
1981-11-05,0.0,1.1709
1981-11-06,0.0,1.1732
1981-11-07,0.0,1.1706
1981-11-08,0.0,1.1542
1981-11-09,0.0,1.1509
1981-11-10,0.0,1.1717
1981-11-11,0.0,1.1576
1981-11-12,14.7,0.9264
1981-11-13,29.68,0.8212
1981-11-14,33.6,0.8537
1981-11-15,3.49,0.9442
1981-11-16,0.0,0.9796
1981-11-17,14.13,0.8924
1981-11-18,0.0,0.9164
1981-11-19,0.0,0.8883
1981-11-20,0.0,0.9368
1981-11-21,0.0,0.9218
1981-11-22,13.46,0.8475
1981-11-23,0.0,0.9513
1981-11-24,8.12,0.8384
1981-11-25,0.0,0.7808
1981-11-26,7.92,0.7288
1981-11-27,6.84,0.6846
1981-11-28,2.19,0.7295
1981-11-29,0.0,0.6952
1981-11-30,0.0,0.7007
1981-12-01,0.0,0.7196
1981-12-02,0.0,0.7283
1981-12-03,0.0,0.6831
1981-12-04,0.0,0.7459
1981-12-05,0.0,0.6881
1981-12-06,0.0,0.6859
1981-12-07,0.0,0.7392
1981-12-08,0.0,0.7233
1981-12-09,0.0,0.7065
1981-12-10,2.72,0.6598
1981-12-11,0.0,0.6001
1981-12-12,2.32,0.6263
1981-12-13,2.33,0.7133
1981-12-14,0.0,0.7498
1981-12-15,0.0,0.7544
1981-12-16,0.0,0.6591
1981-12-17,0.0,0.6212
1981-12-18,5.62,0.7059
1981-12-19,10.09,0.7246
1981-12-20,27.93,0.7271
1981-12-21,5.47,0.6998
1981-12-22,0.0,0.5865
1981-12-23,0.0,0.6143
1981-12-24,0.0,0.6163
1981-12-25,0.0,0.6481
1981-12-26,0.0,0.689
1981-12-27,2.83,0.6783
1981-12-28,0.0,0.6082
1981-12-29,19.7,0.6673
1981-12-30,19.51,0.672
1981-12-31,0.39,0.6814
1982-01-01,5.52,0.6208
1982-01-02,11.08,0.5934
1982-01-03,0.0,0.5804
1982-01-04,48.92,0.6223
1982-01-05,59.32,0.6484
1982-01-06,0.0,0.6129
1982-01-07,0.0,0.5979
1982-01-08,0.0,0.6318
1982-01-09,0.0,0.6671
1982-01-10,0.0,0.6844
1982-01-11,0.0,0.702
1982-01-12,0.0,0.7343
1982-01-13,0.0,0.7738
1982-01-14,0.0,0.687
1982-01-15,0.0,0.7002
1982-01-16,0.0,0.7392
1982-01-17,0.0,0.7573
1982-01-18,0.0,0.8034
1982-01-19,5.59,0.7174
1982-01-20,15.93,0.6624
1982-01-21,11.26,0.6622
1982-01-22,0.0,0.7609
1982-01-23,0.0,0.8129
1982-01-24,0.0,0.9011
1982-01-25,0.0,0.9496
1982-01-26,5.43,0.8774
1982-01-27,0.0,0.9184
1982-01-28,8.74,0.8224
1982-01-29,0.0,0.9812
1982-01-30,0.0,1.0485
1982-01-31,0.0,1.1103
1982-02-01,0.0,1.2256
1982-02-02,0.0,1.2823
1982-02-03,0.0,1.2551
1982-02-04,0.0,1.182
1982-02-05,0.0,1.0886
1982-02-06,0.0,1.1502
1982-02-07,0.0,1.2051
1982-02-08,0.0,1.212
1982-02-09,0.0,1.1664
1982-02-10,0.0,1.223
1982-02-11,0.0,1.297
1982-02-12,0.0,1.3907
1982-02-13,4.23,1.1639
1982-02-14,9.88,1.0042
1982-02-15,35.45,1.0034
1982-02-16,36.86,1.2333
1982-02-17,0.0,1.5439
1982-02-18,0.0,1.7234
1982-02-19,0.0,1.877
1982-02-20,0.0,1.9765
1982-02-21,0.0,1.8646
1982-02-22,0.0,1.7699
1982-02-23,0.0,1.7165
1982-02-24,0.0,1.7891
1982-02-25,0.0,1.847
1982-02-26,0.0,1.7113
1982-02-27,1.89,1.6198
1982-02-28,0.0,1.744
1982-03-01,11.59,1.3145
1982-03-02,11.85,1.2179
1982-03-03,4.12,1.5409
1982-03-04,0.0,2.0243
1982-03-05,0.0,2.1605
1982-03-06,0.0,2.2881
1982-03-07,0.0,2.1701
1982-03-08,1.0,2.0988
1982-03-09,0.0,2.2702
1982-03-10,3.0,1.7715
1982-03-11,12.0,1.5836
1982-03-12,3.56,1.9408
1982-03-13,0.0,2.4354
1982-03-14,5.68,1.6824
1982-03-15,0.09,2.0337
1982-03-16,10.68,1.5833
1982-03-17,10.56,1.61
1982-03-18,6.07,1.5996
1982-03-19,2.75,2.0005
1982-03-20,0.0,2.5014
1982-03-21,0.0,2.5518
1982-03-22,0.0,2.9239
1982-03-23,0.0,3.0203
1982-03-24,0.0,3.0375
1982-03-25,0.0,2.9052
1982-03-26,9.34,2.0843
1982-03-27,0.0,2.6003
1982-03-28,7.36,1.9727
1982-03-29,13.15,1.8997
1982-03-30,13.7,1.9053
1982-03-31,41.18,1.5816
1982-04-01,17.53,1.6416
1982-04-02,7.95,1.751
1982-04-03,10.85,1.802
1982-04-04,4.56,2.213
1982-04-05,0.0,2.9361
1982-04-06,2.42,2.6397
1982-04-07,0.0,3.033
1982-04-08,0.0,3.2686
1982-04-09,0.0,3.5772
1982-04-10,12.43,2.5848
1982-04-11,19.37,2.1908
1982-04-12,4.0,2.6098
1982-04-13,0.0,3.4006
1982-04-14,2.68,2.559
1982-04-15,0.0,3.4589
1982-04-16,0.0,3.7787
1982-04-17,0.0,4.082
1982-04-18,0.0,4.2775
1982-04-19,0.0,4.5494
1982-04-20,0.0,4.6668
1982-04-21,0.0,4.8055
1982-04-22,0.0,4.8308
1982-04-23,0.0,4.756
1982-04-24,0.0,4.5821
1982-04-25,0.0,4.1564
1982-04-26,0.0,3.8424
1982-04-27,0.0,4.2514
1982-04-28,0.0,4.4182
1982-04-29,0.0,4.658
1982-04-30,0.0,4.5803
1982-05-01,0.0,4.06
1982-05-02,0.0,4.49
1982-05-03,0.0,4.7981
1982-05-04,0.0,4.8439
1982-05-05,0.0,4.8601
1982-05-06,0.0,4.511
1982-05-07,0.0,4.4666
1982-05-08,0.0,4.3588
1982-05-09,0.0,3.654
1982-05-10,0.0,3.5096
1982-05-11,0.0,3.9465
1982-05-12,0.0,3.9797
1982-05-13,0.0,3.5942
1982-05-14,0.0,3.8647
1982-05-15,0.0,4.4863
1982-05-16,0.0,4.913
1982-05-17,0.0,4.407
1982-05-18,0.0,4.3632
1982-05-19,0.0,4.923
1982-05-20,0.0,5.0784
1982-05-21,0.0,4.3284
1982-05-22,0.0,4.7515
1982-05-23,0.0,5.7577
1982-05-24,0.0,6.0165
1982-05-25,0.0,5.635
1982-05-26,0.0,4.1393
1982-05-27,0.0,4.2292
1982-05-28,0.0,4.6722
1982-05-29,0.0,4.2987
1982-05-30,0.0,3.8976
1982-05-31,0.0,3.8712
1982-06-01,0.0,3.2775
1982-06-02,0.0,3.7524
1982-06-03,0.0,4.1339
1982-06-04,0.0,4.2607
1982-06-05,0.0,4.5492
1982-06-06,0.0,4.4979
1982-06-07,0.0,4.4084
1982-06-08,0.0,5.0688
1982-06-09,0.0,5.0358
1982-06-10,0.0,4.2399
1982-06-11,0.0,3.9641
1982-06-12,0.0,4.1236
1982-06-13,0.0,4.5067
1982-06-14,0.0,5.1961
1982-06-15,0.0,5.451
1982-06-16,0.0,5.4072
1982-06-17,0.0,4.8005
1982-06-18,0.0,4.7467
1982-06-19,0.0,4.8033
1982-06-20,0.0,4.5535
1982-06-21,0.0,4.5128
1982-06-22,0.0,4.824
1982-06-23,0.0,4.9017
1982-06-24,0.0,4.7222
1982-06-25,0.0,4.9215
1982-06-26,0.0,5.3769
1982-06-27,0.0,5.014
1982-06-28,0.0,4.4196
1982-06-29,3.88,3.2131
1982-06-30,0.0,3.9123
1982-07-01,0.0,3.288
1982-07-02,0.0,4.1779
1982-07-03,0.0,4.5548
1982-07-04,0.0,4.4478
1982-07-05,0.0,4.8012
1982-07-06,0.0,5.1504
1982-07-07,0.0,5.1046
1982-07-08,0.0,4.9821
1982-07-09,0.0,5.3061
1982-07-10,0.0,5.3106
1982-07-11,0.0,5.2048
1982-07-12,0.0,5.4071
1982-07-13,0.0,5.498
1982-07-14,0.0,5.3818
1982-07-15,0.0,5.3961
1982-07-16,0.0,4.8146
1982-07-17,0.0,4.5384
1982-07-18,0.0,4.6801
1982-07-19,0.0,4.6075
1982-07-20,0.0,4.6234
1982-07-21,0.0,4.9981
1982-07-22,0.0,5.0673
1982-07-23,0.0,5.0305
1982-07-24,0.0,4.7731
1982-07-25,0.0,4.3279
1982-07-26,0.0,4.2595
1982-07-27,0.0,4.4556
1982-07-28,0.0,4.8469
1982-07-29,0.0,5.0145
1982-07-30,0.0,4.8753
1982-07-31,0.0,4.8479
1982-08-01,0.0,4.7044
1982-08-02,0.0,4.4914
1982-08-03,0.0,3.7779
1982-08-04,0.0,4.0908
1982-08-05,0.0,4.4152
1982-08-06,0.0,4.8986
1982-08-07,0.0,4.7924
1982-08-08,0.0,4.3683
1982-08-09,0.0,3.829
1982-08-10,0.0,3.8366
1982-08-11,0.0,3.5874
1982-08-12,0.0,4.0748
1982-08-13,0.0,3.887
1982-08-14,0.0,3.7041
1982-08-15,0.0,3.9057
1982-08-16,0.0,4.3335
1982-08-17,0.0,4.3385
1982-08-18,0.0,4.0328
1982-08-19,0.0,3.4356
1982-08-20,0.0,3.9654
1982-08-21,0.0,4.2671
1982-08-22,0.0,4.2658
1982-08-23,0.0,4.0986
1982-08-24,0.0,3.4733
1982-08-25,0.0,2.866
1982-08-26,0.0,3.1759
1982-08-27,0.0,3.3949
1982-08-28,0.0,3.5319
1982-08-29,0.0,3.2508
1982-08-30,0.0,3.6736
1982-08-31,0.0,3.8423
1982-09-01,0.0,3.8461
1982-09-02,0.0,3.6695
1982-09-03,0.0,3.5164
1982-09-04,0.0,3.5981
1982-09-05,0.0,3.763
1982-09-06,0.0,3.6332
1982-09-07,0.0,3.6684
1982-09-08,0.0,3.6267
1982-09-09,0.0,3.2801
1982-09-10,0.0,3.0286
1982-09-11,0.0,3.2656
1982-09-12,0.0,3.2883
1982-09-13,0.0,3.161
1982-09-14,0.0,2.7673
1982-09-15,0.0,2.2572
1982-09-16,3.16,1.9696
1982-09-17,3.31,1.7604
1982-09-18,1.1,2.3163
1982-09-19,0.0,2.4864
1982-09-20,0.0,2.7203
1982-09-21,0.0,2.8544
1982-09-22,0.0,2.7822
1982-09-23,0.0,2.6245
1982-09-24,8.27,1.8642
1982-09-25,9.0,1.7355
1982-09-26,6.46,1.8745
1982-09-27,0.0,2.3221
1982-09-28,0.0,2.2764
1982-09-29,0.0,2.179
1982-09-30,0.0,2.2336
1982-10-01,0.0,2.2757
1982-10-02,0.0,2.2673
1982-10-03,0.0,2.2211
1982-10-04,0.0,2.0566
1982-10-05,0.0,2.0504
1982-10-06,0.0,1.964
1982-10-07,0.0,1.9238
1982-10-08,0.0,1.9316
1982-10-09,0.0,2.0217
1982-10-10,0.0,1.9794
1982-10-11,0.0,1.9593
1982-10-12,0.0,1.8738
1982-10-13,0.0,1.8401
1982-10-14,0.0,1.8051
1982-10-15,0.0,1.6694
1982-10-16,0.0,1.6322
1982-10-17,0.0,1.6073
1982-10-18,0.0,1.5458
1982-10-19,0.0,1.5931
1982-10-20,0.0,1.5731
1982-10-21,0.0,1.5142
1982-10-22,0.7,1.5389
1982-10-23,1.0,1.5703
1982-10-24,0.0,1.519
1982-10-25,20.87,1.0443
1982-10-26,21.63,1.1469
1982-10-27,0.0,1.4531
1982-10-28,0.0,1.3958
1982-10-29,0.0,1.3891
1982-10-30,11.36,1.0802
1982-10-31,1.97,1.273
1982-11-01,0.0,1.3829
1982-11-02,0.0,1.3897
1982-11-03,0.0,1.311
1982-11-04,0.0,1.2938
1982-11-05,0.0,1.2557
1982-11-06,0.0,1.2415
1982-11-07,0.0,1.1114
1982-11-08,3.5,0.909
1982-11-09,6.13,0.7679
1982-11-10,9.29,0.8077
1982-11-11,3.37,0.8763
1982-11-12,0.0,0.9294
1982-11-13,0.0,0.9681
1982-11-14,0.0,0.9351
1982-11-15,0.0,0.8916
1982-11-16,0.0,0.8893
1982-11-17,1.83,0.8636
1982-11-18,39.5,0.7827
1982-11-19,13.77,0.8077
1982-11-20,0.0,0.8586
1982-11-21,0.0,0.8234
1982-11-22,4.21,0.7511
1982-11-23,4.56,0.7266
1982-11-24,0.0,0.8409
1982-11-25,0.0,0.7981
1982-11-26,0.0,0.7949
1982-11-27,0.04,0.8128
1982-11-28,7.23,0.7425
1982-11-29,15.44,0.7239
1982-11-30,27.21,0.7355
1982-12-01,4.84,0.6988
1982-12-02,1.79,0.6829
1982-12-03,0.0,0.7252
1982-12-04,0.0,0.7542
1982-12-05,0.0,0.7677
1982-12-06,0.0,0.7272
1982-12-07,0.0,0.6907
1982-12-08,0.0,0.7041
1982-12-09,0.0,0.6881
1982-12-10,0.0,0.63
1982-12-11,0.0,0.6256
1982-12-12,0.0,0.6208
1982-12-13,2.68,0.6482
1982-12-14,0.0,0.6094
1982-12-15,0.0,0.6825
1982-12-16,0.0,0.7368
1982-12-17,4.14,0.7099
1982-12-18,0.0,0.6391
1982-12-19,0.0,0.604
1982-12-20,3.94,0.6733
1982-12-21,23.55,0.6855
1982-12-22,38.52,0.6843
1982-12-23,13.73,0.6379
1982-12-24,0.0,0.6043
1982-12-25,0.0,0.5957
1982-12-26,0.0,0.6208
1982-12-27,0.0,0.6482
1982-12-28,0.0,0.6402
1982-12-29,0.0,0.6375
1982-12-30,0.0,0.5882
1982-12-31,0.0,0.5696
1983-01-01,0.0,0.5775
1983-01-02,0.0,0.5944
1983-01-03,0.0,0.5631
1983-01-04,0.0,0.6505
1983-01-05,0.0,0.6538
1983-01-06,0.0,0.6158
1983-01-07,0.0,0.6401
1983-01-08,0.0,0.6684
1983-01-09,0.0,0.6796
1983-01-10,0.0,0.7666
1983-01-11,0.0,0.786
1983-01-12,0.0,0.6821
1983-01-13,0.0,0.6601
1983-01-14,0.0,0.7112
1983-01-15,0.0,0.7772
1983-01-16,6.41,0.769
1983-01-17,0.06,0.8353
1983-01-18,11.71,0.7596
1983-01-19,14.88,0.7568
1983-01-20,0.6,0.7765
1983-01-21,1.77,0.7832
1983-01-22,28.82,0.8036
1983-01-23,19.49,0.8609
1983-01-24,36.65,0.8874
1983-01-25,4.52,0.9161
1983-01-26,17.98,0.9016
1983-01-27,40.25,0.8881
1983-01-28,3.69,0.8841
1983-01-29,15.69,0.889
1983-01-30,3.12,0.9289
1983-01-31,0.0,1.0988
1983-02-01,0.0,1.0941
1983-02-02,0.0,1.0382
1983-02-03,0.0,1.1073
1983-02-04,0.0,1.1963
1983-02-05,6.36,0.9737
1983-02-06,15.9,0.9209
1983-02-07,19.48,0.8594
1983-02-08,20.7,1.0379
1983-02-09,2.59,1.1457
1983-02-10,0.0,1.4866
1983-02-11,0.0,1.5956
1983-02-12,11.55,1.2204
1983-02-13,7.91,1.2343
1983-02-14,0.0,1.5639
1983-02-15,0.0,1.5844
1983-02-16,0.0,1.6698
1983-02-17,0.0,1.7942
1983-02-18,13.72,1.4761
1983-02-19,0.96,1.6924
1983-02-20,0.0,1.8147
1983-02-21,0.0,1.853
1983-02-22,0.0,1.8787
1983-02-23,0.0,1.709
1983-02-24,13.86,1.278
1983-02-25,16.41,1.3443
1983-02-26,14.36,1.3253
1983-02-27,11.36,1.3062
1983-02-28,10.89,1.384
1983-03-01,23.98,1.4024
1983-03-02,24.72,1.2787
1983-03-03,11.4,1.4519
1983-03-04,3.07,1.7412
1983-03-05,2.97,1.618
1983-03-06,3.88,1.8203
1983-03-07,7.31,1.7431
1983-03-08,0.87,2.4522
1983-03-09,0.0,2.5022
1983-03-10,4.46,1.9761
1983-03-11,11.88,2.016
1983-03-12,7.61,1.772
1983-03-13,32.83,1.6175
1983-03-14,1.42,2.4468
1983-03-15,0.0,2.6195
1983-03-16,0.0,2.4468
1983-03-17,13.85,1.6954
1983-03-18,10.24,1.8534
1983-03-19,0.0,2.7769
1983-03-20,0.0,2.3718
1983-03-21,14.33,2.0814
1983-03-22,7.7,2.0084
1983-03-23,9.23,1.9342
1983-03-24,14.42,1.7467
1983-03-25,7.48,2.1164
1983-03-26,1.69,2.8584
1983-03-27,7.22,2.0536
1983-03-28,0.0,3.0226
1983-03-29,0.0,3.2147
1983-03-30,0.0,3.5183
1983-03-31,2.16,3.2546
1983-04-01,0.0,3.5707
1983-04-02,0.0,3.4914
1983-04-03,0.0,3.2149
1983-04-04,0.0,3.4562
1983-04-05,0.0,3.3892
1983-04-06,0.0,3.6649
1983-04-07,0.0,3.8433
1983-04-08,0.0,3.7762
1983-04-09,0.0,3.0417
1983-04-10,0.0,2.9796
1983-04-11,0.2,3.0838
1983-04-12,0.0,3.1325
1983-04-13,0.0,3.5036
1983-04-14,0.0,3.6983
1983-04-15,0.0,3.827
1983-04-16,0.0,4.1373
1983-04-17,0.0,3.9497
1983-04-18,5.46,2.7613
1983-04-19,6.79,2.4081
1983-04-20,7.06,2.7631
1983-04-21,3.37,2.4065
1983-04-22,0.0,2.9742
1983-04-23,8.43,2.2748
1983-04-24,13.72,2.3849
1983-04-25,8.17,2.6869
1983-04-26,0.0,3.7944
1983-04-27,5.03,2.6472
1983-04-28,24.43,2.1886
1983-04-29,7.1,2.677
1983-04-30,9.51,2.5612
1983-05-01,3.93,2.9543
1983-05-02,0.0,3.7244
1983-05-03,0.0,4.0792
1983-05-04,0.0,3.7409
1983-05-05,3.85,2.5438
1983-05-06,7.13,3.1785
1983-05-07,0.0,4.1987
1983-05-08,0.0,4.2481
1983-05-09,0.0,4.442
1983-05-10,0.0,4.5952
1983-05-11,0.0,4.9258
1983-05-12,0.0,4.688
1983-05-13,0.0,4.272
1983-05-14,0.0,5.0141
1983-05-15,0.0,4.9695
1983-05-16,0.0,5.1305
1983-05-17,0.0,5.5243
1983-05-18,0.0,5.6439
1983-05-19,0.0,5.8329
1983-05-20,0.0,5.9392
1983-05-21,0.0,5.7017
1983-05-22,0.0,5.425
1983-05-23,0.0,4.9537
1983-05-24,0.0,4.902
1983-05-25,0.0,5.0915
1983-05-26,0.0,5.2729
1983-05-27,0.0,5.3194
1983-05-28,0.0,4.8886
1983-05-29,0.0,4.1456
1983-05-30,0.0,4.1217
1983-05-31,0.0,4.0109
1983-06-01,0.0,3.6034
1983-06-02,0.0,3.8283
1983-06-03,0.0,4.5595
1983-06-04,0.0,4.9941
1983-06-05,0.0,5.9187
1983-06-06,0.0,6.0922
1983-06-07,0.0,5.3306
1983-06-08,0.0,4.6314
1983-06-09,0.0,4.4423
1983-06-10,0.0,4.4145
1983-06-11,0.0,4.8993
1983-06-12,0.0,5.0184
1983-06-13,0.0,5.8093
1983-06-14,0.0,5.7706
1983-06-15,0.0,5.1845
1983-06-16,0.0,5.7965
1983-06-17,0.0,5.5257
1983-06-18,0.0,4.7838
1983-06-19,0.0,5.3144
1983-06-20,0.0,5.0757
1983-06-21,0.0,5.0881
1983-06-22,0.0,5.1774
1983-06-23,0.0,4.4736
1983-06-24,0.0,5.0314
1983-06-25,0.0,5.2703
1983-06-26,0.0,5.0034
1983-06-27,0.0,4.2929
1983-06-28,0.0,3.7023
1983-06-29,0.0,4.262
1983-06-30,0.0,4.412
1983-07-01,0.0,3.8886
1983-07-02,0.0,3.8591
1983-07-03,0.0,5.2093
1983-07-04,0.0,5.7262
1983-07-05,0.0,5.5577
1983-07-06,0.0,4.8425
1983-07-07,0.0,4.373
1983-07-08,0.0,4.5009
1983-07-09,0.0,5.0498
1983-07-10,0.0,5.627
1983-07-11,0.0,6.0124
1983-07-12,0.0,6.0266
1983-07-13,0.0,6.026
1983-07-14,0.0,5.7481
1983-07-15,0.0,5.0619
1983-07-16,0.0,4.7739
1983-07-17,0.0,4.0616
1983-07-18,0.0,4.0658
1983-07-19,0.0,4.19
1983-07-20,0.0,4.8542
1983-07-21,0.0,4.9585
1983-07-22,0.0,4.6125
1983-07-23,0.0,4.2814
1983-07-24,0.0,4.0196
1983-07-25,0.0,3.753
1983-07-26,0.0,4.3839
1983-07-27,0.0,4.4869
1983-07-28,0.0,4.2794
1983-07-29,0.0,4.729
1983-07-30,0.0,4.6602
1983-07-31,0.0,4.4416
1983-08-01,0.0,4.7667
1983-08-02,0.0,4.4496
1983-08-03,0.0,4.5658
1983-08-04,0.0,4.2032
1983-08-05,0.0,4.7096
1983-08-06,0.0,5.146
1983-08-07,0.0,5.0562
1983-08-08,0.0,4.8025
1983-08-09,0.0,3.9716
1983-08-10,0.0,3.9152
1983-08-11,0.0,4.3898
1983-08-12,0.0,4.4636
1983-08-13,0.0,4.5213
1983-08-14,0.0,4.4552
1983-08-15,0.0,4.5748
1983-08-16,0.0,4.5436
1983-08-17,0.0,4.3633
1983-08-18,0.0,3.3485
1983-08-19,4.27,2.3383
1983-08-20,0.0,3.2792
1983-08-21,0.0,3.3485
1983-08-22,0.0,3.4442
1983-08-23,0.0,3.5088
1983-08-24,0.0,3.6073
1983-08-25,0.0,3.2407
1983-08-26,0.0,3.7125
1983-08-27,0.0,3.7946
1983-08-28,0.0,3.6693
1983-08-29,0.0,3.5594
1983-08-30,0.0,3.4823
1983-08-31,0.0,3.2763
1983-09-01,0.0,3.3916
1983-09-02,0.0,3.709
1983-09-03,0.0,3.845
1983-09-04,0.0,3.9321
1983-09-05,0.0,3.8947
1983-09-06,0.0,3.5587
1983-09-07,0.0,3.0871
1983-09-08,0.0,3.0467
1983-09-09,0.0,3.3592
1983-09-10,0.0,3.5443
1983-09-11,0.0,3.6292
1983-09-12,0.0,3.8249
1983-09-13,0.0,3.6507
1983-09-14,0.0,3.4667
1983-09-15,0.0,3.3418
1983-09-16,0.0,3.0904
1983-09-17,0.0,2.9274
1983-09-18,0.0,2.9411
1983-09-19,0.0,3.035
1983-09-20,0.0,3.1144
1983-09-21,0.0,2.8852
1983-09-22,0.0,2.4088
1983-09-23,0.0,2.1705
1983-09-24,0.0,2.3965
1983-09-25,0.0,2.3293
1983-09-26,0.0,2.0202
1983-09-27,0.0,1.9375
1983-09-28,0.0,2.2031
1983-09-29,0.0,2.0644
1983-09-30,17.43,1.5181
1983-10-01,11.65,1.6086
1983-10-02,0.0,2.0557
1983-10-03,0.0,2.1521
1983-10-04,0.0,2.2762
1983-10-05,0.0,2.2103
1983-10-06,0.0,2.1273
1983-10-07,0.0,2.0414
1983-10-08,0.0,1.9281
1983-10-09,0.0,1.8722
1983-10-10,0.0,1.9427
1983-10-11,0.0,1.9588
1983-10-12,0.0,1.9282
1983-10-13,0.0,1.7886
1983-10-14,0.0,1.718
1983-10-15,0.0,1.7046
1983-10-16,0.0,1.6706
1983-10-17,0.0,1.6538
1983-10-18,0.0,1.657
1983-10-19,0.0,1.5545
1983-10-20,0.0,1.5924
1983-10-21,0.0,1.5631
1983-10-22,0.0,1.5071
1983-10-23,0.0,1.5436
1983-10-24,0.0,1.5287
1983-10-25,0.0,1.4323
1983-10-26,0.0,1.4041
1983-10-27,0.0,1.414
1983-10-28,0.0,1.39
1983-10-29,0.0,1.4038
1983-10-30,1.91,1.2526
1983-10-31,2.48,1.1528
1983-11-01,1.99,1.1618
1983-11-02,0.0,1.2656
1983-11-03,0.0,1.2853
1983-11-04,0.0,1.2715
1983-11-05,0.0,1.1701
1983-11-06,0.0,1.142
1983-11-07,0.0,1.1087
1983-11-08,0.0,1.0057
1983-11-09,3.98,0.9176
1983-11-10,17.04,0.9292
1983-11-11,35.43,1.0041
1983-11-12,7.55,0.949
1983-11-13,11.76,0.8559
1983-11-14,14.44,0.8852
1983-11-15,0.0,0.9946
1983-11-16,9.06,0.8868
1983-11-17,21.46,0.8103
1983-11-18,14.29,0.8521
1983-11-19,6.93,0.8498
1983-11-20,21.93,0.8146
1983-11-21,4.82,0.7526
1983-11-22,0.0,0.7744
1983-11-23,2.88,0.726
1983-11-24,18.11,0.7836
1983-11-25,18.81,0.733
1983-11-26,0.0,0.7876
1983-11-27,0.0,0.7929
1983-11-28,0.0,0.7821
1983-11-29,0.0,0.7438
1983-11-30,0.0,0.7694
1983-12-01,0.0,0.7787
1983-12-02,0.0,0.8174
1983-12-03,15.02,0.716
1983-12-04,5.17,0.6664
1983-12-05,0.0,0.6347
1983-12-06,0.0,0.7052
1983-12-07,0.0,0.6796
1983-12-08,3.17,0.7611
1983-12-09,14.97,0.7376
1983-12-10,9.04,0.677
1983-12-11,12.47,0.6921
1983-12-12,5.99,0.6608
1983-12-13,0.0,0.7019
1983-12-14,2.41,0.7466
1983-12-15,0.0,0.7792
1983-12-16,0.0,0.7333
1983-12-17,2.0,0.7326
1983-12-18,0.0,0.6872
1983-12-19,0.0,0.6928
1983-12-20,0.0,0.6277
1983-12-21,0.0,0.5745
1983-12-22,7.13,0.5734
1983-12-23,6.54,0.5847
1983-12-24,14.78,0.6593
1983-12-25,26.52,0.7228
1983-12-26,3.43,0.7075
1983-12-27,5.63,0.6894
1983-12-28,0.0,0.7084
1983-12-29,0.0,0.7557
1983-12-30,9.42,0.7522
1983-12-31,1.0,0.7758
1984-01-01,0.0,0.674
1984-01-02,0.0,0.6721
1984-01-03,0.0,0.6717
1984-01-04,0.0,0.7074
1984-01-05,0.0,0.6834
1984-01-06,0.0,0.6647
1984-01-07,0.0,0.694
1984-01-08,0.0,0.7021
1984-01-09,0.0,0.6461
1984-01-10,0.0,0.6804
1984-01-11,0.0,0.7236
1984-01-12,0.0,0.7139
1984-01-13,0.0,0.6679
1984-01-14,0.0,0.6649
1984-01-15,1.81,0.7547
1984-01-16,3.45,0.7096
1984-01-17,0.0,0.7191
1984-01-18,0.0,0.7235
1984-01-19,0.0,0.7844
1984-01-20,0.0,0.7817
1984-01-21,2.0,0.8157
1984-01-22,0.0,0.8259
1984-01-23,0.0,0.9048
1984-01-24,0.0,0.9927
1984-01-25,0.0,1.0867
1984-01-26,0.0,1.0599
1984-01-27,0.0,1.1213
1984-01-28,0.0,1.1688
1984-01-29,0.0,1.1245
1984-01-30,0.0,1.1649
1984-01-31,0.0,1.1624
1984-02-01,0.0,1.0795
1984-02-02,0.0,1.1285
1984-02-03,0.0,1.25
1984-02-04,0.0,1.2434
1984-02-05,0.0,1.2713
1984-02-06,0.0,1.281
1984-02-07,0.0,1.2861
1984-02-08,0.0,1.3282
1984-02-09,4.79,1.0946
1984-02-10,6.81,0.9977
1984-02-11,0.0,1.1187
1984-02-12,2.0,1.1109
1984-02-13,9.08,0.9357
1984-02-14,14.26,1.1414
1984-02-15,7.32,1.11
1984-02-16,10.81,1.115
1984-02-17,0.0,1.4216
1984-02-18,0.0,1.4733
1984-02-19,0.0,1.5912
1984-02-20,0.0,1.6465
1984-02-21,6.07,1.3032
1984-02-22,0.0,1.5176
1984-02-23,0.0,1.6135
1984-02-24,0.06,1.5625
1984-02-25,0.0,1.6561
1984-02-26,0.0,1.8137
1984-02-27,0.0,1.9257
1984-02-28,0.0,2.0059
1984-02-29,0.0,1.8996
1984-03-01,0.0,1.9518
1984-03-02,0.0,2.0294
1984-03-03,0.0,2.1785
1984-03-04,0.0,2.3589
1984-03-05,0.0,2.366
1984-03-06,0.0,2.311
1984-03-07,0.0,2.2964
1984-03-08,0.0,2.2801
1984-03-09,0.0,2.2417
1984-03-10,0.0,2.2725
1984-03-11,0.0,2.3534
1984-03-12,0.0,2.3347
1984-03-13,12.15,1.7585
1984-03-14,11.57,1.5165
1984-03-15,4.82,1.5693
1984-03-16,0.05,2.3275
1984-03-17,9.2,1.9216
1984-03-18,0.0,2.5039
1984-03-19,0.0,2.8962
1984-03-20,0.0,3.0116
1984-03-21,0.0,2.8468
1984-03-22,0.0,2.8469
1984-03-23,0.0,3.1532
1984-03-24,0.0,2.9694
1984-03-25,0.0,2.8164
1984-03-26,0.0,2.4935
1984-03-27,0.0,2.9869
1984-03-28,0.0,3.2264
1984-03-29,0.0,3.1043
1984-03-30,0.0,3.0808
1984-03-31,4.03,2.1547
1984-04-01,0.97,2.7927
1984-04-02,0.0,3.0435
1984-04-03,0.0,3.2238
1984-04-04,0.0,3.0263
1984-04-05,0.0,2.6643
1984-04-06,0.0,3.0196
1984-04-07,0.0,3.3279
1984-04-08,2.32,2.588
1984-04-09,0.0,3.0446
1984-04-10,3.72,2.4316
1984-04-11,0.0,3.1962
1984-04-12,0.0,3.4266
1984-04-13,0.0,3.9538
1984-04-14,0.0,4.2626
1984-04-15,0.0,4.2335
1984-04-16,0.0,3.428
1984-04-17,0.0,3.1958
1984-04-18,7.05,2.3373
1984-04-19,4.66,2.1863
1984-04-20,0.0,3.4068
1984-04-21,0.0,3.9237
1984-04-22,0.0,4.174
1984-04-23,0.0,4.0782
1984-04-24,0.0,3.8299
1984-04-25,0.0,3.6151
1984-04-26,0.0,3.5664
1984-04-27,0.0,3.8223
1984-04-28,0.0,4.0226
1984-04-29,0.0,3.7918
1984-04-30,0.0,3.3319
1984-05-01,0.0,3.5152
1984-05-02,0.0,3.4337
1984-05-03,0.0,3.7446
1984-05-04,0.0,3.7966
1984-05-05,0.0,3.9762
1984-05-06,0.0,4.4269
1984-05-07,0.0,4.9002
1984-05-08,0.0,5.1541
1984-05-09,0.0,4.898
1984-05-10,0.0,4.3236
1984-05-11,0.0,4.3899
1984-05-12,0.0,4.8007
1984-05-13,0.0,4.7532
1984-05-14,0.0,4.0836
1984-05-15,0.0,3.7124
1984-05-16,0.0,4.3115
1984-05-17,0.0,4.2691
1984-05-18,0.0,4.4378
1984-05-19,0.0,4.7
1984-05-20,0.0,4.5171
1984-05-21,0.0,4.5673
1984-05-22,0.0,4.977
1984-05-23,0.0,4.7927
1984-05-24,0.0,4.4306
1984-05-25,0.0,4.7765
1984-05-26,0.0,5.1149
1984-05-27,0.0,5.5155
1984-05-28,0.0,5.7389
1984-05-29,0.0,5.5395
1984-05-30,0.0,5.1916
1984-05-31,0.0,5.0263
1984-06-01,0.0,5.0932
1984-06-02,0.0,4.9199
1984-06-03,0.0,4.378
1984-06-04,0.0,3.817
1984-06-05,1.97,3.1246
1984-06-06,2.56,2.8742
1984-06-07,0.0,3.7557
1984-06-08,0.0,4.4522
1984-06-09,0.0,4.6039
1984-06-10,0.0,4.9954
1984-06-11,0.0,4.7976
1984-06-12,0.0,4.0791
1984-06-13,0.0,4.1105
1984-06-14,0.0,4.4475
1984-06-15,0.0,4.6053
1984-06-16,0.0,4.8591
1984-06-17,0.0,5.2774
1984-06-18,0.0,5.042
1984-06-19,0.0,3.831
1984-06-20,0.0,3.737
1984-06-21,0.0,4.7445
1984-06-22,0.0,5.1705
1984-06-23,0.0,5.2532
1984-06-24,0.0,5.1403
1984-06-25,0.0,4.8901
1984-06-26,0.0,5.1414
1984-06-27,0.0,5.2548
1984-06-28,0.0,5.0323
1984-06-29,0.0,4.6749
1984-06-30,0.0,5.185
1984-07-01,0.0,5.7091
1984-07-02,0.0,5.8114
1984-07-03,0.0,5.5963
1984-07-04,0.0,5.419
1984-07-05,0.0,4.945
1984-07-06,0.0,4.9664
1984-07-07,0.0,4.9488
1984-07-08,0.0,4.9477
1984-07-09,0.0,4.7344
1984-07-10,0.0,4.9683
1984-07-11,0.0,5.1115
1984-07-12,0.0,5.241
1984-07-13,0.0,5.4964
1984-07-14,0.0,5.2953
1984-07-15,0.0,5.157
1984-07-16,0.0,4.9583
1984-07-17,0.0,4.7607
1984-07-18,0.0,4.6429
1984-07-19,0.0,4.4739
1984-07-20,0.0,4.2527
1984-07-21,0.0,3.8626
1984-07-22,0.0,3.5904
1984-07-23,0.0,3.5852
1984-07-24,0.0,3.6871
1984-07-25,0.0,4.2095
1984-07-26,0.0,4.6655
1984-07-27,0.0,4.7547
1984-07-28,0.0,4.1719
1984-07-29,0.0,4.288
1984-07-30,0.0,4.5974
1984-07-31,0.0,4.4796
1984-08-01,0.0,4.1463
1984-08-02,0.0,3.9585
1984-08-03,0.0,4.2961
1984-08-04,0.0,4.5438
1984-08-05,0.0,4.3082
1984-08-06,0.0,4.4358
1984-08-07,0.0,4.9867
1984-08-08,0.0,5.009
1984-08-09,0.0,4.8829
1984-08-10,0.0,4.4864
1984-08-11,0.0,4.0271
1984-08-12,0.0,4.1809
1984-08-13,0.0,3.923
1984-08-14,0.0,4.2245
1984-08-15,0.0,4.0392
1984-08-16,0.0,3.9671
1984-08-17,0.0,4.2793
1984-08-18,0.0,4.3388
1984-08-19,0.0,4.0958
1984-08-20,0.0,3.833
1984-08-21,0.0,3.7594
1984-08-22,0.0,3.704
1984-08-23,0.0,3.6962
1984-08-24,0.0,3.4972
1984-08-25,0.0,3.0185
1984-08-26,0.0,3.2391
1984-08-27,0.0,3.4976
1984-08-28,0.0,3.6669
1984-08-29,0.0,3.6683
1984-08-30,0.0,3.3117
1984-08-31,0.82,3.3552
1984-09-01,0.0,3.7752
1984-09-02,0.0,3.8247
1984-09-03,0.0,3.7157
1984-09-04,0.0,3.7455
1984-09-05,0.0,3.5466
1984-09-06,0.0,3.4053
1984-09-07,0.0,3.5689
1984-09-08,0.0,3.7778
1984-09-09,0.0,3.7812
1984-09-10,0.0,3.5424
1984-09-11,0.0,3.0453
1984-09-12,0.0,3.0169
1984-09-13,0.0,3.2083
1984-09-14,0.0,3.1422
1984-09-15,0.0,3.0173
1984-09-16,0.0,3.0794
1984-09-17,0.0,3.1772
1984-09-18,0.0,3.1164
1984-09-19,5.19,2.4256
1984-09-20,0.0,2.5585
1984-09-21,0.0,2.5915
1984-09-22,0.0,2.6506
1984-09-23,0.0,2.5395
1984-09-24,0.0,2.4747
1984-09-25,0.0,2.5053
1984-09-26,0.0,2.5825
1984-09-27,0.0,2.5993
1984-09-28,0.0,2.542
1984-09-29,0.0,2.4442
1984-09-30,0.0,2.084
1984-10-01,1.62,1.9737
1984-10-02,0.0,1.9978
1984-10-03,0.0,1.8263
1984-10-04,0.0,1.6989
1984-10-05,0.0,1.8096
1984-10-06,0.0,1.9494
1984-10-07,0.0,2.0306
1984-10-08,0.0,1.9783
1984-10-09,0.0,1.8435
1984-10-10,0.0,1.7532
1984-10-11,19.67,1.4327
1984-10-12,0.0,1.6022
1984-10-13,0.0,1.6076
1984-10-14,0.0,1.6197
1984-10-15,0.0,1.5108
1984-10-16,26.02,1.2727
1984-10-17,21.4,1.301
1984-10-18,0.0,1.5262
1984-10-19,0.18,1.4048
1984-10-20,0.0,1.5432
1984-10-21,0.0,1.5356
1984-10-22,0.0,1.5564
1984-10-23,0.0,1.5919
1984-10-24,0.0,1.6098
1984-10-25,0.0,1.7078
1984-10-26,0.0,1.56
1984-10-27,0.0,1.3366
1984-10-28,0.0,1.3389
1984-10-29,4.67,1.1262
1984-10-30,0.0,1.2205
1984-10-31,0.0,1.2712
1984-11-01,0.0,1.2388
1984-11-02,0.82,1.2421
1984-11-03,4.97,1.0947
1984-11-04,0.0,1.2473
1984-11-05,0.0,1.2144
1984-11-06,5.22,1.0524
1984-11-07,8.24,1.0436
1984-11-08,22.42,0.8714
1984-11-09,0.05,1.031
1984-11-10,6.7,0.8965
1984-11-11,7.56,0.8601
1984-11-12,8.9,0.8109
1984-11-13,27.91,0.9142
1984-11-14,0.0,0.9648
1984-11-15,1.02,0.8651
1984-11-16,13.7,0.7555
1984-11-17,6.22,0.8705
1984-11-18,5.49,0.8649
1984-11-19,0.0,0.885
1984-11-20,0.62,0.8404
1984-11-21,4.0,0.7414
1984-11-22,0.0,0.816
1984-11-23,0.0,0.7781
1984-11-24,12.1,0.7471
1984-11-25,3.59,0.7139
1984-11-26,0.0,0.6865
1984-11-27,15.03,0.7377
1984-11-28,16.52,0.7452
1984-11-29,0.0,0.6891
1984-11-30,0.0,0.7101
1984-12-01,0.0,0.7283
1984-12-02,8.78,0.6603
1984-12-03,7.73,0.66
1984-12-04,0.0,0.6241
1984-12-05,6.18,0.6623
1984-12-06,1.98,0.7317
1984-12-07,0.0,0.7143
1984-12-08,0.0,0.7288
1984-12-09,0.0,0.728
1984-12-10,10.12,0.7211
1984-12-11,1.2,0.7003
1984-12-12,0.0,0.6984
1984-12-13,0.0,0.6277
1984-12-14,0.0,0.621
1984-12-15,7.1,0.611
1984-12-16,9.84,0.5563
1984-12-17,0.0,0.5113
1984-12-18,0.0,0.5981
1984-12-19,0.0,0.6046
1984-12-20,0.0,0.5485
1984-12-21,0.0,0.5564
1984-12-22,0.0,0.5447
1984-12-23,0.0,0.5328
1984-12-24,0.0,0.5409
1984-12-25,0.0,0.5394
1984-12-26,3.43,0.5572
1984-12-27,1.35,0.5642
1984-12-28,0.0,0.5495
1984-12-29,0.0,0.5597
1984-12-30,0.0,0.6015
1984-12-31,0.0,0.5875
1985-01-01,0.0,0.6077
1985-01-02,0.0,0.5763
1985-01-03,0.0,0.5999
1985-01-04,0.0,0.5867
1985-01-05,0.0,0.6652
1985-01-06,0.0,0.7325
1985-01-07,5.0,0.7015
1985-01-08,3.59,0.6882
1985-01-09,0.0,0.7289
1985-01-10,0.19,0.689
1985-01-11,0.0,0.7154
1985-01-12,0.0,0.6946
1985-01-13,0.0,0.6563
1985-01-14,0.0,0.6685
1985-01-15,0.0,0.7111
1985-01-16,0.0,0.7648
1985-01-17,0.0,0.7513
1985-01-18,0.0,0.7619
1985-01-19,0.0,0.7605
1985-01-20,0.0,0.7563
1985-01-21,0.0,0.7462
1985-01-22,0.0,0.8009
1985-01-23,0.0,0.7872
1985-01-24,0.0,0.7893
1985-01-25,0.0,0.8128
1985-01-26,2.56,0.8195
1985-01-27,0.0,0.9272
1985-01-28,3.2,0.8104
1985-01-29,1.15,0.8681
1985-01-30,0.0,0.9611
1985-01-31,0.0,0.9788
1985-02-01,0.0,1.0099
1985-02-02,2.19,1.0011
1985-02-03,0.0,1.0392
1985-02-04,0.0,1.0731
1985-02-05,0.0,1.0769
1985-02-06,0.0,1.1002
1985-02-07,8.72,0.8704
1985-02-08,35.19,0.8343
1985-02-09,0.0,1.1803
1985-02-10,0.0,1.1984
1985-02-11,0.0,1.3101
1985-02-12,0.0,1.485
1985-02-13,0.0,1.5933
1985-02-14,0.0,1.6667
1985-02-15,0.0,1.666
1985-02-16,0.0,1.6886
1985-02-17,0.0,1.692
1985-02-18,0.0,1.7216
1985-02-19,0.0,1.7073
1985-02-20,0.0,1.6335
1985-02-21,0.0,1.854
1985-02-22,0.0,2.0111
1985-02-23,0.0,2.0768
1985-02-24,0.0,1.9741
1985-02-25,0.0,1.9581
1985-02-26,0.0,1.9947
1985-02-27,0.0,2.0731
1985-02-28,0.0,2.0862
1985-03-01,0.0,1.8331
1985-03-02,2.21,1.4156
1985-03-03,0.0,1.7297
1985-03-04,2.7,1.5049
1985-03-05,10.21,1.2881
1985-03-06,15.25,1.1737
1985-03-07,12.08,1.3578
1985-03-08,0.0,1.9255
1985-03-09,0.0,2.1469
1985-03-10,7.82,1.5207
1985-03-11,6.64,1.5589
1985-03-12,0.0,1.8448
1985-03-13,0.0,2.2275
1985-03-14,0.0,2.4801
1985-03-15,0.0,2.3756
1985-03-16,0.0,2.1139
1985-03-17,0.0,2.2364
1985-03-18,4.83,1.6699
1985-03-19,0.0,2.1753
1985-03-20,0.0,2.6362
1985-03-21,0.0,2.7341
1985-03-22,0.0,2.6887
1985-03-23,0.0,2.7953
1985-03-24,0.0,2.6232
1985-03-25,0.0,2.4428
1985-03-26,15.22,1.8636
1985-03-27,16.08,1.725
1985-03-28,6.31,1.849
1985-03-29,0.0,2.8095
1985-03-30,0.0,3.1707
1985-03-31,0.0,3.5115
1985-04-01,0.0,3.8061
1985-04-02,0.0,4.0496
1985-04-03,0.0,3.9778
1985-04-04,0.0,3.9666
1985-04-05,0.0,3.9981
1985-04-06,0.0,2.9587
1985-04-07,0.0,3.2544
1985-04-08,0.0,3.7309
1985-04-09,0.0,3.6579
1985-04-10,0.0,3.3032
1985-04-11,0.0,3.3677
1985-04-12,0.0,3.8894
1985-04-13,0.0,4.3385
1985-04-14,0.0,4.5853
1985-04-15,0.0,4.0599
1985-04-16,0.0,2.5351
1985-04-17,2.99,2.3
1985-04-18,0.0,2.6085
1985-04-19,0.0,3.1401
1985-04-20,0.0,2.7923
1985-04-21,1.0,2.1967
1985-04-22,0.0,3.062
1985-04-23,0.0,3.9344
1985-04-24,0.0,4.0999
1985-04-25,0.0,3.8056
1985-04-26,0.0,4.032
1985-04-27,0.0,4.4432
1985-04-28,0.0,4.2687
1985-04-29,0.0,3.9493
1985-04-30,0.0,4.456
1985-05-01,0.0,4.6195
1985-05-02,0.0,4.0735
1985-05-03,0.0,3.7693
1985-05-04,0.0,4.527
1985-05-05,0.0,4.6354
1985-05-06,0.0,4.1335
1985-05-07,0.0,3.6715
1985-05-08,0.0,3.9553
1985-05-09,0.0,3.9565
1985-05-10,2.0,3.0277
1985-05-11,0.0,3.2969
1985-05-12,0.0,4.4553
1985-05-13,0.0,4.8936
1985-05-14,0.0,5.0807
1985-05-15,0.0,5.1148
1985-05-16,0.0,4.5524
1985-05-17,0.0,4.1908
1985-05-18,0.0,4.1357
1985-05-19,0.0,4.2389
1985-05-20,0.0,4.6709
1985-05-21,0.0,4.9103
1985-05-22,0.0,5.0711
1985-05-23,0.0,4.5831
1985-05-24,0.0,4.3771
1985-05-25,0.0,3.9925
1985-05-26,0.0,3.1978
1985-05-27,0.0,2.9951
1985-05-28,0.0,3.2229
1985-05-29,0.0,4.2708
1985-05-30,0.0,4.5661
1985-05-31,0.0,4.0068
1985-06-01,0.0,4.2279
1985-06-02,5.22,3.0366
1985-06-03,0.0,4.5811
1985-06-04,0.0,4.5687
1985-06-05,0.0,5.1422
1985-06-06,0.0,5.2644
1985-06-07,0.0,5.2311
1985-06-08,0.0,5.336
1985-06-09,0.0,5.5019
1985-06-10,0.0,5.7748
1985-06-11,0.0,5.9734
1985-06-12,0.0,5.5822
1985-06-13,0.0,5.3456
1985-06-14,0.0,5.5269
1985-06-15,0.0,5.6003
1985-06-16,0.0,5.5464
1985-06-17,0.0,5.2977
1985-06-18,0.0,4.9936
1985-06-19,0.0,4.1307
1985-06-20,0.0,4.5969
1985-06-21,0.0,4.7146
1985-06-22,0.0,4.4955
1985-06-23,0.0,4.6223
1985-06-24,0.0,4.6766
1985-06-25,0.0,5.3104
1985-06-26,0.0,5.5082
1985-06-27,0.0,5.6362
1985-06-28,0.0,5.5338
1985-06-29,0.0,5.0129
1985-06-30,0.0,5.0559
1985-07-01,0.0,5.6123
1985-07-02,0.0,5.736
1985-07-03,0.0,5.5051
1985-07-04,0.0,5.2895
1985-07-05,0.0,5.2346
1985-07-06,0.0,4.9917
1985-07-07,0.0,5.0485
1985-07-08,0.0,5.3676
1985-07-09,0.0,5.5662
1985-07-10,0.0,5.0144
1985-07-11,0.0,4.1934
1985-07-12,0.0,4.462
1985-07-13,0.0,4.9592
1985-07-14,0.0,4.876
1985-07-15,0.0,4.8476
1985-07-16,0.0,4.7989
1985-07-17,0.0,4.7142
1985-07-18,0.0,4.4734
1985-07-19,0.0,4.3668
1985-07-20,1.91,3.9425
1985-07-21,0.0,4.1812
1985-07-22,0.0,4.3008
1985-07-23,0.0,4.641
1985-07-24,0.0,4.9108
1985-07-25,0.0,4.6848
1985-07-26,0.0,4.3283
1985-07-27,0.0,4.3787
1985-07-28,0.0,4.1344
1985-07-29,0.0,3.6427
1985-07-30,0.0,3.387
1985-07-31,0.51,3.6262
1985-08-01,0.0,3.7143
1985-08-02,0.0,4.6919
1985-08-03,0.0,4.9978
1985-08-04,0.0,4.7806
1985-08-05,0.0,4.4105
1985-08-06,0.0,4.4504
1985-08-07,0.0,4.3573
1985-08-08,0.0,4.4696
1985-08-09,0.0,4.7244
1985-08-10,0.0,4.5837
1985-08-11,0.0,4.2598
1985-08-12,0.0,3.9586
1985-08-13,0.0,3.7264
1985-08-14,0.0,3.7816
1985-08-15,0.0,3.5084
1985-08-16,0.0,3.4312
1985-08-17,0.0,3.3473
1985-08-18,0.0,3.5525
1985-08-19,0.0,3.6874
1985-08-20,0.0,3.8055
1985-08-21,0.0,3.7789
1985-08-22,0.0,3.8961
1985-08-23,0.0,4.088
1985-08-24,0.0,4.1323
1985-08-25,0.0,3.8352
1985-08-26,0.0,3.779
1985-08-27,0.0,3.6444
1985-08-28,0.0,3.7435
1985-08-29,0.0,3.5752
1985-08-30,0.0,3.6877
1985-08-31,0.0,3.9211
1985-09-01,0.0,3.5703
1985-09-02,0.0,2.8794
1985-09-03,0.0,3.16
1985-09-04,0.0,3.2394
1985-09-05,0.0,2.9344
1985-09-06,0.0,2.9325
1985-09-07,0.0,2.5938
1985-09-08,3.75,1.8409
1985-09-09,4.76,2.1444
1985-09-10,0.0,2.7112
1985-09-11,0.0,2.7512
1985-09-12,0.0,2.9287
1985-09-13,0.0,3.0947
1985-09-14,0.0,2.8882
1985-09-15,0.0,2.9289
1985-09-16,0.0,2.9103
1985-09-17,0.0,2.7085
1985-09-18,0.0,2.6283
1985-09-19,0.0,2.8061
1985-09-20,0.0,2.8004
1985-09-21,0.0,2.8654
1985-09-22,0.0,2.9167
1985-09-23,0.0,2.8499
1985-09-24,0.0,2.7891
1985-09-25,0.0,2.7847
1985-09-26,0.0,2.5671
1985-09-27,0.0,2.0558
1985-09-28,0.0,1.8514
1985-09-29,0.0,1.8966
1985-09-30,0.0,2.0011
1985-10-01,0.0,2.2132
1985-10-02,0.0,2.3758
1985-10-03,0.0,2.4756
1985-10-04,0.0,2.5212
1985-10-05,0.0,2.3619
1985-10-06,1.0,2.1214
1985-10-07,0.0,1.7823
1985-10-08,0.0,1.7004
1985-10-09,0.0,1.7215
1985-10-10,0.0,1.7606
1985-10-11,0.0,1.7638
1985-10-12,0.0,1.7117
1985-10-13,0.0,1.6768
1985-10-14,0.0,1.6981
1985-10-15,0.0,1.6849
1985-10-16,0.0,1.6058
1985-10-17,0.0,1.5222
1985-10-18,0.0,1.4424
1985-10-19,0.0,1.3272
1985-10-20,0.0,1.2736
1985-10-21,18.57,1.1776
1985-10-22,0.0,1.2911
1985-10-23,3.01,1.1961
1985-10-24,0.0,1.3983
1985-10-25,0.0,1.3452
1985-10-26,0.0,1.3144
1985-10-27,0.0,1.2493
1985-10-28,0.0,1.2536
1985-10-29,0.0,1.1795
1985-10-30,0.0,1.1599
1985-10-31,0.0,1.1226
1985-11-01,0.0,1.0907
1985-11-02,0.0,1.1887
1985-11-03,0.0,1.0704
1985-11-04,0.0,1.1621
1985-11-05,0.0,1.0428
1985-11-06,0.0,1.0064
1985-11-07,0.0,0.9943
1985-11-08,0.0,0.9344
1985-11-09,0.0,0.9051
1985-11-10,10.59,0.8128
1985-11-11,5.09,0.7564
1985-11-12,0.0,0.7962
1985-11-13,0.0,0.7863
1985-11-14,0.0,0.7853
1985-11-15,0.0,0.8108
1985-11-16,0.0,0.8345
1985-11-17,0.0,0.8481
1985-11-18,0.0,0.761
1985-11-19,0.0,0.7164
1985-11-20,0.0,0.7484
1985-11-21,0.0,0.7407
1985-11-22,0.0,0.7006
1985-11-23,0.0,0.7182
1985-11-24,22.05,0.7168
1985-11-25,13.3,0.7105
1985-11-26,0.0,0.7464
1985-11-27,0.0,0.7525
1985-11-28,11.73,0.7046
1985-11-29,15.18,0.7035
1985-11-30,0.0,0.6877
1985-12-01,5.38,0.6679
1985-12-02,20.46,0.7373
1985-12-03,8.99,0.7496
1985-12-04,2.02,0.7399
1985-12-05,3.1,0.7459
1985-12-06,0.0,0.7219
1985-12-07,5.23,0.7405
1985-12-08,0.0,0.6326
1985-12-09,0.0,0.6153
1985-12-10,0.0,0.5684
1985-12-11,0.0,0.5641
1985-12-12,0.0,0.4952
1985-12-13,0.0,0.4909
1985-12-14,0.0,0.5388
1985-12-15,0.0,0.5817
1985-12-16,0.0,0.5517
1985-12-17,0.0,0.5495
1985-12-18,0.0,0.5341
1985-12-19,0.0,0.5588
1985-12-20,0.0,0.5258
1985-12-21,0.0,0.5152
1985-12-22,0.0,0.5311
1985-12-23,0.0,0.5484
1985-12-24,0.0,0.5278
1985-12-25,0.0,0.5394
1985-12-26,0.0,0.5048
1985-12-27,0.0,0.5292
1985-12-28,0.0,0.5216
1985-12-29,9.88,0.5622
1985-12-30,13.54,0.6496
1985-12-31,0.0,0.709
1986-01-01,0.0,0.7166
1986-01-02,0.0,0.7076
1986-01-03,0.0,0.7302
1986-01-04,14.61,0.7352
1986-01-05,6.1,0.7542
1986-01-06,1.83,0.7968
1986-01-07,0.0,0.7233
1986-01-08,0.0,0.7288
1986-01-09,0.0,0.7246
1986-01-10,0.0,0.6599
1986-01-11,0.0,0.6982
1986-01-12,0.0,0.7262
1986-01-13,0.0,0.7616
1986-01-14,0.0,0.7695
1986-01-15,6.15,0.7476
1986-01-16,9.01,0.7765
1986-01-17,11.6,0.8236
1986-01-18,3.69,0.8912
1986-01-19,0.0,0.9693
1986-01-20,0.0,0.9042
1986-01-21,0.0,0.8965
1986-01-22,0.0,0.9151
1986-01-23,3.07,0.8797
1986-01-24,0.0,0.9529
1986-01-25,0.0,0.9828
1986-01-26,0.0,1.0671
1986-01-27,0.0,1.1156
1986-01-28,0.0,1.1054
1986-01-29,7.24,0.9654
1986-01-30,10.37,0.9623
1986-01-31,12.65,0.8836
1986-02-01,11.45,0.9911
1986-02-02,7.92,0.9208
1986-02-03,7.48,0.9083
1986-02-04,7.93,1.0272
1986-02-05,0.0,1.1933
1986-02-06,1.0,1.1646
1986-02-07,0.0,1.1787
1986-02-08,0.0,1.1832
1986-02-09,0.0,1.2417
1986-02-10,0.0,1.2954
1986-02-11,0.0,1.2892
1986-02-12,6.33,0.965
1986-02-13,15.06,1.1475
1986-02-14,23.32,1.2339
1986-02-15,30.86,1.0644
1986-02-16,13.51,1.064
1986-02-17,34.9,0.9244
1986-02-18,29.16,0.9974
1986-02-19,34.92,1.3034
1986-02-20,6.49,1.3425
1986-02-21,0.0,1.7675
1986-02-22,0.0,1.8967
1986-02-23,0.0,2.0506
1986-02-24,0.0,2.1701
1986-02-25,0.0,2.2262
1986-02-26,0.0,2.3989
1986-02-27,0.0,2.4425
1986-02-28,0.0,2.408
1986-03-01,0.0,2.4108
1986-03-02,0.0,2.3108
1986-03-03,0.0,2.3362
1986-03-04,0.0,2.4739
1986-03-05,0.0,2.5335
1986-03-06,0.0,2.4848
1986-03-07,7.69,1.701
1986-03-08,34.54,1.4498
1986-03-09,8.08,1.6414
1986-03-10,22.64,1.4002
1986-03-11,9.03,1.557
1986-03-12,11.73,1.7771
1986-03-13,11.01,1.6615
1986-03-14,0.9,2.1961
1986-03-15,14.36,1.5938
1986-03-16,12.96,1.4523
1986-03-17,0.0,2.5912
1986-03-18,0.0,2.7813
1986-03-19,0.0,2.999
1986-03-20,0.0,3.0833
1986-03-21,0.0,3.0432
1986-03-22,0.0,3.0317
1986-03-23,0.0,3.0743
1986-03-24,0.0,2.7892
1986-03-25,0.0,3.0879
1986-03-26,0.0,3.388
1986-03-27,0.0,3.5631
1986-03-28,0.0,3.6316
1986-03-29,0.0,3.3388
1986-03-30,0.0,2.6791
1986-03-31,0.0,3.2511
1986-04-01,0.0,2.8982
1986-04-02,0.0,3.1215
1986-04-03,0.0,3.391
1986-04-04,0.0,3.2376
1986-04-05,2.0,2.2889
1986-04-06,4.2,2.113
1986-04-07,1.09,2.4182
1986-04-08,0.0,3.2334
1986-04-09,0.0,3.6305
1986-04-10,0.0,3.7818
1986-04-11,0.0,3.8179
1986-04-12,0.0,3.0311
1986-04-13,0.0,3.4562
1986-04-14,0.0,3.6151
1986-04-15,0.0,2.9816
1986-04-16,3.15,1.7195
1986-04-17,4.55,2.4239
1986-04-18,0.0,3.8884
1986-04-19,0.0,4.292
1986-04-20,0.0,4.6244
1986-04-21,0.0,4.7377
1986-04-22,0.0,4.3859
1986-04-23,0.0,3.4337
1986-04-24,0.0,3.4595
1986-04-25,0.0,3.4881
1986-04-26,0.0,4.0465
1986-04-27,0.0,4.3662
1986-04-28,0.0,4.2884
1986-04-29,0.0,4.2406
1986-04-30,0.0,4.2682
1986-05-01,0.0,4.0521
1986-05-02,0.0,4.0252
1986-05-03,3.39,2.5238
1986-05-04,3.91,2.7674
1986-05-05,0.0,3.4956
1986-05-06,1.11,3.1952
1986-05-07,0.69,3.8737
1986-05-08,0.0,4.5797
1986-05-09,0.0,4.9957
1986-05-10,0.0,4.7092
1986-05-11,0.0,4.5221
1986-05-12,0.0,4.756
1986-05-13,0.0,4.9739
1986-05-14,0.0,4.9347
1986-05-15,0.0,4.5739
1986-05-16,0.0,5.0571
1986-05-17,0.0,5.4402
1986-05-18,0.0,5.172
1986-05-19,0.0,4.6233
1986-05-20,0.0,3.8106
1986-05-21,0.0,4.1362
1986-05-22,0.0,4.6373
1986-05-23,0.0,4.4758
1986-05-24,0.0,4.6251
1986-05-25,0.0,4.9778
1986-05-26,0.0,5.0024
1986-05-27,0.0,4.4732
1986-05-28,0.0,4.577
1986-05-29,0.0,4.8468
1986-05-30,0.0,5.0311
1986-05-31,0.0,4.1787
1986-06-01,0.0,4.1397
1986-06-02,0.0,3.8431
1986-06-03,0.0,3.7608
1986-06-04,0.0,4.3418
1986-06-05,0.0,3.8166
1986-06-06,0.0,3.4483
1986-06-07,0.0,3.9066
1986-06-08,0.0,5.1949
1986-06-09,0.0,5.679
1986-06-10,0.0,5.6701
1986-06-11,0.0,5.0173
1986-06-12,0.0,4.589
1986-06-13,0.0,4.5618
1986-06-14,0.0,4.0902
1986-06-15,0.0,3.702
1986-06-16,0.0,4.5299
1986-06-17,0.0,4.5201
1986-06-18,0.0,4.7787
1986-06-19,0.0,5.0924
1986-06-20,0.0,5.0753
1986-06-21,0.0,5.3917
1986-06-22,0.0,5.6663
1986-06-23,0.0,5.5395
1986-06-24,0.0,5.2435
1986-06-25,0.0,5.0712
1986-06-26,0.0,4.8884
1986-06-27,0.0,4.4798
1986-06-28,0.0,4.389
1986-06-29,0.0,4.7847
1986-06-30,0.0,5.2216
1986-07-01,0.0,5.4985
1986-07-02,0.0,5.4239
1986-07-03,0.0,5.1536
1986-07-04,0.0,4.8512
1986-07-05,0.0,4.8288
1986-07-06,0.0,4.4979
1986-07-07,0.0,4.5646
1986-07-08,0.0,4.8311
1986-07-09,0.0,4.7663
1986-07-10,0.0,5.0808
1986-07-11,0.0,5.2336
1986-07-12,0.0,5.0698
1986-07-13,0.0,4.8827
1986-07-14,0.0,4.7369
1986-07-15,0.0,4.5664
1986-07-16,0.0,4.2993
1986-07-17,0.0,4.0487
1986-07-18,0.0,4.0144
1986-07-19,0.0,4.5546
1986-07-20,0.0,5.0395
1986-07-21,0.0,5.0226
1986-07-22,0.0,4.6221
1986-07-23,0.97,4.28
1986-07-24,0.0,4.1187
1986-07-25,0.0,4.1441
1986-07-26,0.0,4.0414
1986-07-27,0.0,3.9694
1986-07-28,0.0,4.1087
1986-07-29,0.0,4.5279
1986-07-30,0.0,5.0302
1986-07-31,0.0,4.9289
1986-08-01,0.0,4.736
1986-08-02,0.0,4.6613
1986-08-03,0.0,4.74
1986-08-04,0.0,4.6487
1986-08-05,0.0,4.4429
1986-08-06,0.0,4.2581
1986-08-07,0.0,4.1965
1986-08-08,0.0,4.119
1986-08-09,0.0,4.0174
1986-08-10,0.0,3.9528
1986-08-11,0.0,4.0959
1986-08-12,0.0,4.2853
1986-08-13,0.0,4.2209
1986-08-14,0.0,4.0906
1986-08-15,0.0,3.8488
1986-08-16,0.0,3.7397
1986-08-17,0.0,3.5092
1986-08-18,0.0,4.1789
1986-08-19,0.0,4.3255
1986-08-20,0.0,4.1285
1986-08-21,0.0,3.7579
1986-08-22,0.0,3.4796
1986-08-23,0.0,3.44
1986-08-24,0.0,3.7921
1986-08-25,0.0,3.8031
1986-08-26,0.0,3.7645
1986-08-27,0.0,3.6335
1986-08-28,0.0,3.2851
1986-08-29,0.0,3.4049
1986-08-30,0.0,3.4708
1986-08-31,0.0,3.6631
1986-09-01,0.0,3.7016
1986-09-02,0.0,3.5818
1986-09-03,0.0,3.398
1986-09-04,0.0,3.3723
1986-09-05,0.0,3.4432
1986-09-06,0.0,3.2793
1986-09-07,0.0,2.9639
1986-09-08,0.0,2.8377
1986-09-09,0.0,2.9432
1986-09-10,0.0,3.2656
1986-09-11,0.0,3.2498
1986-09-12,0.0,2.7929
1986-09-13,0.0,2.563
1986-09-14,0.0,2.6334
1986-09-15,0.0,2.6718
1986-09-16,2.33,2.3394
1986-09-17,3.04,1.9878
1986-09-18,3.79,1.9954
1986-09-19,0.0,2.2804
1986-09-20,0.0,2.4686
1986-09-21,0.0,2.5357
1986-09-22,0.0,2.563
1986-09-23,0.0,2.2471
1986-09-24,8.52,1.6857
1986-09-25,3.07,1.7781
1986-09-26,0.0,2.0716
1986-09-27,6.72,1.6994
1986-09-28,0.0,2.2726
1986-09-29,0.0,2.3677
1986-09-30,0.0,2.3587
1986-10-01,0.0,2.282
1986-10-02,0.0,2.2427
1986-10-03,0.0,2.2691
1986-10-04,0.0,2.2298
1986-10-05,0.0,2.2447
1986-10-06,0.0,2.1834
1986-10-07,0.0,2.1473
1986-10-08,0.0,2.0606
1986-10-09,0.0,1.9379
1986-10-10,0.0,1.7985
1986-10-11,0.0,1.6966
1986-10-12,0.0,1.6665
1986-10-13,0.0,1.7097
1986-10-14,0.0,1.7564
1986-10-15,0.0,1.7143
1986-10-16,0.0,1.5883
1986-10-17,0.0,1.5126
1986-10-18,0.0,1.4753
1986-10-19,0.0,1.4456
1986-10-20,0.0,1.4184
1986-10-21,0.0,1.4289
1986-10-22,0.0,1.3877
1986-10-23,0.0,1.356
1986-10-24,0.0,1.3858
1986-10-25,0.0,1.339
1986-10-26,0.0,1.3133
1986-10-27,0.0,1.3335
1986-10-28,0.0,1.2265
1986-10-29,0.0,1.2026
1986-10-30,2.1,1.1962
1986-10-31,0.0,1.1323
1986-11-01,0.0,1.0899
1986-11-02,0.0,1.191
1986-11-03,0.0,0.9767
1986-11-04,0.0,0.9127
1986-11-05,0.0,0.9335
1986-11-06,0.0,0.9986
1986-11-07,0.0,1.0069
1986-11-08,0.0,0.912
1986-11-09,0.0,0.8673
1986-11-10,0.0,0.8591
1986-11-11,0.0,0.8194
1986-11-12,0.0,0.7954
1986-11-13,0.0,0.7446
1986-11-14,0.0,0.9126
1986-11-15,0.0,0.8619
1986-11-16,0.0,0.7661
1986-11-17,0.0,0.8247
1986-11-18,0.0,0.8727
1986-11-19,0.2,0.8799
1986-11-20,0.0,0.7254
1986-11-21,3.81,0.8217
1986-11-22,0.0,0.7462
1986-11-23,0.0,0.717
1986-11-24,0.0,0.651
1986-11-25,0.0,0.676
1986-11-26,0.0,0.578
1986-11-27,0.0,0.5397
1986-11-28,0.0,0.6277
1986-11-29,2.38,0.6746
1986-11-30,0.0,0.6257
1986-12-01,0.0,0.5959
1986-12-02,0.0,0.5733
1986-12-03,0.0,0.5388
1986-12-04,0.0,0.6824
1986-12-05,9.26,0.6979
1986-12-06,0.0,0.6572
1986-12-07,0.0,0.6613
1986-12-08,0.0,0.5556
1986-12-09,0.0,0.5502
1986-12-10,0.0,0.524
1986-12-11,0.0,0.5511
1986-12-12,0.0,0.5776
1986-12-13,0.0,0.604
1986-12-14,0.0,0.6083
1986-12-15,4.35,0.5981
1986-12-16,4.97,0.6266
1986-12-17,0.0,0.6001
1986-12-18,3.16,0.6685
1986-12-19,5.38,0.6425
1986-12-20,3.0,0.6075
1986-12-21,0.0,0.5584
1986-12-22,3.39,0.6044
1986-12-23,0.0,0.6088
1986-12-24,0.0,0.5654
1986-12-25,0.0,0.564
1986-12-26,0.0,0.5779
1986-12-27,0.0,0.5655
1986-12-28,0.0,0.5616
1986-12-29,0.0,0.5655
1986-12-30,0.0,0.626
1986-12-31,1.0,0.6373
1987-01-01,3.15,0.6635
1987-01-02,5.03,0.6694
1987-01-03,16.18,0.6816
1987-01-04,8.85,0.6299
1987-01-05,0.0,0.6632
1987-01-06,5.71,0.6328
1987-01-07,1.71,0.628
1987-01-08,0.0,0.6114
1987-01-09,0.0,0.6766
1987-01-10,0.0,0.6387
1987-01-11,0.0,0.6235
1987-01-12,0.0,0.6236
1987-01-13,0.0,0.6564
1987-01-14,0.0,0.7377
1987-01-15,0.0,0.7078
1987-01-16,0.0,0.6911
1987-01-17,0.0,0.7349
1987-01-18,0.0,0.759
1987-01-19,0.0,0.7949
1987-01-20,0.0,0.8609
1987-01-21,0.0,0.8047
1987-01-22,0.0,0.8371
1987-01-23,8.57,0.8034
1987-01-24,3.94,0.818
1987-01-25,4.02,0.9364
1987-01-26,0.0,1.037
1987-01-27,8.09,0.8944
1987-01-28,13.17,0.8759
1987-01-29,0.0,0.9931
1987-01-30,9.19,0.8146
1987-01-31,0.0,1.0444
1987-02-01,0.0,1.0589
1987-02-02,12.91,0.9421
1987-02-03,10.41,0.8986
1987-02-04,0.0,1.2235
1987-02-05,0.0,1.2303
1987-02-06,0.0,1.2973
1987-02-07,0.0,1.4052
1987-02-08,0.0,1.4692
1987-02-09,2.51,1.2529
1987-02-10,2.48,1.2415
1987-02-11,4.33,1.2318
1987-02-12,22.57,1.0246
1987-02-13,53.77,0.9439
1987-02-14,5.03,1.2142
1987-02-15,6.87,1.0829
1987-02-16,0.0,1.4533
1987-02-17,0.0,1.5911
1987-02-18,0.0,1.5814
1987-02-19,0.0,1.6901
1987-02-20,0.0,1.7313
1987-02-21,1.75,1.5632
1987-02-22,0.0,1.6565
1987-02-23,0.0,1.567
1987-02-24,1.0,1.6506
1987-02-25,0.0,1.5857
1987-02-26,0.0,1.75
1987-02-27,0.0,1.823
1987-02-28,0.0,1.8939
1987-03-01,0.0,1.8423
1987-03-02,0.0,1.8753
1987-03-03,0.0,1.6347
1987-03-04,0.0,1.749
1987-03-05,14.25,1.2211
1987-03-06,4.95,1.6253
1987-03-07,0.0,2.0574
1987-03-08,2.17,1.9187
1987-03-09,0.0,2.2467
1987-03-10,0.0,2.2388
1987-03-11,0.83,1.8946
1987-03-12,6.37,1.7332
1987-03-13,9.79,1.6716
1987-03-14,7.98,1.4567
1987-03-15,0.0,2.0969
1987-03-16,0.0,2.4975
1987-03-17,0.0,2.6593
1987-03-18,2.67,1.9943
1987-03-19,2.1,2.114
1987-03-20,0.0,2.4365
1987-03-21,12.05,1.6695
1987-03-22,5.76,1.9904
1987-03-23,5.77,1.8802
1987-03-24,0.0,2.8451
1987-03-25,0.0,3.0253
1987-03-26,0.0,3.2711
1987-03-27,0.0,3.3449
1987-03-28,0.0,3.4059
1987-03-29,0.0,3.5384
1987-03-30,0.0,3.6419
1987-03-31,0.0,3.7493
1987-04-01,0.0,3.6867
1987-04-02,0.0,3.2033
1987-04-03,0.0,2.7556
1987-04-04,0.0,3.1835
1987-04-05,0.0,3.3818
1987-04-06,0.0,3.4731
1987-04-07,0.0,3.6286
1987-04-08,0.0,4.0038
1987-04-09,0.0,4.2011
1987-04-10,0.0,4.0215
1987-04-11,0.0,3.4461
1987-04-12,0.0,3.6952
1987-04-13,0.0,4.0263
1987-04-14,0.0,4.113
1987-04-15,0.0,4.3093
1987-04-16,0.0,4.5241
1987-04-17,0.0,4.0099
1987-04-18,0.0,2.6383
1987-04-19,0.0,3.7237
1987-04-20,0.0,4.1781
1987-04-21,0.0,4.6552
1987-04-22,0.0,4.5359
1987-04-23,0.0,3.8215
1987-04-24,0.0,3.7627
1987-04-25,0.0,4.3773
1987-04-26,0.0,4.271
1987-04-27,0.0,4.4275
1987-04-28,0.0,4.0613
1987-04-29,0.0,3.7292
1987-04-30,6.5,2.2895
1987-05-01,2.74,2.7983
1987-05-02,0.0,3.9563
1987-05-03,0.0,4.3459
1987-05-04,0.0,4.8828
1987-05-05,0.0,5.3004
1987-05-06,0.0,5.586
1987-05-07,0.0,5.6303
1987-05-08,0.0,4.7025
1987-05-09,0.0,3.9991
1987-05-10,0.0,4.6846
1987-05-11,0.0,4.8001
1987-05-12,0.0,4.927
1987-05-13,0.0,5.0029
1987-05-14,0.0,5.3328
1987-05-15,0.0,4.5677
1987-05-16,0.0,3.5876
1987-05-17,0.0,3.4131
1987-05-18,0.0,3.1374
1987-05-19,0.0,3.2662
1987-05-20,0.0,3.5808
1987-05-21,0.0,3.2834
1987-05-22,0.0,3.9816
1987-05-23,0.0,3.8939
1987-05-24,0.0,2.9911
1987-05-25,0.0,2.8928
1987-05-26,0.0,3.0679
1987-05-27,0.0,3.74
1987-05-28,0.0,4.4646
1987-05-29,0.0,3.8561
1987-05-30,0.0,4.2084
1987-05-31,0.0,4.2742
1987-06-01,0.0,5.1672
1987-06-02,0.0,5.7359
1987-06-03,0.0,5.4961
1987-06-04,0.0,4.8528
1987-06-05,0.0,4.472
1987-06-06,0.0,4.8491
1987-06-07,0.0,4.723
1987-06-08,0.0,4.7527
1987-06-09,0.0,4.8416
1987-06-10,0.0,5.1011
1987-06-11,0.0,5.0659
1987-06-12,0.0,5.4415
1987-06-13,0.0,5.3681
1987-06-14,0.0,4.6626
1987-06-15,0.0,4.289
1987-06-16,0.0,4.7004
1987-06-17,0.0,4.6343
1987-06-18,0.0,4.5935
1987-06-19,0.0,4.3252
1987-06-20,0.0,4.3722
1987-06-21,0.0,3.8946
1987-06-22,0.0,5.4389
1987-06-23,0.0,5.2831
1987-06-24,0.0,5.4394
1987-06-25,0.0,5.4882
1987-06-26,0.0,5.1458
1987-06-27,0.0,4.8855
1987-06-28,0.0,4.3544
1987-06-29,0.0,4.3649
1987-06-30,0.0,4.0107
1987-07-01,0.0,3.7565
1987-07-02,0.0,4.2761
1987-07-03,0.0,4.2047
1987-07-04,0.0,4.2497
1987-07-05,0.0,4.2542
1987-07-06,0.0,5.0282
1987-07-07,0.0,5.2927
1987-07-08,0.0,4.9684
1987-07-09,0.0,4.9343
1987-07-10,0.0,4.5828
1987-07-11,0.0,4.5262
1987-07-12,0.0,4.6072
1987-07-13,0.0,4.8068
1987-07-14,0.0,4.9483
1987-07-15,0.0,4.942
1987-07-16,0.0,4.4799
1987-07-17,0.0,3.9314
1987-07-18,0.0,3.8302
1987-07-19,0.0,4.4325
1987-07-20,0.0,4.4358
1987-07-21,0.0,3.8698
1987-07-22,0.0,4.3378
1987-07-23,0.0,4.2875
1987-07-24,0.0,4.2119
1987-07-25,0.0,4.3344
1987-07-26,0.0,4.5131
1987-07-27,0.0,4.5426
1987-07-28,0.0,4.5642
1987-07-29,0.0,4.245
1987-07-30,0.0,4.535
1987-07-31,0.0,4.985
1987-08-01,0.0,5.2263
1987-08-02,0.0,5.1941
1987-08-03,0.0,4.9203
1987-08-04,0.0,4.7654
1987-08-05,0.0,4.7624
1987-08-06,0.0,4.5326
1987-08-07,0.0,4.2443
1987-08-08,0.0,4.3557
1987-08-09,0.0,4.0877
1987-08-10,0.0,3.8072
1987-08-11,0.0,3.9583
1987-08-12,0.0,3.8494
1987-08-13,0.0,3.6053
1987-08-14,0.0,3.1377
1987-08-15,0.0,3.6518
1987-08-16,0.0,4.1452
1987-08-17,0.0,4.1784
1987-08-18,0.0,3.8289
1987-08-19,0.0,3.586
1987-08-20,0.0,3.5173
1987-08-21,0.0,3.601
1987-08-22,0.0,3.5207
1987-08-23,0.0,3.6104
1987-08-24,0.0,3.7928
1987-08-25,0.0,3.8078
1987-08-26,0.0,3.6554
1987-08-27,0.0,3.5926
1987-08-28,0.0,3.8373
1987-08-29,0.0,3.9893
1987-08-30,0.0,3.8533
1987-08-31,0.0,3.604
1987-09-01,0.0,3.6457
1987-09-02,0.0,3.7876
1987-09-03,0.0,3.5685
1987-09-04,0.0,3.2801
1987-09-05,0.0,2.9323
1987-09-06,0.0,2.8677
1987-09-07,0.0,3.1191
1987-09-08,0.0,3.4896
1987-09-09,0.0,3.3196
1987-09-10,0.0,2.7501
1987-09-11,0.0,2.973
1987-09-12,0.0,2.5906
1987-09-13,0.0,2.1541
1987-09-14,0.0,2.4688
1987-09-15,0.0,2.9325
1987-09-16,0.0,3.1888
1987-09-17,0.0,3.1318
1987-09-18,0.0,2.9037
1987-09-19,0.0,2.9225
1987-09-20,0.0,2.9495
1987-09-21,0.0,2.9402
1987-09-22,0.0,2.7441
1987-09-23,0.0,2.3254
1987-09-24,0.0,2.3751
1987-09-25,0.0,2.279
1987-09-26,0.0,2.5032
1987-09-27,0.0,2.5639
1987-09-28,0.0,2.5497
1987-09-29,0.0,2.5225
1987-09-30,0.0,2.4778
1987-10-01,0.0,2.2531
1987-10-02,0.0,2.2786
1987-10-03,0.0,2.3766
1987-10-04,0.0,2.4159
1987-10-05,0.0,2.417
1987-10-06,0.0,2.3721
1987-10-07,0.0,2.0345
1987-10-08,0.0,1.7355
1987-10-09,0.0,1.6495
1987-10-10,0.0,1.6879
1987-10-11,0.0,1.7652
1987-10-12,0.0,1.5748
1987-10-13,0.0,1.4744
1987-10-14,0.0,1.5451
1987-10-15,0.0,1.6082
1987-10-16,0.0,1.5645
1987-10-17,0.0,1.5837
1987-10-18,0.0,1.5692
1987-10-19,0.0,1.4877
1987-10-20,0.0,1.3714
1987-10-21,0.0,1.3842
1987-10-22,0.0,1.3148
1987-10-23,3.01,1.2317
1987-10-24,0.36,1.304
1987-10-25,0.0,1.3374
1987-10-26,0.0,1.3188
1987-10-27,7.5,1.2676
1987-10-28,18.36,1.1317
1987-10-29,0.0,1.1667
1987-10-30,0.0,1.1964
1987-10-31,0.0,1.2116
1987-11-01,0.0,1.1556
1987-11-02,0.0,1.0722
1987-11-03,0.0,1.0354
1987-11-04,0.0,1.0435
1987-11-05,0.0,1.0548
1987-11-06,0.88,1.0579
1987-11-07,0.0,1.0341
1987-11-08,0.0,0.9405
1987-11-09,0.0,1.09
1987-11-10,0.0,0.9247
1987-11-11,0.0,0.847
1987-11-12,0.0,0.8651
1987-11-13,7.62,0.9077
1987-11-14,0.0,0.9078
1987-11-15,0.0,0.7882
1987-11-16,0.0,0.9053
1987-11-17,11.38,0.8496
1987-11-18,5.44,0.8865
1987-11-19,0.0,0.9667
1987-11-20,13.4,0.8298
1987-11-21,13.34,0.7892
1987-11-22,0.0,0.8341
1987-11-23,0.0,0.8303
1987-11-24,0.0,0.7923
1987-11-25,0.0,0.7988
1987-11-26,0.0,0.7788
1987-11-27,0.0,0.6797
1987-11-28,0.0,0.7776
1987-11-29,0.0,0.7595
1987-11-30,6.39,0.7045
1987-12-01,7.68,0.7327
1987-12-02,3.93,0.7654
1987-12-03,0.0,0.8223
1987-12-04,0.0,0.7676
1987-12-05,8.78,0.7129
1987-12-06,11.85,0.7024
1987-12-07,11.31,0.6727
1987-12-08,11.84,0.6748
1987-12-09,2.87,0.7274
1987-12-10,0.96,0.7625
1987-12-11,0.0,0.6849
1987-12-12,0.0,0.6431
1987-12-13,0.0,0.6075
1987-12-14,0.0,0.5665
1987-12-15,0.0,0.5664
1987-12-16,4.93,0.6215
1987-12-17,4.35,0.621
1987-12-18,0.0,0.574
1987-12-19,0.0,0.6059
1987-12-20,0.0,0.552
1987-12-21,0.0,0.6085
1987-12-22,2.67,0.6452
1987-12-23,0.0,0.5608
1987-12-24,0.0,0.5473
1987-12-25,0.0,0.5564
1987-12-26,0.0,0.5212
1987-12-27,4.46,0.5846
1987-12-28,16.29,0.603
1987-12-29,8.52,0.5874
1987-12-30,4.11,0.5641
1987-12-31,0.0,0.5667
1988-01-01,0.0,0.5469
1988-01-02,2.29,0.5812
1988-01-03,7.36,0.626
1988-01-04,6.75,0.6556
1988-01-05,3.35,0.6894
1988-01-06,0.0,0.686
1988-01-07,0.0,0.6835
1988-01-08,1.4,0.7199
1988-01-09,1.37,0.7649
1988-01-10,2.07,0.7782
1988-01-11,3.19,0.7199
1988-01-12,0.0,0.6714
1988-01-13,0.0,0.7535
1988-01-14,0.0,0.8485
1988-01-15,8.0,0.7509
1988-01-16,6.96,0.7261
1988-01-17,22.7,0.6832
1988-01-18,4.35,0.7132
1988-01-19,0.0,0.812
1988-01-20,0.0,0.8395
1988-01-21,0.0,0.8624
1988-01-22,0.0,0.9999
1988-01-23,0.0,0.9818
1988-01-24,0.0,1.1012
1988-01-25,0.0,1.0819
1988-01-26,0.0,1.1389
1988-01-27,0.0,1.1408
1988-01-28,0.0,1.1274
1988-01-29,6.74,0.9385
1988-01-30,5.32,0.8997
1988-01-31,0.0,1.034
1988-02-01,0.0,0.988
1988-02-02,0.0,1.0328
1988-02-03,0.0,1.078
1988-02-04,0.0,1.1275
1988-02-05,0.0,1.1873
1988-02-06,0.0,1.2166
1988-02-07,0.0,1.2754
1988-02-08,0.0,1.37
1988-02-09,0.0,1.4462
1988-02-10,0.0,1.62
1988-02-11,0.0,1.6529
1988-02-12,0.0,1.597
1988-02-13,0.0,1.5373
1988-02-14,0.0,1.6243
1988-02-15,0.0,1.596
1988-02-16,0.0,1.594
1988-02-17,0.0,1.5793
1988-02-18,0.0,1.5762
1988-02-19,0.0,1.6706
1988-02-20,0.0,1.7436
1988-02-21,0.0,1.7429
1988-02-22,0.0,1.724
1988-02-23,0.0,1.654
1988-02-24,0.0,1.7138
1988-02-25,0.0,1.8503
1988-02-26,0.0,1.982
1988-02-27,3.0,1.3424
1988-02-28,5.94,1.501
1988-02-29,3.45,1.3464
1988-03-01,3.18,1.2916
1988-03-02,1.16,1.9465
1988-03-03,0.0,2.054
1988-03-04,0.0,1.8434
1988-03-05,0.0,1.5592
1988-03-06,0.0,1.9931
1988-03-07,0.0,2.3004
1988-03-08,0.0,2.444
1988-03-09,0.0,2.1929
1988-03-10,0.0,2.1017
1988-03-11,0.0,2.0979
1988-03-12,0.0,2.4869
1988-03-13,0.0,2.6329
1988-03-14,0.0,2.6102
1988-03-15,0.0,2.6958
1988-03-16,0.0,2.6266
1988-03-17,0.0,2.7925
1988-03-18,0.0,2.9536
1988-03-19,0.0,3.0798
1988-03-20,0.0,3.0711
1988-03-21,0.0,2.7142
1988-03-22,0.0,2.7409
1988-03-23,0.0,2.6696
1988-03-24,0.0,3.0153
1988-03-25,0.0,3.3945
1988-03-26,0.0,3.5556
1988-03-27,0.0,3.1582
1988-03-28,0.0,2.663
1988-03-29,0.0,3.1628
1988-03-30,0.0,3.155
1988-03-31,0.0,3.0496
1988-04-01,0.0,3.4911
1988-04-02,0.0,3.364
1988-04-03,0.0,2.7738
1988-04-04,0.0,2.8429
1988-04-05,0.0,3.419
1988-04-06,0.0,3.5317
1988-04-07,0.0,3.1538
1988-04-08,0.0,3.3537
1988-04-09,0.0,3.7159
1988-04-10,0.0,3.9915
1988-04-11,0.0,3.9837
1988-04-12,0.0,3.5775
1988-04-13,1.03,2.6336
1988-04-14,4.0,1.764
1988-04-15,0.12,2.6922
1988-04-16,0.0,1.9448
1988-04-17,0.0,2.8397
1988-04-18,0.0,2.9938
1988-04-19,12.96,1.7104
1988-04-20,5.31,2.4714
1988-04-21,6.75,2.688
1988-04-22,7.91,1.7965
1988-04-23,8.54,2.6038
1988-04-24,0.0,3.238
1988-04-25,0.0,3.7721
1988-04-26,0.0,4.2601
1988-04-27,0.0,3.9048
1988-04-28,0.0,3.4095
1988-04-29,0.0,3.2122
1988-04-30,0.0,3.0943
1988-05-01,0.0,3.8545
1988-05-02,0.0,4.1112
1988-05-03,0.0,4.0803
1988-05-04,0.0,3.3851
1988-05-05,0.0,3.3085
1988-05-06,3.06,2.5604
1988-05-07,6.7,2.145
1988-05-08,0.0,3.6285
1988-05-09,0.0,4.3504
1988-05-10,0.0,4.923
1988-05-11,0.0,5.2198
1988-05-12,0.0,5.0136
1988-05-13,0.0,4.6668
1988-05-14,0.0,4.815
1988-05-15,0.0,4.7023
1988-05-16,4.0,3.3315
1988-05-17,0.09,3.7694
1988-05-18,0.0,4.6036
1988-05-19,0.0,5.2669
1988-05-20,0.0,5.5844
1988-05-21,0.0,5.4724
1988-05-22,0.0,5.0674
1988-05-23,0.0,4.4735
1988-05-24,0.0,4.3886
1988-05-25,0.0,4.0216
1988-05-26,0.0,4.0455
1988-05-27,0.0,4.2119
1988-05-28,0.0,3.6651
1988-05-29,0.0,3.6062
1988-05-30,0.0,4.1529
1988-05-31,0.0,4.3355
1988-06-01,0.0,4.5138
1988-06-02,0.0,4.8339
1988-06-03,0.0,4.1959
1988-06-04,0.0,3.984
1988-06-05,0.0,3.7521
1988-06-06,0.0,3.6821
1988-06-07,5.03,3.0618
1988-06-08,0.0,4.4659
1988-06-09,0.0,4.3131
1988-06-10,0.0,4.6937
1988-06-11,0.0,4.4053
1988-06-12,0.0,5.049
1988-06-13,0.0,5.5376
1988-06-14,0.0,5.3304
1988-06-15,0.0,4.9165
1988-06-16,0.0,4.6239
1988-06-17,0.0,4.5329
1988-06-18,0.0,5.738
1988-06-19,0.0,5.5291
1988-06-20,0.0,5.0626
1988-06-21,0.0,5.0342
1988-06-22,0.0,5.416
1988-06-23,0.0,5.3788
1988-06-24,0.0,5.2592
1988-06-25,0.0,5.0171
1988-06-26,0.0,5.071
1988-06-27,0.0,5.038
1988-06-28,0.0,5.2609
1988-06-29,0.0,5.3053
1988-06-30,0.0,5.4578
1988-07-01,0.0,5.5337
1988-07-02,0.0,5.477
1988-07-03,0.0,4.9658
1988-07-04,0.0,4.4049
1988-07-05,0.0,4.6649
1988-07-06,0.0,5.209
1988-07-07,0.0,5.2019
1988-07-08,0.0,4.9874
1988-07-09,0.0,5.1662
1988-07-10,0.0,5.0527
1988-07-11,0.0,4.5982
1988-07-12,0.0,4.1601
1988-07-13,0.0,4.0487
1988-07-14,0.0,4.5415
1988-07-15,0.0,4.7418
1988-07-16,0.0,5.4124
1988-07-17,0.0,5.7668
1988-07-18,0.0,5.6047
1988-07-19,0.0,4.9536
1988-07-20,0.0,4.7676
1988-07-21,0.0,4.7024
1988-07-22,0.0,4.7043
1988-07-23,0.0,4.6809
1988-07-24,0.0,4.4308
1988-07-25,0.0,4.6777
1988-07-26,0.0,4.6646
1988-07-27,0.0,4.4585
1988-07-28,0.0,4.667
1988-07-29,0.0,4.7002
1988-07-30,0.0,4.3562
1988-07-31,0.0,4.2439
1988-08-01,0.0,4.1907
1988-08-02,0.0,4.1944
1988-08-03,0.0,4.0524
1988-08-04,0.0,4.1701
1988-08-05,0.0,3.8602
1988-08-06,0.0,3.8216
1988-08-07,0.0,4.0762
1988-08-08,0.0,4.1563
1988-08-09,0.0,4.2886
1988-08-10,0.0,4.1282
1988-08-11,0.0,3.1646
1988-08-12,0.0,3.2837
1988-08-13,0.0,3.3705
1988-08-14,0.0,3.4301
1988-08-15,0.0,3.6738
1988-08-16,0.0,4.2079
1988-08-17,0.0,4.4419
1988-08-18,0.0,4.4845
1988-08-19,0.0,4.3479
1988-08-20,0.0,4.0581
1988-08-21,0.0,3.7065
1988-08-22,0.0,3.8712
1988-08-23,0.0,3.9816
1988-08-24,0.0,4.1873
1988-08-25,0.0,4.4079
1988-08-26,0.0,4.2799
1988-08-27,0.0,3.9627
1988-08-28,0.0,3.6638
1988-08-29,0.0,3.8189
1988-08-30,0.0,3.7645
1988-08-31,0.0,3.6568
1988-09-01,0.0,3.5439
1988-09-02,0.0,3.4226
1988-09-03,0.0,3.6233
1988-09-04,0.0,3.8185
1988-09-05,0.0,3.6977
1988-09-06,0.0,3.4189
1988-09-07,0.0,3.2688
1988-09-08,0.0,3.1402
1988-09-09,0.0,2.7831
1988-09-10,0.0,2.8239
1988-09-11,0.0,3.1956
1988-09-12,0.0,3.096
1988-09-13,0.0,2.8618
1988-09-14,0.0,2.7481
1988-09-15,0.0,2.4531
1988-09-16,0.0,2.687
1988-09-17,0.0,2.8894
1988-09-18,0.0,2.8914
1988-09-19,0.0,2.7544
1988-09-20,0.0,2.5919
1988-09-21,0.0,2.424
1988-09-22,0.0,2.4622
1988-09-23,0.0,2.5055
1988-09-24,0.0,2.3293
1988-09-25,0.0,2.0772
1988-09-26,0.0,2.3463
1988-09-27,0.0,2.3804
1988-09-28,0.0,2.4662
1988-09-29,0.0,2.5023
1988-09-30,0.0,2.4884
1988-10-01,0.0,2.2706
1988-10-02,0.0,1.9735
1988-10-03,0.0,2.0352
1988-10-04,0.0,2.0547
1988-10-05,0.0,1.831
1988-10-06,0.0,1.6493
1988-10-07,0.0,1.6825
1988-10-08,0.0,1.9487
1988-10-09,0.0,1.9781
1988-10-10,0.0,1.8278
1988-10-11,0.0,1.5131
1988-10-12,0.0,1.449
1988-10-13,0.0,1.4659
1988-10-14,4.0,1.3761
1988-10-15,0.0,1.6438
1988-10-16,0.0,1.7387
1988-10-17,0.0,1.7798
1988-10-18,0.0,1.6541
1988-10-19,0.0,1.555
1988-10-20,0.0,1.4826
1988-10-21,0.0,1.4108
1988-10-22,0.0,1.3641
1988-10-23,0.0,1.317
1988-10-24,0.0,1.261
1988-10-25,0.0,1.2175
1988-10-26,0.0,1.1686
1988-10-27,0.0,1.1404
1988-10-28,0.0,1.1281
1988-10-29,0.0,1.0878
1988-10-30,0.0,1.0774
1988-10-31,0.0,1.0998
1988-11-01,0.0,1.0813
1988-11-02,1.23,1.0911
1988-11-03,2.18,1.0482
1988-11-04,0.0,1.0415
1988-11-05,0.0,1.0214
1988-11-06,0.0,0.9542
1988-11-07,0.0,0.8651
1988-11-08,0.0,0.8322
1988-11-09,0.0,0.8181
1988-11-10,3.38,0.9305
1988-11-11,0.0,0.8158
1988-11-12,1.81,0.902
1988-11-13,4.81,0.8623
1988-11-14,5.44,0.7745
1988-11-15,2.31,0.8355
1988-11-16,6.08,0.7999
1988-11-17,7.48,0.7942
1988-11-18,0.0,0.7534
1988-11-19,0.0,0.8038
1988-11-20,0.0,0.7261
1988-11-21,0.0,0.7526
1988-11-22,7.49,0.7963
1988-11-23,23.33,0.7919
1988-11-24,8.73,0.7408
1988-11-25,7.83,0.7272
1988-11-26,0.0,0.7914
1988-11-27,0.0,0.7651
1988-11-28,0.0,0.8092
1988-11-29,0.0,0.8175
1988-11-30,0.0,0.7974
1988-12-01,0.0,0.6995
1988-12-02,0.0,0.6862
1988-12-03,0.0,0.7675
1988-12-04,0.0,0.7057
1988-12-05,0.0,0.7336
1988-12-06,0.0,0.7375
1988-12-07,0.0,0.7244
1988-12-08,0.0,0.8153
1988-12-09,0.0,0.6733
1988-12-10,0.0,0.6748
1988-12-11,0.0,0.6223
1988-12-12,0.0,0.6692
1988-12-13,0.0,0.6179
1988-12-14,0.0,0.646
1988-12-15,0.0,0.6853
1988-12-16,0.0,0.6613
1988-12-17,0.0,0.6296
1988-12-18,0.0,0.615
1988-12-19,5.38,0.6174
1988-12-20,11.13,0.6072
1988-12-21,13.73,0.6025
1988-12-22,15.59,0.6189
1988-12-23,7.66,0.5839
1988-12-24,15.82,0.6223
1988-12-25,6.18,0.5761
1988-12-26,0.0,0.5351
1988-12-27,4.79,0.5246
1988-12-28,5.75,0.5352
1988-12-29,0.0,0.5294
1988-12-30,3.52,0.5638
1988-12-31,1.76,0.5534
1989-01-01,0.0,0.5856
1989-01-02,0.0,0.6028
1989-01-03,0.0,0.6357
1989-01-04,0.0,0.6266
1989-01-05,11.94,0.646
1989-01-06,4.48,0.5837
1989-01-07,4.11,0.5911
1989-01-08,0.0,0.6019
1989-01-09,1.03,0.6646
1989-01-10,0.58,0.7028
1989-01-11,0.0,0.7104
1989-01-12,0.0,0.7159
1989-01-13,0.0,0.6788
1989-01-14,0.0,0.6819
1989-01-15,0.0,0.6867
1989-01-16,0.0,0.7455
1989-01-17,0.0,0.7833
1989-01-18,0.0,0.8492
1989-01-19,0.0,0.9237
1989-01-20,0.0,0.9196
1989-01-21,0.0,0.9354
1989-01-22,0.0,0.9132
1989-01-23,11.26,0.7872
1989-01-24,0.0,0.8646
1989-01-25,0.0,0.927
1989-01-26,0.0,0.937
1989-01-27,0.0,0.9575
1989-01-28,0.0,0.9977
1989-01-29,0.0,1.0741
1989-01-30,0.0,1.1154
1989-01-31,0.0,1.1366
1989-02-01,0.0,1.0439
1989-02-02,1.87,0.924
1989-02-03,7.97,0.7376
1989-02-04,5.86,0.771
1989-02-05,0.0,0.8822
1989-02-06,0.0,0.8971
1989-02-07,0.0,0.942
1989-02-08,0.0,0.9099
1989-02-09,12.22,0.8584
1989-02-10,0.0,1.153
1989-02-11,0.0,1.2177
1989-02-12,0.0,1.2667
1989-02-13,0.0,1.2996
1989-02-14,0.0,1.3378
1989-02-15,0.0,1.3931
1989-02-16,0.0,1.4459
1989-02-17,0.0,1.56
1989-02-18,0.0,1.5405
1989-02-19,1.17,1.4226
1989-02-20,0.0,1.6695
1989-02-21,0.0,1.8575
1989-02-22,0.0,1.9598
1989-02-23,0.0,1.8383
1989-02-24,0.0,1.6607
1989-02-25,0.0,1.7619
1989-02-26,0.0,1.9273
1989-02-27,0.0,1.9753
1989-02-28,0.0,1.8977
1989-03-01,0.0,1.5944
1989-03-02,16.64,1.2839
1989-03-03,4.19,1.5261
1989-03-04,0.0,1.7546
1989-03-05,2.81,1.4809
1989-03-06,4.16,1.4834
1989-03-07,2.13,1.9609
1989-03-08,5.51,1.5891
1989-03-09,5.76,1.5805
1989-03-10,6.46,1.6147
1989-03-11,11.28,1.8487
1989-03-12,0.0,2.5451
1989-03-13,5.22,1.9946
1989-03-14,0.0,2.4522
1989-03-15,0.0,2.5812
1989-03-16,13.54,2.0294
1989-03-17,2.49,2.2255
1989-03-18,6.84,1.851
1989-03-19,8.84,1.7451
1989-03-20,0.0,2.985
1989-03-21,0.0,3.0821
1989-03-22,0.0,2.8465
1989-03-23,0.0,2.9346
1989-03-24,8.87,2.1046
1989-03-25,10.87,1.9911
1989-03-26,0.0,2.622
1989-03-27,0.0,2.8053
1989-03-28,0.0,2.8044
1989-03-29,0.0,3.1925
1989-03-30,0.0,3.3874
1989-03-31,0.0,3.2843
1989-04-01,0.0,3.2072
1989-04-02,0.21,2.8394
1989-04-03,0.0,3.3028
1989-04-04,0.0,3.8176
1989-04-05,0.0,4.2356
1989-04-06,0.0,4.4385
1989-04-07,0.0,4.5759
1989-04-08,0.0,4.6234
1989-04-09,0.0,4.6367
1989-04-10,0.0,4.3742
1989-04-11,0.0,4.0026
1989-04-12,0.0,4.0097
1989-04-13,0.0,3.3839
1989-04-14,0.0,3.1861
1989-04-15,0.0,3.4502
1989-04-16,0.0,3.6373
1989-04-17,0.0,3.4972
1989-04-18,0.0,3.9893
1989-04-19,0.0,4.1762
1989-04-20,0.0,3.8962
1989-04-21,2.3,3.1668
1989-04-22,0.0,3.3393
1989-04-23,4.23,2.3554
1989-04-24,4.96,2.3565
1989-04-25,5.48,2.4339
1989-04-26,0.0,3.5322
1989-04-27,0.0,3.8042
1989-04-28,0.0,4.2399
1989-04-29,0.0,4.2536
1989-04-30,0.0,3.5422
1989-05-01,0.0,4.0447
1989-05-02,0.0,4.3986
1989-05-03,0.0,4.7077
1989-05-04,0.0,4.8556
1989-05-05,0.0,4.8854
1989-05-06,0.0,4.8231
1989-05-07,0.0,4.6877
1989-05-08,0.0,4.1008
1989-05-09,0.0,3.1475
1989-05-10,0.0,2.7435
1989-05-11,0.0,3.7527
1989-05-12,0.0,4.3865
1989-05-13,0.0,4.388
1989-05-14,0.0,4.4717
1989-05-15,0.0,4.6597
1989-05-16,0.0,4.9957
1989-05-17,0.0,4.7611
1989-05-18,0.0,4.359
1989-05-19,0.0,4.8224
1989-05-20,0.0,4.7102
1989-05-21,0.0,3.9783
1989-05-22,0.0,4.1228
1989-05-23,2.82,3.3142
1989-05-24,0.0,4.2847
1989-05-25,0.0,4.474
1989-05-26,0.0,4.8183
1989-05-27,0.0,4.6181
1989-05-28,0.0,4.3063
1989-05-29,0.0,4.1597
1989-05-30,0.0,4.7669
1989-05-31,0.0,5.4955
1989-06-01,0.0,5.9312
1989-06-02,0.0,5.758
1989-06-03,0.0,4.6705
1989-06-04,0.5,3.6466
1989-06-05,0.0,4.264
1989-06-06,0.0,4.5207
1989-06-07,0.0,4.3997
1989-06-08,0.0,4.1837
1989-06-09,0.0,4.4128
1989-06-10,0.0,4.3159
1989-06-11,0.0,3.9594
1989-06-12,0.0,4.3493
1989-06-13,0.0,5.0679
1989-06-14,0.0,5.1444
1989-06-15,0.0,4.9516
1989-06-16,0.0,5.0411
1989-06-17,0.0,5.3706
1989-06-18,0.0,5.4014
1989-06-19,0.0,5.213
1989-06-20,0.0,5.3871
1989-06-21,0.0,5.745
1989-06-22,0.0,6.0522
1989-06-23,0.0,5.7195
1989-06-24,0.0,4.5565
1989-06-25,0.0,4.573
1989-06-26,0.0,4.2793
1989-06-27,0.0,4.2187
1989-06-28,0.0,3.7505
1989-06-29,0.0,4.1578
1989-06-30,0.0,4.3421
1989-07-01,0.0,4.7584
1989-07-02,0.0,4.7934
1989-07-03,0.0,4.8902
1989-07-04,0.0,4.9905
1989-07-05,0.0,5.426
1989-07-06,0.0,5.7476
1989-07-07,0.0,5.8147
1989-07-08,0.0,5.4598
1989-07-09,0.0,5.2066
1989-07-10,0.0,5.0605
1989-07-11,0.0,4.6036
1989-07-12,0.0,4.4319
1989-07-13,0.0,4.5669
1989-07-14,0.0,4.6513
1989-07-15,0.0,4.4457
1989-07-16,0.0,4.4306
1989-07-17,0.0,4.7755
1989-07-18,0.0,4.8682
1989-07-19,0.0,5.133
1989-07-20,0.0,4.9472
1989-07-21,0.0,4.9541
1989-07-22,0.0,5.1084
1989-07-23,0.0,4.8282
1989-07-24,0.0,4.549
1989-07-25,0.0,4.5653
1989-07-26,0.0,4.341
1989-07-27,0.0,4.6275
1989-07-28,0.0,4.7281
1989-07-29,0.0,4.2144
1989-07-30,0.0,4.1058
1989-07-31,0.0,4.0782
1989-08-01,0.0,4.2268
1989-08-02,0.0,4.2218
1989-08-03,0.0,4.3507
1989-08-04,0.0,4.3336
1989-08-05,0.0,4.2739
1989-08-06,0.0,4.2655
1989-08-07,0.0,4.2952
1989-08-08,0.0,4.0221
1989-08-09,0.0,4.1342
1989-08-10,0.0,3.8784
1989-08-11,0.0,4.0056
1989-08-12,0.0,4.143
1989-08-13,0.0,4.5884
1989-08-14,0.0,4.77
1989-08-15,0.0,4.6328
1989-08-16,0.0,4.2051
1989-08-17,0.0,3.8489
1989-08-18,0.0,3.5601
1989-08-19,0.0,3.6747
1989-08-20,0.0,3.6556
1989-08-21,0.0,3.5313
1989-08-22,0.0,3.3744
1989-08-23,0.0,3.3719
1989-08-24,0.0,3.9892
1989-08-25,0.0,4.0398
1989-08-26,0.0,3.8286
1989-08-27,0.0,3.6508
1989-08-28,0.0,3.6829
1989-08-29,0.0,3.6011
1989-08-30,0.0,3.3291
1989-08-31,0.0,3.6507
1989-09-01,0.0,3.6578
1989-09-02,0.0,3.7104
1989-09-03,0.0,3.7201
1989-09-04,0.0,3.6401
1989-09-05,0.0,3.5151
1989-09-06,0.0,3.2144
1989-09-07,0.0,3.0982
1989-09-08,0.0,3.0763
1989-09-09,0.0,2.7422
1989-09-10,0.0,2.6273
1989-09-11,0.0,2.4957
1989-09-12,0.0,3.0554
1989-09-13,0.0,3.2984
1989-09-14,0.0,3.2989
1989-09-15,0.0,3.0614
1989-09-16,12.37,2.2785
1989-09-17,8.18,1.665
1989-09-18,5.09,1.6925
1989-09-19,0.0,2.4043
1989-09-20,0.0,2.5743
1989-09-21,0.0,2.7511
1989-09-22,0.0,2.895
1989-09-23,0.0,2.765
1989-09-24,0.0,2.4188
1989-09-25,0.0,2.4198
1989-09-26,0.0,2.4263
1989-09-27,0.0,2.366
1989-09-28,0.0,2.2106
1989-09-29,7.07,1.8076
1989-09-30,0.0,2.2194
1989-10-01,0.0,2.225
1989-10-02,0.0,2.0102
1989-10-03,0.0,1.9903
1989-10-04,0.0,2.1885
1989-10-05,0.0,2.1927
1989-10-06,0.0,2.2087
1989-10-07,0.0,2.1019
1989-10-08,0.0,2.173
1989-10-09,0.0,2.1822
1989-10-10,0.0,2.0829
1989-10-11,0.0,1.9433
1989-10-12,0.0,1.8483
1989-10-13,0.0,1.7486
1989-10-14,0.0,1.6679
1989-10-15,0.0,1.5931
1989-10-16,0.0,1.6321
1989-10-17,0.0,1.7012
1989-10-18,0.0,1.7159
1989-10-19,0.0,1.7062
1989-10-20,0.0,1.6289
1989-10-21,1.94,1.2581
1989-10-22,8.0,1.2388
1989-10-23,17.44,1.0258
1989-10-24,19.3,1.19
1989-10-25,7.68,1.1941
1989-10-26,0.0,1.4331
1989-10-27,1.0,1.4773
1989-10-28,0.0,1.4012
1989-10-29,0.0,1.4282
1989-10-30,0.0,1.4352
1989-10-31,0.0,1.4295
1989-11-01,0.0,1.3895
1989-11-02,0.0,1.3692
1989-11-03,0.0,1.3903
1989-11-04,0.0,1.3917
1989-11-05,0.0,1.3168
1989-11-06,0.0,1.2529
1989-11-07,0.0,1.209
1989-11-08,0.0,1.1911
1989-11-09,0.0,1.1992
1989-11-10,0.0,1.247
1989-11-11,0.0,1.2308
1989-11-12,0.0,1.1609
1989-11-13,0.0,1.0366
1989-11-14,0.0,1.0721
1989-11-15,0.0,1.0703
1989-11-16,0.0,1.0419
1989-11-17,0.0,1.0961
1989-11-18,0.0,1.1093
1989-11-19,0.0,1.0642
1989-11-20,0.0,1.0134
1989-11-21,0.0,0.9502
1989-11-22,0.0,0.8662
1989-11-23,0.0,0.8278
1989-11-24,3.14,0.7951
1989-11-25,14.68,0.7364
1989-11-26,22.44,0.7234
1989-11-27,0.0,0.73
1989-11-28,0.0,0.7189
1989-11-29,0.0,0.7392
1989-11-30,0.0,0.7441
1989-12-01,0.0,0.7508
1989-12-02,0.0,0.7473
1989-12-03,0.0,0.7532
1989-12-04,0.0,0.7397
1989-12-05,0.0,0.7665
1989-12-06,0.0,0.8004
1989-12-07,0.0,0.7277
1989-12-08,0.0,0.6959
1989-12-09,0.0,0.717
1989-12-10,0.0,0.7104
1989-12-11,0.0,0.6758
1989-12-12,0.0,0.6058
1989-12-13,0.0,0.6049
1989-12-14,0.0,0.5766
1989-12-15,0.0,0.6115
1989-12-16,0.0,0.5983
1989-12-17,0.0,0.5906
1989-12-18,0.0,0.6388
1989-12-19,0.0,0.5803
1989-12-20,0.0,0.5858
1989-12-21,0.0,0.5938
1989-12-22,0.0,0.6034
1989-12-23,0.0,0.5257
1989-12-24,0.0,0.6075
1989-12-25,0.0,0.5405
1989-12-26,0.0,0.5641
1989-12-27,0.0,0.5952
1989-12-28,0.19,0.6395
1989-12-29,0.0,0.6362
1989-12-30,0.0,0.6639
1989-12-31,0.0,0.6529
1990-01-01,0.0,0.6974
1990-01-02,10.58,0.6318
1990-01-03,0.0,0.6192
1990-01-04,0.0,0.6078
1990-01-05,0.0,0.6501
1990-01-06,0.0,0.688
1990-01-07,1.01,0.7518
1990-01-08,0.0,0.8148
1990-01-09,0.0,0.862
1990-01-10,0.0,0.859
1990-01-11,0.0,0.8447
1990-01-12,6.23,0.7915
1990-01-13,23.37,0.7337
1990-01-14,11.88,0.7045
1990-01-15,2.52,0.7382
1990-01-16,4.74,0.7168
1990-01-17,0.0,0.7571
1990-01-18,0.0,0.7911
1990-01-19,0.0,0.7938
1990-01-20,0.0,0.8092
1990-01-21,0.0,0.8396
1990-01-22,0.0,0.8756
1990-01-23,0.0,0.9167
1990-01-24,0.0,1.0048
1990-01-25,0.0,0.9947
1990-01-26,0.0,0.984
1990-01-27,0.0,0.966
1990-01-28,0.0,0.9905
1990-01-29,0.0,1.0695
1990-01-30,7.17,0.8465
1990-01-31,2.92,0.9036
1990-02-01,5.3,0.8947
1990-02-02,0.0,1.0804
1990-02-03,0.0,1.1437
1990-02-04,12.25,0.9433
1990-02-05,0.0,1.119
1990-02-06,3.99,0.9543
1990-02-07,0.0,1.1069
1990-02-08,0.0,1.1695
1990-02-09,0.0,1.2082
1990-02-10,0.0,1.3835
1990-02-11,0.0,1.3957
1990-02-12,0.0,1.3974
1990-02-13,0.0,1.2974
1990-02-14,0.0,1.1656
1990-02-15,0.0,1.2446
1990-02-16,19.11,0.9426
1990-02-17,17.63,0.9666
1990-02-18,8.49,1.0169
1990-02-19,0.0,1.3787
1990-02-20,0.0,1.4524
1990-02-21,0.0,1.6487
1990-02-22,0.0,1.8786
1990-02-23,0.0,1.9798
1990-02-24,0.0,2.0811
1990-02-25,0.0,1.9964
1990-02-26,0.0,1.9031
1990-02-27,0.0,1.8635
1990-02-28,0.0,1.7881
1990-03-01,0.0,1.5482
1990-03-02,6.96,1.206
1990-03-03,5.9,1.4633
1990-03-04,0.0,1.7664
1990-03-05,4.58,1.6871
1990-03-06,0.0,2.2423
1990-03-07,0.0,2.2509
1990-03-08,0.0,2.0324
1990-03-09,0.0,2.1835
1990-03-10,4.13,1.745
1990-03-11,5.17,1.6443
1990-03-12,2.01,1.9931
1990-03-13,0.0,2.2704
1990-03-14,0.0,2.235
1990-03-15,0.0,2.4707
1990-03-16,0.0,2.7816
1990-03-17,0.0,2.8158
1990-03-18,0.0,2.8432
1990-03-19,0.0,2.8248
1990-03-20,0.0,2.9879
1990-03-21,0.0,3.1676
1990-03-22,0.0,3.0581
1990-03-23,0.0,3.0537
1990-03-24,0.0,2.9207
1990-03-25,0.0,2.8781
1990-03-26,0.0,3.0884
1990-03-27,0.0,3.1889
1990-03-28,0.0,3.1749
1990-03-29,0.0,3.1851
1990-03-30,0.0,3.2052
1990-03-31,0.0,3.1378
1990-04-01,0.0,2.9617
1990-04-02,0.0,3.4917
1990-04-03,0.0,3.7891
1990-04-04,0.0,3.7254
1990-04-05,0.0,3.4356
1990-04-06,0.0,2.8757
1990-04-07,0.0,2.5802
1990-04-08,0.0,2.252
1990-04-09,0.0,3.693
1990-04-10,0.0,3.9426
1990-04-11,0.0,4.0407
1990-04-12,0.0,4.1171
1990-04-13,0.0,4.4136
1990-04-14,0.0,3.9042
1990-04-15,0.0,3.5511
1990-04-16,0.0,2.8506
1990-04-17,0.0,3.0159
1990-04-18,0.0,3.1153
1990-04-19,0.0,3.2686
1990-04-20,0.0,3.1687
1990-04-21,0.0,3.2259
1990-04-22,0.0,3.2322
1990-04-23,7.43,2.1902
1990-04-24,0.0,3.8004
1990-04-25,0.0,4.2638
1990-04-26,0.0,4.6761
1990-04-27,0.0,4.769
1990-04-28,0.0,4.3275
1990-04-29,0.0,4.0192
1990-04-30,0.0,4.4782
1990-05-01,0.0,4.7163
1990-05-02,0.0,4.9118
1990-05-03,0.0,4.847
1990-05-04,0.0,5.1399
1990-05-05,0.0,5.2126
1990-05-06,0.0,4.7291
1990-05-07,0.0,4.6994
1990-05-08,0.0,4.612
1990-05-09,0.0,3.7708
1990-05-10,0.0,3.5732
1990-05-11,0.0,3.8641
1990-05-12,0.0,3.9178
1990-05-13,0.0,4.3482
1990-05-14,0.0,4.1531
1990-05-15,0.0,4.1519
1990-05-16,0.0,4.2084
1990-05-17,0.0,4.001
1990-05-18,0.0,3.4549
1990-05-19,0.0,3.1795
1990-05-20,4.73,2.3146
1990-05-21,0.0,3.7896
1990-05-22,0.0,4.0406
1990-05-23,9.69,2.9447
1990-05-24,0.0,3.8434
1990-05-25,0.0,3.9497
1990-05-26,4.21,3.4893
1990-05-27,19.64,2.7234
1990-05-28,22.04,2.477
1990-05-29,0.0,3.7079
1990-05-30,2.98,3.0203
1990-05-31,2.82,2.8149
1990-06-01,0.0,4.4333
1990-06-02,0.0,5.0224
1990-06-03,0.0,5.1659
1990-06-04,0.0,5.0823
1990-06-05,0.0,5.2273
1990-06-06,0.0,5.0178
1990-06-07,0.0,5.2781
1990-06-08,0.0,5.9497
1990-06-09,0.0,5.8871
1990-06-10,0.0,5.1577
1990-06-11,0.0,5.0972
1990-06-12,0.0,5.3177
1990-06-13,0.0,5.0523
1990-06-14,0.0,4.3347
1990-06-15,0.0,4.0183
1990-06-16,0.0,4.1961
1990-06-17,0.0,4.9736
1990-06-18,0.0,4.837
1990-06-19,0.0,5.712
1990-06-20,0.0,6.1004
1990-06-21,0.0,5.7115
1990-06-22,0.0,4.8735
1990-06-23,0.0,4.4551
1990-06-24,0.0,4.4722
1990-06-25,0.0,5.128
1990-06-26,0.0,5.2084
1990-06-27,0.0,4.9681
1990-06-28,0.0,4.954
1990-06-29,0.0,4.7371
1990-06-30,0.0,5.2592
1990-07-01,0.0,4.9809
1990-07-02,0.0,4.855
1990-07-03,0.0,4.7171
1990-07-04,0.0,4.7931
1990-07-05,0.0,4.9692
1990-07-06,0.0,4.5441
1990-07-07,0.0,4.8292
1990-07-08,0.0,4.8405
1990-07-09,0.0,5.0252
1990-07-10,0.0,5.5311
1990-07-11,0.0,5.6461
1990-07-12,0.0,5.3043
1990-07-13,0.0,5.3634
1990-07-14,0.0,5.1234
1990-07-15,0.0,4.9246
1990-07-16,0.0,4.1509
1990-07-17,0.0,4.2773
1990-07-18,0.0,4.7884
1990-07-19,0.0,4.8994
1990-07-20,0.0,5.0652
1990-07-21,0.0,5.0871
1990-07-22,0.0,4.7146
1990-07-23,0.0,4.0932
1990-07-24,0.0,4.0477
1990-07-25,0.0,4.3145
1990-07-26,0.0,4.6699
1990-07-27,0.0,4.7116
1990-07-28,0.0,4.4916
1990-07-29,0.0,4.6191
1990-07-30,0.0,4.6361
1990-07-31,0.0,4.4979
1990-08-01,0.0,4.5497
1990-08-02,0.0,4.5902
1990-08-03,0.0,4.4517
1990-08-04,0.0,4.4883
1990-08-05,0.0,4.9942
1990-08-06,0.0,5.0954
1990-08-07,0.0,4.902
1990-08-08,0.0,5.0444
1990-08-09,0.0,4.8261
1990-08-10,0.0,4.74
1990-08-11,0.0,4.7569
1990-08-12,0.0,4.4416
1990-08-13,0.0,4.3063
1990-08-14,0.0,3.8484
1990-08-15,0.0,3.6026
1990-08-16,0.0,3.6521
1990-08-17,0.0,3.42
1990-08-18,0.0,3.679
1990-08-19,0.0,3.8828
1990-08-20,0.0,3.9056
1990-08-21,0.0,3.8129
1990-08-22,0.0,4.1203
1990-08-23,0.0,4.0687
1990-08-24,0.0,3.6086
1990-08-25,0.0,3.2175
1990-08-26,0.0,3.3888
1990-08-27,0.0,3.7239
1990-08-28,0.0,3.8424
1990-08-29,0.0,3.7427
1990-08-30,0.0,3.671
1990-08-31,0.0,3.5811
1990-09-01,0.0,3.5878
1990-09-02,0.0,3.7149
1990-09-03,0.0,3.5542
1990-09-04,0.0,3.4516
1990-09-05,0.0,3.5266
1990-09-06,0.0,3.476
1990-09-07,0.0,3.3917
1990-09-08,0.0,3.4497
1990-09-09,0.0,3.5903
1990-09-10,0.0,3.47
1990-09-11,0.0,3.27
1990-09-12,0.0,3.3551
1990-09-13,0.0,3.1421
1990-09-14,0.0,3.0028
1990-09-15,0.0,2.9876
1990-09-16,0.0,3.0674
1990-09-17,0.0,2.941
1990-09-18,0.0,2.7747
1990-09-19,0.0,2.8758
1990-09-20,0.0,3.1042
1990-09-21,0.0,3.007
1990-09-22,0.0,2.5742
1990-09-23,3.59,2.0567
1990-09-24,0.0,2.282
1990-09-25,0.0,2.1229
1990-09-26,0.0,2.2106
1990-09-27,0.0,2.3095
1990-09-28,0.0,2.3778
1990-09-29,0.0,2.5902
1990-09-30,0.0,2.5865
1990-10-01,0.0,2.3054
1990-10-02,0.0,2.265
1990-10-03,0.0,2.4317
1990-10-04,0.0,2.3587
1990-10-05,0.0,1.9383
1990-10-06,0.0,1.9677
1990-10-07,0.0,2.0335
1990-10-08,0.0,2.0701
1990-10-09,0.0,2.0712
1990-10-10,0.0,2.0592
1990-10-11,0.0,2.0085
1990-10-12,0.0,1.9311
1990-10-13,0.0,1.8208
1990-10-14,0.0,1.7602
1990-10-15,0.0,1.6809
1990-10-16,0.0,1.6884
1990-10-17,0.0,1.6442
1990-10-18,0.0,1.476
1990-10-19,0.0,1.4558
1990-10-20,0.0,1.4664
1990-10-21,0.0,1.4317
1990-10-22,0.0,1.4441
1990-10-23,0.0,1.424
1990-10-24,0.0,1.4048
1990-10-25,0.0,1.3501
1990-10-26,0.0,1.286
1990-10-27,0.0,1.2272
1990-10-28,0.0,1.2086
1990-10-29,0.0,1.1659
1990-10-30,0.0,1.1402
1990-10-31,5.55,1.0143
1990-11-01,1.64,1.0208
1990-11-02,0.0,1.0387
1990-11-03,0.0,0.9981
1990-11-04,0.0,0.9266
1990-11-05,0.0,0.9769
1990-11-06,0.0,0.9752
1990-11-07,0.0,0.9209
1990-11-08,0.0,0.8814
1990-11-09,0.0,0.87
1990-11-10,0.0,0.8199
1990-11-11,0.0,0.7976
1990-11-12,0.0,0.7948
1990-11-13,0.0,0.7969
1990-11-14,0.0,0.8507
1990-11-15,0.0,0.8391
1990-11-16,0.0,0.8203
1990-11-17,0.0,0.7949
1990-11-18,0.0,0.8125
1990-11-19,0.0,0.8115
1990-11-20,0.71,0.7373
1990-11-21,3.0,0.7477
1990-11-22,0.0,0.6332
1990-11-23,0.0,0.5184
1990-11-24,0.0,0.491
1990-11-25,0.0,0.613
1990-11-26,6.44,0.6432
1990-11-27,0.0,0.5983
1990-11-28,0.0,0.5495
1990-11-29,0.0,0.5556
1990-11-30,0.0,0.5805
1990-12-01,0.0,0.4494
1990-12-02,0.0,0.3985
1990-12-03,0.0,0.4744
1990-12-04,0.0,0.4344
1990-12-05,0.0,0.4668
1990-12-06,0.0,0.4364
1990-12-07,0.0,0.4638
1990-12-08,0.0,0.4151
1990-12-09,0.0,0.4157
1990-12-10,8.66,0.6511
1990-12-11,17.2,0.6858
1990-12-12,0.0,0.6685
1990-12-13,0.0,0.603
1990-12-14,0.0,0.5728
1990-12-15,13.67,0.5896
1990-12-16,10.61,0.6094
1990-12-17,0.0,0.5814
1990-12-18,0.0,0.566
1990-12-19,3.5,0.5841
1990-12-20,0.0,0.5086
1990-12-21,0.0,0.457
1990-12-22,0.0,0.4176
1990-12-23,0.0,0.4324
1990-12-24,0.0,0.4747
1990-12-25,0.0,0.4972
1990-12-26,0.0,0.5143
1990-12-27,0.0,0.5415
1990-12-28,0.0,0.5658
1990-12-29,0.0,0.556
1990-12-30,0.0,0.5328
1990-12-31,0.0,0.5203
1991-01-01,0.0,0.5645
1991-01-02,0.0,0.6033
1991-01-03,0.0,0.6466
1991-01-04,0.0,0.622
1991-01-05,0.0,0.6075
1991-01-06,0.0,0.6392
1991-01-07,1.0,0.6866
1991-01-08,0.0,0.6887
1991-01-09,6.95,0.6666
1991-01-10,0.0,0.7274
1991-01-11,0.0,0.7421
1991-01-12,0.0,0.808
1991-01-13,0.0,0.8454
1991-01-14,0.0,0.7862
1991-01-15,0.0,0.8186
1991-01-16,0.0,0.8804
1991-01-17,0.0,0.9154
1991-01-18,0.0,0.9099
1991-01-19,0.0,0.9315
1991-01-20,0.0,0.8968
1991-01-21,0.0,0.9317
1991-01-22,0.0,0.8779
1991-01-23,0.0,0.8426
1991-01-24,0.0,0.9219
1991-01-25,0.0,0.9133
1991-01-26,0.0,0.9272
1991-01-27,0.0,0.9475
1991-01-28,0.0,0.9621
1991-01-29,0.0,0.9641
1991-01-30,0.0,0.9872
1991-01-31,0.0,1.0766
1991-02-01,0.0,1.0491
1991-02-02,10.12,1.0506
1991-02-03,0.0,1.1755
1991-02-04,15.58,1.0667
1991-02-05,26.02,0.9761
1991-02-06,0.0,1.2846
1991-02-07,0.0,1.3696
1991-02-08,0.0,1.3732
1991-02-09,0.0,1.3202
1991-02-10,0.0,1.353
1991-02-11,0.0,1.4477
1991-02-12,0.0,1.4832
1991-02-13,0.0,1.5782
1991-02-14,0.0,1.7104
1991-02-15,0.0,1.5967
1991-02-16,0.0,1.4133
1991-02-17,0.0,1.4724
1991-02-18,0.0,1.686
1991-02-19,0.0,1.8272
1991-02-20,0.0,1.8832
1991-02-21,0.0,1.8803
1991-02-22,0.0,1.6725
1991-02-23,0.0,1.8374
1991-02-24,0.0,1.9598
1991-02-25,0.0,1.9848
1991-02-26,0.0,1.9229
1991-02-27,0.0,1.4223
1991-02-28,19.37,1.1424
1991-03-01,16.07,1.2244
1991-03-02,6.52,1.2737
1991-03-03,15.09,1.299
1991-03-04,19.04,1.2566
1991-03-05,6.5,1.5343
1991-03-06,0.0,1.8464
1991-03-07,0.0,2.0545
1991-03-08,0.0,2.2671
1991-03-09,0.0,2.2418
1991-03-10,0.0,1.976
1991-03-11,10.73,1.5911
1991-03-12,4.59,1.5348
1991-03-13,12.5,1.4122
1991-03-14,0.0,2.0194
1991-03-15,4.32,1.8042
1991-03-16,0.0,2.1452
1991-03-17,12.84,1.4517
1991-03-18,6.07,1.5704
1991-03-19,0.0,2.1285
1991-03-20,12.31,1.5739
1991-03-21,5.11,1.5674
1991-03-22,0.0,2.0555
1991-03-23,4.06,1.9577
1991-03-24,20.28,1.5916
1991-03-25,17.96,1.6901
1991-03-26,17.6,1.7655
1991-03-27,9.6,2.1974
1991-03-28,0.0,3.2355
1991-03-29,0.0,3.4094
1991-03-30,0.0,3.535
1991-03-31,0.0,3.3919
1991-04-01,0.0,2.769
1991-04-02,0.0,3.0585
1991-04-03,0.0,3.618
1991-04-04,0.0,3.8668
1991-04-05,0.0,3.7524
1991-04-06,0.0,3.3077
1991-04-07,0.0,3.3645
1991-04-08,0.0,3.7476
1991-04-09,0.0,3.9266
1991-04-10,0.0,3.5561
1991-04-11,0.0,3.2415
1991-04-12,0.0,4.0045
1991-04-13,0.0,3.9434
1991-04-14,0.0,3.7627
1991-04-15,0.0,3.3189
1991-04-16,0.0,3.3443
1991-04-17,0.0,3.4317
1991-04-18,0.0,3.4751
1991-04-19,0.0,3.7704
1991-04-20,5.44,2.7886
1991-04-21,3.0,2.4936
1991-04-22,0.0,3.3856
1991-04-23,0.0,2.6096
1991-04-24,0.0,2.4458
1991-04-25,0.0,3.1626
1991-04-26,0.0,3.5075
1991-04-27,0.0,4.3329
1991-04-28,0.0,4.6608
1991-04-29,0.0,5.0265
1991-04-30,0.0,4.61
1991-05-01,2.25,3.4305
1991-05-02,0.0,2.6319
1991-05-03,0.0,2.8784
1991-05-04,0.0,4.1298
1991-05-05,0.0,4.6706
1991-05-06,0.0,4.6209
1991-05-07,0.0,4.7308
1991-05-08,0.0,4.3091
1991-05-09,0.0,4.0929
1991-05-10,0.0,4.3998
1991-05-11,0.0,4.1558
1991-05-12,0.0,3.578
1991-05-13,2.63,2.8933
1991-05-14,1.87,4.2775
1991-05-15,0.0,4.882
1991-05-16,0.0,4.5355
1991-05-17,0.0,3.7966
1991-05-18,0.0,3.5861
1991-05-19,0.0,4.32
1991-05-20,0.0,4.6311
1991-05-21,0.0,4.7479
1991-05-22,0.0,4.9473
1991-05-23,0.0,5.1497
1991-05-24,0.0,5.4484
1991-05-25,0.0,5.3222
1991-05-26,0.0,4.8246
1991-05-27,0.0,4.8458
1991-05-28,0.0,4.7378
1991-05-29,0.0,4.2933
1991-05-30,0.0,3.6193
1991-05-31,0.0,5.0247
1991-06-01,0.0,5.7163
1991-06-02,0.0,5.3453
1991-06-03,0.0,4.979
1991-06-04,0.0,5.2324
1991-06-05,0.0,5.2444
1991-06-06,0.0,5.0592
1991-06-07,0.0,5.1457
1991-06-08,0.0,5.4565
1991-06-09,0.0,5.4153
1991-06-10,0.0,5.4765
1991-06-11,0.0,5.3583
1991-06-12,0.0,5.2357
1991-06-13,0.0,4.9922
1991-06-14,0.0,5.0629
1991-06-15,0.0,4.9696
1991-06-16,0.0,4.7956
1991-06-17,0.0,4.8826
1991-06-18,0.0,4.4134
1991-06-19,0.0,3.962
1991-06-20,0.0,4.2922
1991-06-21,0.0,4.2853
1991-06-22,0.0,3.9464
1991-06-23,0.0,3.5292
1991-06-24,0.0,2.9978
1991-06-25,0.0,3.4833
1991-06-26,0.0,3.5227
1991-06-27,1.05,3.4906
1991-06-28,2.0,2.8643
1991-06-29,0.0,3.5197
1991-06-30,0.0,5.0989
1991-07-01,0.0,5.7883
1991-07-02,0.0,6.0687
1991-07-03,0.0,5.9886
1991-07-04,0.0,5.6902
1991-07-05,0.0,5.4952
1991-07-06,0.0,5.2516
1991-07-07,0.0,4.7051
1991-07-08,0.0,4.4237
1991-07-09,0.0,4.4057
1991-07-10,0.0,4.5938
1991-07-11,0.0,5.1269
1991-07-12,0.0,5.1186
1991-07-13,0.0,4.7269
1991-07-14,0.0,4.5076
1991-07-15,0.0,4.4902
1991-07-16,0.0,4.3459
1991-07-17,0.0,4.5403
1991-07-18,0.0,4.6635
1991-07-19,0.0,4.6019
1991-07-20,0.0,4.259
1991-07-21,0.0,4.5314
1991-07-22,0.0,4.8471
1991-07-23,0.0,4.7504
1991-07-24,0.0,4.2257
1991-07-25,0.0,4.6233
1991-07-26,0.0,4.8311
1991-07-27,0.0,4.8384
1991-07-28,0.0,4.5128
1991-07-29,0.0,4.8979
1991-07-30,0.0,5.0013
1991-07-31,0.0,4.873
1991-08-01,0.0,4.3344
1991-08-02,0.0,4.2522
1991-08-03,0.0,3.7486
1991-08-04,0.0,3.2914
1991-08-05,0.0,3.8075
1991-08-06,0.0,3.8491
1991-08-07,0.0,4.1836
1991-08-08,0.0,4.6252
1991-08-09,0.0,4.4634
1991-08-10,0.0,4.7399
1991-08-11,0.0,4.6191
1991-08-12,0.0,4.3406
1991-08-13,2.0,4.5743
1991-08-14,0.0,4.4006
1991-08-15,0.0,3.8861
1991-08-16,0.0,3.5863
1991-08-17,0.0,3.482
1991-08-18,0.0,3.4716
1991-08-19,0.0,3.6195
1991-08-20,0.0,3.6354
1991-08-21,0.0,3.8582
1991-08-22,0.0,3.7778
1991-08-23,0.0,4.0397
1991-08-24,0.0,4.2459
1991-08-25,0.0,3.9672
1991-08-26,0.0,3.4918
1991-08-27,0.0,3.2198
1991-08-28,0.0,3.5206
1991-08-29,0.0,3.7655
1991-08-30,0.0,3.7386
1991-08-31,0.0,3.5608
1991-09-01,0.0,3.7942
1991-09-02,0.0,4.1745
1991-09-03,0.0,4.0404
1991-09-04,0.0,3.8266
1991-09-05,0.0,3.6748
1991-09-06,0.0,3.2298
1991-09-07,0.0,2.8899
1991-09-08,0.0,3.1749
1991-09-09,0.0,3.0193
1991-09-10,0.0,3.1142
1991-09-11,0.0,3.0873
1991-09-12,0.0,3.1455
1991-09-13,0.0,3.0041
1991-09-14,0.0,2.9533
1991-09-15,0.0,3.0417
1991-09-16,0.0,3.1803
1991-09-17,0.0,3.2532
1991-09-18,0.0,3.1586
1991-09-19,0.0,2.9112
1991-09-20,0.0,2.7174
1991-09-21,0.0,2.8715
1991-09-22,0.0,2.8487
1991-09-23,0.0,2.8922
1991-09-24,0.0,2.9419
1991-09-25,0.0,2.7906
1991-09-26,0.0,2.3645
1991-09-27,0.0,2.2293
1991-09-28,0.0,2.4781
1991-09-29,0.0,2.6197
1991-09-30,0.0,2.5359
1991-10-01,0.0,2.3364
1991-10-02,0.0,2.4066
1991-10-03,0.0,2.5288
1991-10-04,0.0,2.3969
1991-10-05,0.0,2.1423
1991-10-06,0.0,2.0586
1991-10-07,0.0,2.1085
1991-10-08,0.0,2.1181
1991-10-09,0.0,2.0944
1991-10-10,0.0,2.1937
1991-10-11,0.0,2.1341
1991-10-12,0.0,1.978
1991-10-13,0.0,1.9496
1991-10-14,0.0,1.9171
1991-10-15,0.0,1.8498
1991-10-16,0.0,1.7552
1991-10-17,0.0,1.6486
1991-10-18,0.0,1.6543
1991-10-19,0.0,1.6545
1991-10-20,0.0,1.6628
1991-10-21,0.0,1.5913
1991-10-22,0.0,1.336
1991-10-23,0.0,1.2643
1991-10-24,0.0,1.2198
1991-10-25,9.8,1.122
1991-10-26,44.35,0.964
1991-10-27,6.43,1.1584
1991-10-28,0.0,1.3263
1991-10-29,0.68,1.2127
1991-10-30,0.0,1.2606
1991-10-31,0.0,1.2678
1991-11-01,0.0,1.3043
1991-11-02,0.0,1.3238
1991-11-03,0.0,1.3014
1991-11-04,0.0,1.3058
1991-11-05,0.0,1.2937
1991-11-06,0.0,1.3482
1991-11-07,0.0,1.3686
1991-11-08,0.0,1.1301
1991-11-09,0.0,1.1062
1991-11-10,0.0,1.1896
1991-11-11,0.0,1.1158
1991-11-12,0.0,1.1484
1991-11-13,0.0,1.1314
1991-11-14,0.0,1.0335
1991-11-15,0.0,0.9876
1991-11-16,0.0,0.9104
1991-11-17,5.7,0.8807
1991-11-18,6.46,0.8336
1991-11-19,0.0,0.9124
1991-11-20,0.0,0.922
1991-11-21,0.0,0.9044
1991-11-22,0.0,0.8172
1991-11-23,0.0,0.8784
1991-11-24,0.0,0.8775
1991-11-25,0.0,0.8637
1991-11-26,0.0,0.8508
1991-11-27,0.0,0.8334
1991-11-28,0.0,0.8096
1991-11-29,0.0,0.7283
1991-11-30,0.0,0.7222
1991-12-01,0.0,0.7564
1991-12-02,0.0,0.7164
1991-12-03,0.0,0.7131
1991-12-04,0.0,0.6746
1991-12-05,0.0,0.6635
1991-12-06,0.0,0.6871
1991-12-07,2.54,0.7046
1991-12-08,0.0,0.7063
1991-12-09,0.0,0.6632
1991-12-10,0.0,0.6242
1991-12-11,0.0,0.6333
1991-12-12,0.0,0.5557
1991-12-13,0.0,0.6113
1991-12-14,0.0,0.6167
1991-12-15,0.0,0.6055
1991-12-16,0.0,0.5347
1991-12-17,0.0,0.5795
1991-12-18,4.31,0.6786
1991-12-19,0.0,0.5957
1991-12-20,0.0,0.6053
1991-12-21,0.0,0.5844
1991-12-22,0.0,0.6032
1991-12-23,0.0,0.6259
1991-12-24,0.0,0.6263
1991-12-25,0.0,0.6434
1991-12-26,0.0,0.6882
1991-12-27,0.0,0.7174
1991-12-28,17.31,0.66
1991-12-29,24.73,0.6213
1991-12-30,4.89,0.6287
1991-12-31,0.0,0.6577
1992-01-01,0.0,0.6377
1992-01-02,0.0,0.6439
1992-01-03,0.0,0.6874
1992-01-04,0.0,0.7275
1992-01-05,17.77,0.6922
1992-01-06,8.71,0.6455
1992-01-07,8.1,0.6229
1992-01-08,0.0,0.66
1992-01-09,0.0,0.6659
1992-01-10,0.0,0.703
1992-01-11,0.0,0.7337
1992-01-12,0.0,0.7273
1992-01-13,0.0,0.693
1992-01-14,0.0,0.7265
1992-01-15,0.0,0.7917
1992-01-16,0.0,0.7773
1992-01-17,0.01,0.7911
1992-01-18,0.0,0.8249
1992-01-19,0.0,0.8413
1992-01-20,0.0,0.7855
1992-01-21,0.0,0.7954
1992-01-22,0.0,0.7799
1992-01-23,0.0,0.7322
1992-01-24,0.0,0.7533
1992-01-25,0.0,0.885
1992-01-26,0.0,1.0173
1992-01-27,0.0,1.0202
1992-01-28,5.15,0.9443
1992-01-29,0.0,1.1048
1992-01-30,0.0,1.0779
1992-01-31,0.0,1.1026
1992-02-01,10.45,0.9876
1992-02-02,0.0,1.1566
1992-02-03,0.0,1.2352
1992-02-04,0.0,1.2623
1992-02-05,0.0,1.2456
1992-02-06,4.32,1.0176
1992-02-07,3.94,0.9224
1992-02-08,0.8,1.0677
1992-02-09,0.0,1.091
1992-02-10,12.85,0.999
1992-02-11,23.06,1.1708
1992-02-12,39.49,1.1972
1992-02-13,7.18,1.1933
1992-02-14,13.27,1.0967
1992-02-15,25.02,1.1517
1992-02-16,10.6,1.1195
1992-02-17,2.55,1.2296
1992-02-18,2.07,1.5
1992-02-19,5.53,1.2384
1992-02-20,6.81,1.3903
1992-02-21,1.68,1.6047
1992-02-22,1.76,1.7243
1992-02-23,0.0,2.0037
1992-02-24,0.0,2.1191
1992-02-25,0.0,2.2653
1992-02-26,0.0,2.2777
1992-02-27,0.0,2.2685
1992-02-28,0.0,2.4101
1992-02-29,0.0,2.2437
1992-03-01,3.0,1.7463
1992-03-02,6.36,1.6081
1992-03-03,0.0,1.8956
1992-03-04,0.0,2.1321
1992-03-05,11.66,1.4938
1992-03-06,19.71,1.6006
1992-03-07,5.3,1.7676
1992-03-08,0.0,2.4341
1992-03-09,0.0,2.4949
1992-03-10,0.0,2.5151
1992-03-11,0.0,2.5483
1992-03-12,0.0,2.713
1992-03-13,0.0,2.5471
1992-03-14,3.43,1.8347
1992-03-15,5.41,1.6184
1992-03-16,4.87,1.6947
1992-03-17,5.62,2.012
1992-03-18,0.0,2.7126
1992-03-19,0.0,2.6166
1992-03-20,5.07,1.9206
1992-03-21,4.0,2.0315
1992-03-22,8.32,1.9763
1992-03-23,15.88,2.1069
1992-03-24,0.0,2.8083
1992-03-25,0.0,2.8532
1992-03-26,0.0,3.3017
1992-03-27,0.0,3.3957
1992-03-28,0.0,3.1403
1992-03-29,0.0,2.9745
1992-03-30,1.0,2.2332
1992-03-31,1.93,3.3176
1992-04-01,0.0,3.82
1992-04-02,0.0,3.8401
1992-04-03,0.0,3.6325
1992-04-04,0.0,3.2907
1992-04-05,0.0,3.538
1992-04-06,0.0,3.6082
1992-04-07,0.0,3.8569
1992-04-08,0.0,3.9529
1992-04-09,0.0,3.7727
1992-04-10,0.0,3.7973
1992-04-11,0.0,3.5519
1992-04-12,6.68,2.3551
1992-04-13,6.99,2.8055
1992-04-14,0.0,3.8677
1992-04-15,0.0,3.5884
1992-04-16,0.0,3.7639
1992-04-17,0.0,3.5522
1992-04-18,0.0,4.4073
1992-04-19,0.0,4.6671
1992-04-20,0.0,4.6591
1992-04-21,0.0,3.9817
1992-04-22,0.0,4.0218
1992-04-23,0.0,4.261
1992-04-24,0.0,4.5371
1992-04-25,0.0,4.8676
1992-04-26,0.0,4.8305
1992-04-27,0.0,4.7698
1992-04-28,0.0,4.9144
1992-04-29,0.0,4.9035
1992-04-30,0.0,3.8914
1992-05-01,0.0,4.3871
1992-05-02,0.0,4.9565
1992-05-03,0.0,5.1076
1992-05-04,0.0,4.8744
1992-05-05,0.0,4.8934
1992-05-06,0.0,4.4908
1992-05-07,0.0,4.12
1992-05-08,0.0,4.5008
1992-05-09,0.0,4.9099
1992-05-10,0.0,5.0724
1992-05-11,0.0,4.494
1992-05-12,0.0,4.6579
1992-05-13,0.0,4.325
1992-05-14,0.0,4.1779
1992-05-15,0.0,4.222
1992-05-16,0.0,4.3191
1992-05-17,0.0,4.6885
1992-05-18,0.0,4.5348
1992-05-19,0.0,4.2741
1992-05-20,0.0,4.2899
1992-05-21,0.0,5.099
1992-05-22,0.0,5.1441
1992-05-23,0.0,5.3477
1992-05-24,0.0,5.0231
1992-05-25,0.0,4.7572
1992-05-26,0.0,4.8571
1992-05-27,0.0,4.9805
1992-05-28,0.0,4.9767
1992-05-29,0.0,4.8492
1992-05-30,0.0,4.9387
1992-05-31,0.0,5.245
1992-06-01,0.0,5.1167
1992-06-02,0.0,5.1535
1992-06-03,0.0,5.2142
1992-06-04,0.0,5.3698
1992-06-05,0.0,5.0237
1992-06-06,0.0,4.4052
1992-06-07,0.0,4.5394
1992-06-08,0.0,4.737
1992-06-09,0.0,4.8631
1992-06-10,0.0,4.6026
1992-06-11,0.0,4.1637
1992-06-12,0.0,3.8984
1992-06-13,0.0,4.0606
1992-06-14,0.0,4.3042
1992-06-15,0.0,3.934
1992-06-16,0.0,4.5138
1992-06-17,0.0,4.8359
1992-06-18,0.0,4.6017
1992-06-19,0.0,4.6296
1992-06-20,0.0,5.206
1992-06-21,0.0,5.3918
1992-06-22,0.0,5.3261
1992-06-23,0.0,4.8021
1992-06-24,0.0,4.8736
1992-06-25,0.0,4.9074
1992-06-26,0.0,4.4126
1992-06-27,0.0,4.5482
1992-06-28,0.0,4.3648
1992-06-29,2.51,3.2565
1992-06-30,5.17,3.198
1992-07-01,0.0,4.4031
1992-07-02,0.0,4.9584
1992-07-03,0.0,5.0057
1992-07-04,0.0,4.689
1992-07-05,0.0,4.8584
1992-07-06,0.0,4.9511
1992-07-07,0.0,5.2799
1992-07-08,0.0,5.5549
1992-07-09,0.0,5.6513
1992-07-10,0.0,5.2719
1992-07-11,0.0,5.0244
1992-07-12,0.0,4.551
1992-07-13,0.0,4.7218
1992-07-14,0.0,4.798
1992-07-15,0.0,4.9033
1992-07-16,0.0,5.1579
1992-07-17,0.0,4.8842
1992-07-18,0.0,4.9797
1992-07-19,0.0,4.8118
1992-07-20,0.0,4.6585
1992-07-21,0.0,4.7071
1992-07-22,0.0,4.6028
1992-07-23,0.0,4.7905
1992-07-24,0.0,5.0451
1992-07-25,0.0,5.0258
1992-07-26,0.0,4.7743
1992-07-27,0.0,4.9689
1992-07-28,0.0,5.026
1992-07-29,0.0,4.9367
1992-07-30,0.0,4.3622
1992-07-31,0.0,4.3542
1992-08-01,0.0,4.6983
1992-08-02,0.0,4.8814
1992-08-03,0.0,4.8392
1992-08-04,0.0,4.6949
1992-08-05,0.0,4.2921
1992-08-06,0.0,4.1002
1992-08-07,0.0,3.9646
1992-08-08,0.0,4.0974
1992-08-09,0.0,4.7036
1992-08-10,0.0,4.8652
1992-08-11,0.0,4.7317
1992-08-12,0.0,4.4766
1992-08-13,0.0,4.2258
1992-08-14,0.0,4.345
1992-08-15,0.0,4.3055
1992-08-16,0.0,4.5314
1992-08-17,0.0,4.4613
1992-08-18,0.0,4.3475
1992-08-19,0.0,4.3149
1992-08-20,0.0,4.1025
1992-08-21,0.0,3.7411
1992-08-22,0.0,3.8054
1992-08-23,0.0,3.98
1992-08-24,0.0,4.068
1992-08-25,0.0,3.8358
1992-08-26,0.0,3.7652
1992-08-27,0.0,3.9127
1992-08-28,0.0,3.7223
1992-08-29,0.0,3.1896
1992-08-30,0.0,2.7328
1992-08-31,0.0,2.913
1992-09-01,0.0,3.1472
1992-09-02,0.0,3.1577
1992-09-03,0.0,2.9085
1992-09-04,0.0,3.1806
1992-09-05,0.0,3.4495
1992-09-06,0.0,3.4974
1992-09-07,0.0,3.4749
1992-09-08,0.0,3.4742
1992-09-09,0.0,3.2578
1992-09-10,0.0,2.9401
1992-09-11,0.0,2.7803
1992-09-12,0.0,2.9479
1992-09-13,0.0,3.2118
1992-09-14,0.0,3.0433
1992-09-15,0.0,2.7899
1992-09-16,0.0,2.7806
1992-09-17,0.0,2.6698
1992-09-18,0.0,2.716
1992-09-19,0.0,2.7866
1992-09-20,0.0,2.8345
1992-09-21,0.0,2.784
1992-09-22,0.0,2.6379
1992-09-23,0.0,2.5133
1992-09-24,0.0,2.5053
1992-09-25,0.0,2.66
1992-09-26,0.0,2.7581
1992-09-27,0.0,2.7281
1992-09-28,0.0,2.5931
1992-09-29,0.0,2.4453
1992-09-30,0.0,2.3203
1992-10-01,0.0,1.9416
1992-10-02,0.0,1.9244
1992-10-03,0.0,1.9885
1992-10-04,0.0,2.1287
1992-10-05,0.0,2.1759
1992-10-06,0.0,2.1848
1992-10-07,0.0,2.1976
1992-10-08,0.0,2.1386
1992-10-09,0.0,2.0538
1992-10-10,0.0,2.0591
1992-10-11,0.0,1.9942
1992-10-12,0.0,1.8945
1992-10-13,0.0,1.7232
1992-10-14,0.0,1.5812
1992-10-15,0.0,1.505
1992-10-16,0.0,1.5339
1992-10-17,0.0,1.5579
1992-10-18,0.0,1.5083
1992-10-19,0.0,1.4518
1992-10-20,0.0,1.4682
1992-10-21,6.25,1.3153
1992-10-22,0.0,1.3794
1992-10-23,0.0,1.3928
1992-10-24,0.0,1.3758
1992-10-25,0.0,1.3
1992-10-26,0.0,1.2743
1992-10-27,0.0,1.2416
1992-10-28,0.0,1.1495
1992-10-29,13.8,0.9193
1992-10-30,15.13,0.968
1992-10-31,0.0,1.2145
1992-11-01,0.0,1.2326
1992-11-02,0.0,1.247
1992-11-03,0.0,1.2646
1992-11-04,0.0,1.176
1992-11-05,0.0,1.1949
1992-11-06,0.0,1.128
1992-11-07,0.0,1.147
1992-11-08,0.0,1.0609
1992-11-09,0.0,0.979
1992-11-10,0.0,0.9304
1992-11-11,0.0,0.779
1992-11-12,0.0,0.8571
1992-11-13,0.0,0.7841
1992-11-14,0.0,0.8281
1992-11-15,0.0,0.7306
1992-11-16,0.0,0.8849
1992-11-17,0.0,0.9326
1992-11-18,0.0,0.774
1992-11-19,0.0,0.8304
1992-11-20,0.91,0.7731
1992-11-21,0.0,0.7766
1992-11-22,3.2,0.7673
1992-11-23,0.0,0.6485
1992-11-24,0.0,0.7396
1992-11-25,0.0,0.787
1992-11-26,0.0,0.7356
1992-11-27,0.0,0.8374
1992-11-28,0.0,0.7052
1992-11-29,0.0,0.7238
1992-11-30,0.0,0.5566
1992-12-01,0.0,0.6486
1992-12-02,0.0,0.6714
1992-12-03,13.35,0.6775
1992-12-04,0.0,0.6977
1992-12-05,0.0,0.624
1992-12-06,18.29,0.6676
1992-12-07,17.96,0.6502
1992-12-08,6.2,0.6364
1992-12-09,21.54,0.6952
1992-12-10,11.94,0.7002
1992-12-11,14.88,0.6601
1992-12-12,3.94,0.6012
1992-12-13,0.0,0.6426
1992-12-14,0.0,0.6273
1992-12-15,0.0,0.6123
1992-12-16,0.0,0.623
1992-12-17,6.14,0.6282
1992-12-18,2.92,0.5514
1992-12-19,0.0,0.5468
1992-12-20,0.0,0.5995
1992-12-21,0.0,0.65
1992-12-22,0.0,0.6042
1992-12-23,0.0,0.6269
1992-12-24,0.0,0.5988
1992-12-25,0.0,0.5707
1992-12-26,0.0,0.5623
1992-12-27,0.0,0.5212
1992-12-28,17.43,0.6209
1992-12-29,20.12,0.6188
1992-12-30,9.04,0.6107
1992-12-31,14.58,0.6198
1993-01-01,25.13,0.6516
1993-01-02,4.23,0.5735
1993-01-03,0.0,0.5633
1993-01-04,0.0,0.5596
1993-01-05,0.0,0.5842
1993-01-06,11.59,0.5951
1993-01-07,24.39,0.6868
1993-01-08,9.9,0.6681
1993-01-09,3.12,0.6606
1993-01-10,2.52,0.6521
1993-01-11,5.53,0.6155
1993-01-12,0.0,0.6568
1993-01-13,51.18,0.7341
1993-01-14,16.07,0.7575
1993-01-15,4.58,0.7757
1993-01-16,5.55,0.7683
1993-01-17,12.07,0.7391
1993-01-18,13.75,0.7026
1993-01-19,3.63,0.752
1993-01-20,10.5,0.7764
1993-01-21,14.09,0.8313
1993-01-22,11.47,0.8692
1993-01-23,0.0,0.9152
1993-01-24,0.0,0.9568
1993-01-25,0.0,0.9864
1993-01-26,0.0,1.0142
1993-01-27,0.0,1.0179
1993-01-28,0.0,1.0057
1993-01-29,0.0,1.107
1993-01-30,0.0,1.1736
1993-01-31,0.0,1.1184
1993-02-01,0.0,1.149
1993-02-02,0.0,1.1894
1993-02-03,0.0,1.1698
1993-02-04,0.0,1.3024
1993-02-05,1.6,1.4026
1993-02-06,0.0,1.3366
1993-02-07,0.0,1.2591
1993-02-08,12.92,1.036
1993-02-09,8.48,1.0215
1993-02-10,3.8,1.1291
1993-02-11,4.41,1.1064
1993-02-12,0.0,1.3503
1993-02-13,0.0,1.3921
1993-02-14,0.0,1.4459
1993-02-15,0.0,1.4494
1993-02-16,0.0,1.2589
1993-02-17,3.76,1.1003
1993-02-18,9.8,1.1804
1993-02-19,30.12,1.1815
1993-02-20,15.48,1.1834
1993-02-21,4.57,1.2019
1993-02-22,3.81,1.2742
1993-02-23,10.31,1.1443
1993-02-24,6.27,1.2227
1993-02-25,4.98,1.2495
1993-02-26,17.9,1.1337
1993-02-27,0.0,1.7082
1993-02-28,0.0,1.9417
1993-03-01,0.0,1.9744
1993-03-02,0.0,2.112
1993-03-03,1.0,2.105
1993-03-04,0.0,2.2934
1993-03-05,0.0,2.4544
1993-03-06,0.0,2.615
1993-03-07,0.0,2.7299
1993-03-08,0.0,2.7163
1993-03-09,0.0,2.5273
1993-03-10,0.0,2.4662
1993-03-11,0.0,2.519
1993-03-12,0.0,2.7698
1993-03-13,0.0,2.7781
1993-03-14,1.47,2.6602
1993-03-15,0.0,2.619
1993-03-16,3.07,2.0387
1993-03-17,12.67,1.9069
1993-03-18,2.79,2.0415
1993-03-19,0.0,2.6177
1993-03-20,0.0,2.9722
1993-03-21,0.0,2.9833
1993-03-22,0.0,3.1441
1993-03-23,7.13,2.0433
1993-03-24,14.46,2.1096
1993-03-25,0.0,2.2268
1993-03-26,17.85,1.6998
1993-03-27,5.67,1.6515
1993-03-28,6.21,1.9142
1993-03-29,0.0,2.7128
1993-03-30,0.0,3.0522
1993-03-31,0.0,3.1359
1993-04-01,6.82,2.4365
1993-04-02,0.0,3.2135
1993-04-03,0.0,3.1651
1993-04-04,1.0,2.8496
1993-04-05,0.0,3.0709
1993-04-06,0.0,3.2736
1993-04-07,0.0,3.8563
1993-04-08,0.0,3.8939
1993-04-09,1.2,3.6377
1993-04-10,0.0,3.3143
1993-04-11,0.0,3.542
1993-04-12,0.0,3.8689
1993-04-13,0.0,3.8628
1993-04-14,0.0,3.6546
1993-04-15,0.0,3.5954
1993-04-16,0.0,3.7207
1993-04-17,6.15,2.6968
1993-04-18,7.38,2.6489
1993-04-19,0.0,4.0508
1993-04-20,0.0,4.3557
1993-04-21,0.0,4.1799
1993-04-22,0.0,3.5972
1993-04-23,0.0,3.3176
1993-04-24,3.21,2.9292
1993-04-25,0.0,4.2804
1993-04-26,0.0,4.183
1993-04-27,0.0,4.481
1993-04-28,0.0,4.764
1993-04-29,0.0,5.0071
1993-04-30,0.0,4.9737
1993-05-01,0.0,5.0859
1993-05-02,0.0,4.834
1993-05-03,0.0,3.9214
1993-05-04,2.54,3.4905
1993-05-05,0.0,4.4077
1993-05-06,0.0,4.0208
1993-05-07,0.0,4.2437
1993-05-08,0.0,4.6032
1993-05-09,0.0,5.2565
1993-05-10,0.0,5.418
1993-05-11,0.0,3.8748
1993-05-12,0.0,3.7015
1993-05-13,0.0,4.0098
1993-05-14,0.0,4.5025
1993-05-15,0.0,4.558
1993-05-16,0.0,4.813
1993-05-17,0.0,4.6755
1993-05-18,0.0,4.9534
1993-05-19,0.0,4.5108
1993-05-20,0.0,4.0231
1993-05-21,0.0,4.0688
1993-05-22,0.0,4.9062
1993-05-23,0.0,4.7732
1993-05-24,4.37,3.371
1993-05-25,7.16,3.072
1993-05-26,0.0,3.5506
1993-05-27,3.48,2.7873
1993-05-28,0.0,4.3071
1993-05-29,0.0,4.8574
1993-05-30,0.0,4.0457
1993-05-31,4.14,3.0358
1993-06-01,0.0,4.4366
1993-06-02,0.0,4.3665
1993-06-03,0.0,4.1988
1993-06-04,3.87,2.8531
1993-06-05,4.63,2.8551
1993-06-06,2.94,2.7681
1993-06-07,0.0,3.6505
1993-06-08,0.0,5.1539
1993-06-09,0.0,5.6417
1993-06-10,0.0,5.357
1993-06-11,0.0,5.4863
1993-06-12,0.0,5.5692
1993-06-13,0.0,5.8289
1993-06-14,0.0,5.8982
1993-06-15,0.0,5.673
1993-06-16,0.0,5.9277
1993-06-17,0.0,6.292
1993-06-18,0.0,6.2904
1993-06-19,0.0,6.2367
1993-06-20,0.0,5.6344
1993-06-21,0.0,5.145
1993-06-22,0.0,5.0381
1993-06-23,0.0,5.4189
1993-06-24,0.0,6.0655
1993-06-25,0.0,6.2352
1993-06-26,0.0,6.0803
1993-06-27,0.0,5.58
1993-06-28,0.0,5.0466
1993-06-29,0.0,5.1716
1993-06-30,0.0,5.5622
1993-07-01,0.0,5.5169
1993-07-02,0.0,5.0856
1993-07-03,0.0,4.8923
1993-07-04,0.0,5.0817
1993-07-05,0.0,5.0519
1993-07-06,0.0,4.7414
1993-07-07,0.0,4.7621
1993-07-08,0.0,4.6577
1993-07-09,0.0,4.615
1993-07-10,0.0,4.5235
1993-07-11,0.0,4.4499
1993-07-12,0.0,4.6479
1993-07-13,0.0,4.6735
1993-07-14,0.0,4.6975
1993-07-15,0.0,4.6663
1993-07-16,0.0,4.5086
1993-07-17,0.0,4.9078
1993-07-18,0.0,4.9391
1993-07-19,0.0,4.5477
1993-07-20,0.0,4.2222
1993-07-21,0.0,4.3455
1993-07-22,0.0,4.3
1993-07-23,0.0,4.3893
1993-07-24,0.0,4.4678
1993-07-25,0.0,4.4376
1993-07-26,0.0,4.3479
1993-07-27,0.0,4.2868
1993-07-28,0.0,3.9098
1993-07-29,0.0,3.6924
1993-07-30,0.0,4.8701
1993-07-31,0.0,5.4275
1993-08-01,0.0,5.6678
1993-08-02,0.0,5.507
1993-08-03,0.0,5.0216
1993-08-04,0.0,4.6843
1993-08-05,0.0,4.1581
1993-08-06,0.0,4.0317
1993-08-07,0.0,3.8166
1993-08-08,0.0,4.0397
1993-08-09,0.0,4.1991
1993-08-10,0.0,3.9666
1993-08-11,0.0,3.2091
1993-08-12,0.0,3.7753
1993-08-13,0.0,3.7698
1993-08-14,0.0,3.7011
1993-08-15,0.0,3.6682
1993-08-16,0.0,4.1957
1993-08-17,0.0,4.4164
1993-08-18,0.0,4.3462
1993-08-19,0.0,3.9923
1993-08-20,0.0,3.5853
1993-08-21,0.0,4.2202
1993-08-22,0.0,4.3875
1993-08-23,0.0,4.3751
1993-08-24,0.0,4.2238
1993-08-25,0.0,4.2069
1993-08-26,0.0,4.2983
1993-08-27,0.0,4.4165
1993-08-28,0.0,4.2802
1993-08-29,0.0,4.0549
1993-08-30,0.0,3.4253
1993-08-31,0.0,3.4495
1993-09-01,0.0,3.665
1993-09-02,0.0,3.7763
1993-09-03,0.0,3.6175
1993-09-04,0.0,3.2418
1993-09-05,0.0,2.9127
1993-09-06,0.0,2.8588
1993-09-07,0.0,3.5174
1993-09-08,0.0,3.628
1993-09-09,0.0,3.5232
1993-09-10,0.0,3.2089
1993-09-11,0.0,2.99
1993-09-12,0.0,3.0649
1993-09-13,0.0,3.0947
1993-09-14,0.0,2.8653
1993-09-15,0.0,2.3559
1993-09-16,0.0,2.4994
1993-09-17,0.0,2.1985
1993-09-18,0.0,2.4895
1993-09-19,0.0,2.6993
1993-09-20,0.0,2.742
1993-09-21,0.0,2.6412
1993-09-22,0.0,2.4764
1993-09-23,0.0,2.5831
1993-09-24,0.0,2.7034
1993-09-25,0.0,2.7839
1993-09-26,0.0,2.7735
1993-09-27,0.0,2.752
1993-09-28,0.0,2.6755
1993-09-29,0.0,2.529
1993-09-30,0.0,2.4315
1993-10-01,0.0,2.2852
1993-10-02,0.0,2.1918
1993-10-03,0.0,1.8771
1993-10-04,0.0,1.7193
1993-10-05,0.0,1.548
1993-10-06,0.0,1.6011
1993-10-07,0.0,1.897
1993-10-08,0.0,1.9947
1993-10-09,0.0,1.8886
1993-10-10,0.0,1.7558
1993-10-11,0.0,1.6813
1993-10-12,0.0,1.7492
1993-10-13,0.0,1.6554
1993-10-14,2.28,1.5573
1993-10-15,9.0,1.2909
1993-10-16,2.55,1.4262
1993-10-17,0.0,1.4798
1993-10-18,0.0,1.4967
1993-10-19,0.0,1.5223
1993-10-20,0.0,1.5329
1993-10-21,0.0,1.4799
1993-10-22,0.0,1.4445
1993-10-23,0.0,1.4539
1993-10-24,0.0,1.4305
1993-10-25,0.0,1.4166
1993-10-26,0.0,1.4221
1993-10-27,0.0,1.3935
1993-10-28,0.0,1.3
1993-10-29,0.0,1.2771
1993-10-30,0.0,1.2413
1993-10-31,0.0,1.1833
1993-11-01,0.0,1.1089
1993-11-02,0.0,1.1094
1993-11-03,0.0,1.0061
1993-11-04,0.0,0.9787
1993-11-05,0.0,0.9436
1993-11-06,0.0,0.9532
1993-11-07,0.0,0.8709
1993-11-08,0.0,0.8517
1993-11-09,0.0,0.8663
1993-11-10,4.23,0.9272
1993-11-11,18.79,0.884
1993-11-12,2.43,0.9016
1993-11-13,0.0,0.8998
1993-11-14,0.0,0.9055
1993-11-15,0.0,0.8645
1993-11-16,0.0,0.8076
1993-11-17,0.0,0.8462
1993-11-18,0.0,0.8915
1993-11-19,0.0,0.8299
1993-11-20,0.0,0.7804
1993-11-21,0.0,0.7784
1993-11-22,2.29,0.8079
1993-11-23,0.0,0.6968
1993-11-24,0.0,0.6693
1993-11-25,0.0,0.6619
1993-11-26,0.0,0.6658
1993-11-27,0.0,0.7279
1993-11-28,10.73,0.7078
1993-11-29,17.82,0.7559
1993-11-30,11.64,0.7469
1993-12-01,0.0,0.7131
1993-12-02,0.0,0.7766
1993-12-03,0.0,0.7747
1993-12-04,0.64,0.7597
1993-12-05,0.0,0.6643
1993-12-06,0.0,0.6666
1993-12-07,0.0,0.693
1993-12-08,4.71,0.705
1993-12-09,18.0,0.7144
1993-12-10,0.0,0.7472
1993-12-11,12.78,0.6942
1993-12-12,13.39,0.6171
1993-12-13,0.0,0.6428
1993-12-14,14.32,0.6478
1993-12-15,8.59,0.6123
1993-12-16,0.0,0.5719
1993-12-17,0.0,0.5846
1993-12-18,0.0,0.5941
1993-12-19,0.0,0.564
1993-12-20,0.0,0.5559
1993-12-21,0.0,0.5434
1993-12-22,0.0,0.5438
1993-12-23,0.0,0.5486
1993-12-24,0.0,0.5493
1993-12-25,0.0,0.5506
1993-12-26,0.0,0.5815
1993-12-27,2.0,0.6442
1993-12-28,0.0,0.6497
1993-12-29,0.0,0.6581
1993-12-30,0.0,0.6827
1993-12-31,0.0,0.6806
1994-01-01,0.0,0.6788
1994-01-02,0.0,0.7089
1994-01-03,0.0,0.6337
1994-01-04,0.26,0.6748
1994-01-05,2.12,0.6727
1994-01-06,0.0,0.664
1994-01-07,0.0,0.6537
1994-01-08,0.0,0.6618
1994-01-09,1.0,0.7059
1994-01-10,0.0,0.7194
1994-01-11,0.0,0.7204
1994-01-12,0.0,0.7466
1994-01-13,0.0,0.7795
1994-01-14,0.0,0.7967
1994-01-15,0.0,0.8183
1994-01-16,0.0,0.8287
1994-01-17,0.0,0.8862
1994-01-18,0.0,0.8938
1994-01-19,0.0,0.9099
1994-01-20,0.0,0.9172
1994-01-21,0.0,0.9694
1994-01-22,0.0,0.9927
1994-01-23,11.34,0.8389
1994-01-24,20.0,0.7904
1994-01-25,6.5,0.8022
1994-01-26,4.57,0.8402
1994-01-27,4.0,0.831
1994-01-28,0.0,0.9305
1994-01-29,0.0,0.9841
1994-01-30,0.0,1.0345
1994-01-31,0.0,1.0266
1994-02-01,0.0,1.0391
1994-02-02,0.0,1.0345
1994-02-03,0.0,1.0472
1994-02-04,0.0,1.135
1994-02-05,0.0,1.1493
1994-02-06,9.43,0.8739
1994-02-07,17.79,0.8905
1994-02-08,10.39,0.9805
1994-02-09,0.0,1.2507
1994-02-10,4.04,1.0797
1994-02-11,5.81,1.0469
1994-02-12,0.0,1.3022
1994-02-13,0.0,1.373
1994-02-14,0.0,1.4177
1994-02-15,0.0,1.4311
1994-02-16,0.0,1.5198
1994-02-17,16.45,1.2292
1994-02-18,12.67,1.0656
1994-02-19,12.88,0.996
1994-02-20,17.82,1.1304
1994-02-21,6.11,1.2804
1994-02-22,3.79,1.3138
1994-02-23,0.0,1.6959
1994-02-24,0.0,1.8346
1994-02-25,0.0,1.8256
1994-02-26,4.68,1.2561
1994-02-27,4.46,1.3335
1994-02-28,0.0,2.1246
1994-03-01,0.0,2.2567
1994-03-02,0.0,2.3766
1994-03-03,0.0,2.3868
1994-03-04,0.0,2.4271
1994-03-05,0.0,1.9557
1994-03-06,0.0,2.2218
1994-03-07,0.0,2.6182
1994-03-08,0.0,2.5404
1994-03-09,0.0,2.3665
1994-03-10,0.0,2.1708
1994-03-11,0.0,2.4916
1994-03-12,0.0,2.7152
1994-03-13,0.0,2.882
1994-03-14,0.0,2.977
1994-03-15,0.0,2.8379
1994-03-16,0.0,2.1689
1994-03-17,0.0,2.5702
1994-03-18,0.0,2.5811
1994-03-19,0.0,2.4283
1994-03-20,0.0,2.6387
1994-03-21,0.0,2.584
1994-03-22,0.0,2.2733
1994-03-23,0.0,2.3694
1994-03-24,0.0,2.1995
1994-03-25,4.94,1.9153
1994-03-26,0.0,2.7449
1994-03-27,0.0,3.1241
1994-03-28,0.0,3.2114
1994-03-29,0.0,3.0449
1994-03-30,0.0,2.9518
1994-03-31,0.0,3.217
1994-04-01,0.0,3.4995
1994-04-02,0.0,3.4412
1994-04-03,0.0,3.214
1994-04-04,0.0,3.4126
1994-04-05,0.0,3.6689
1994-04-06,0.0,3.0422
1994-04-07,0.0,2.9959
1994-04-08,0.0,2.6299
1994-04-09,11.33,2.1037
1994-04-10,0.0,3.4348
1994-04-11,0.0,3.8458
1994-04-12,0.0,4.0676
1994-04-13,0.0,3.8498
1994-04-14,0.0,3.9906
1994-04-15,0.0,4.2299
1994-04-16,0.0,3.9274
1994-04-17,0.0,3.6583
1994-04-18,0.0,3.939
1994-04-19,0.0,3.9437
1994-04-20,0.0,3.8011
1994-04-21,0.0,3.6887
1994-04-22,0.0,3.3054
1994-04-23,1.2,2.6763
1994-04-24,6.02,1.9542
1994-04-25,9.92,2.103
1994-04-26,9.32,2.6642
1994-04-27,0.0,3.5348
1994-04-28,0.0,3.9408
1994-04-29,0.0,4.0655
1994-04-30,0.0,3.4171
1994-05-01,0.0,3.6351
1994-05-02,0.0,3.8931
1994-05-03,0.0,4.2068
1994-05-04,0.0,4.1591
1994-05-05,0.0,3.9058
1994-05-06,8.28,2.7883
1994-05-07,24.0,2.4509
1994-05-08,2.81,3.2958
1994-05-09,0.0,4.0352
1994-05-10,0.0,4.4568
1994-05-11,0.0,4.7128
1994-05-12,0.0,4.5281
1994-05-13,0.0,4.8064
1994-05-14,0.0,4.8299
1994-05-15,1.26,3.7551
1994-05-16,0.0,3.8888
1994-05-17,7.48,2.7799
1994-05-18,1.88,3.7832
1994-05-19,0.0,3.4268
1994-05-20,0.0,4.5048
1994-05-21,0.0,4.7027
1994-05-22,0.0,4.8423
1994-05-23,0.0,5.1805
1994-05-24,0.0,5.0956
1994-05-25,0.0,5.0634
1994-05-26,0.0,4.196
1994-05-27,0.0,4.5489
1994-05-28,0.0,5.0022
1994-05-29,0.0,5.3775
1994-05-30,0.0,5.5684
1994-05-31,0.0,5.0944
1994-06-01,0.0,5.0043
1994-06-02,0.0,5.1306
1994-06-03,0.0,4.969
1994-06-04,0.0,4.8061
1994-06-05,0.0,4.4933
1994-06-06,1.0,3.8708
1994-06-07,0.0,4.8937
1994-06-08,0.0,5.2734
1994-06-09,0.0,5.7953
1994-06-10,0.0,6.1903
1994-06-11,0.0,5.649
1994-06-12,0.0,4.8937
1994-06-13,0.0,4.1643
1994-06-14,0.0,5.0155
1994-06-15,0.0,4.8158
1994-06-16,0.0,4.5031
1994-06-17,0.0,4.6043
1994-06-18,0.0,5.0979
1994-06-19,0.0,5.2593
1994-06-20,0.0,5.0659
1994-06-21,0.0,5.0155
1994-06-22,0.0,4.9724
1994-06-23,0.0,5.0961
1994-06-24,0.0,5.0534
1994-06-25,0.0,5.0524
1994-06-26,0.0,5.4021
1994-06-27,0.0,5.3883
1994-06-28,0.0,5.429
1994-06-29,0.0,5.3138
1994-06-30,0.0,5.1487
1994-07-01,0.0,5.0065
1994-07-02,0.0,4.6762
1994-07-03,0.0,4.8454
1994-07-04,0.0,4.8723
1994-07-05,0.0,4.589
1994-07-06,0.0,4.8491
1994-07-07,0.0,4.9126
1994-07-08,0.0,4.8928
1994-07-09,0.0,4.9421
1994-07-10,0.0,4.7779
1994-07-11,0.0,4.6291
1994-07-12,0.0,4.7186
1994-07-13,0.0,4.8441
1994-07-14,0.0,4.9765
1994-07-15,0.0,4.9706
1994-07-16,0.0,4.6613
1994-07-17,0.0,4.7426
1994-07-18,0.0,4.8413
1994-07-19,0.0,4.4541
1994-07-20,0.0,4.2025
1994-07-21,0.0,3.8925
1994-07-22,0.0,4.1577
1994-07-23,0.0,4.1034
1994-07-24,0.0,4.2777
1994-07-25,0.0,4.9118
1994-07-26,0.0,5.0224
1994-07-27,0.0,4.6036
1994-07-28,0.0,4.0568
1994-07-29,0.0,4.5436
1994-07-30,0.0,4.4233
1994-07-31,0.0,3.9811
1994-08-01,0.0,4.1162
1994-08-02,0.0,4.3392
1994-08-03,0.0,4.4834
1994-08-04,0.0,4.5588
1994-08-05,0.0,4.709
1994-08-06,0.0,5.0613
1994-08-07,0.0,4.8222
1994-08-08,0.0,4.4721
1994-08-09,0.0,4.3301
1994-08-10,0.0,4.2679
1994-08-11,0.0,4.5813
1994-08-12,0.0,4.6472
1994-08-13,0.0,4.753
1994-08-14,0.0,4.8327
1994-08-15,0.0,4.7704
1994-08-16,0.0,4.7304
1994-08-17,0.0,4.4718
1994-08-18,0.0,4.1778
1994-08-19,0.0,3.9425
1994-08-20,0.0,4.0866
1994-08-21,0.0,3.8184
1994-08-22,0.0,3.6978
1994-08-23,0.0,3.5927
1994-08-24,0.0,3.5808
1994-08-25,0.0,3.5717
1994-08-26,0.0,3.5212
1994-08-27,0.0,3.3053
1994-08-28,0.0,3.3604
1994-08-29,0.0,3.5882
1994-08-30,0.0,3.6487
1994-08-31,0.0,3.54
1994-09-01,0.0,3.3233
1994-09-02,0.0,3.0438
1994-09-03,0.0,3.1743
1994-09-04,0.0,3.4962
1994-09-05,0.0,3.4757
1994-09-06,0.0,3.4172
1994-09-07,0.0,3.2586
1994-09-08,0.0,3.0996
1994-09-09,0.0,2.9929
1994-09-10,0.0,3.012
1994-09-11,0.0,2.5832
1994-09-12,0.0,2.8053
1994-09-13,0.0,2.8008
1994-09-14,0.0,2.9965
1994-09-15,0.0,3.2734
1994-09-16,0.0,3.3478
1994-09-17,0.0,3.1626
1994-09-18,0.0,2.7452
1994-09-19,0.0,2.7703
1994-09-20,0.0,2.8719
1994-09-21,0.0,2.7713
1994-09-22,0.0,2.5042
1994-09-23,0.0,2.6142
1994-09-24,0.0,2.5471
1994-09-25,0.0,2.5628
1994-09-26,0.0,2.5653
1994-09-27,0.0,2.3886
1994-09-28,0.0,2.1722
1994-09-29,0.0,2.2336
1994-09-30,0.0,2.3976
1994-10-01,0.0,2.3376
1994-10-02,0.0,2.3261
1994-10-03,0.0,2.2619
1994-10-04,0.0,1.784
1994-10-05,11.08,1.5863
1994-10-06,0.0,1.9231
1994-10-07,0.0,2.0695
1994-10-08,0.0,2.1326
1994-10-09,0.0,2.159
1994-10-10,0.0,2.008
1994-10-11,0.0,1.8256
1994-10-12,0.0,1.7237
1994-10-13,0.0,1.6905
1994-10-14,0.0,1.6026
1994-10-15,0.0,1.6103
1994-10-16,0.0,1.5929
1994-10-17,0.0,1.5617
1994-10-18,0.0,1.5371
1994-10-19,0.0,1.4735
1994-10-20,0.0,1.4502
1994-10-21,0.0,1.4466
1994-10-22,0.0,1.4585
1994-10-23,0.0,1.4001
1994-10-24,0.0,1.3543
1994-10-25,0.0,1.2701
1994-10-26,0.0,1.2477
1994-10-27,0.0,1.2562
1994-10-28,0.0,1.2534
1994-10-29,0.0,1.1577
1994-10-30,0.0,1.097
1994-10-31,0.0,1.1044
1994-11-01,0.0,1.0828
1994-11-02,0.0,0.985
1994-11-03,0.0,0.9216
1994-11-04,0.0,0.9041
1994-11-05,16.86,0.912
1994-11-06,40.6,0.8086
1994-11-07,9.29,0.8563
1994-11-08,0.0,1.07
1994-11-09,0.0,0.9752
1994-11-10,16.0,0.8463
1994-11-11,0.0,0.9372
1994-11-12,0.0,0.9404
1994-11-13,0.7,0.9278
1994-11-14,0.0,0.9075
1994-11-15,0.0,0.8905
1994-11-16,7.79,0.8019
1994-11-17,7.43,0.7668
1994-11-18,2.69,0.7426
1994-11-19,0.0,0.7816
1994-11-20,0.0,0.8041
1994-11-21,0.0,0.8092
1994-11-22,0.0,0.7988
1994-11-23,0.0,0.7987
1994-11-24,0.0,0.8041
1994-11-25,15.15,0.7386
1994-11-26,9.96,0.6678
1994-11-27,0.0,0.6923
1994-11-28,1.96,0.7067
1994-11-29,0.0,0.6872
1994-11-30,0.0,0.7444
1994-12-01,0.0,0.7483
1994-12-02,1.0,0.755
1994-12-03,2.93,0.7061
1994-12-04,5.03,0.6699
1994-12-05,0.0,0.6255
1994-12-06,0.84,0.6405
1994-12-07,0.0,0.6106
1994-12-08,0.0,0.6042
1994-12-09,0.0,0.5532
1994-12-10,0.0,0.5692
1994-12-11,2.84,0.6021
1994-12-12,10.09,0.6226
1994-12-13,7.28,0.6161
1994-12-14,6.34,0.6055
1994-12-15,7.11,0.6137
1994-12-16,0.0,0.5987
1994-12-17,0.0,0.6312
1994-12-18,0.94,0.6565
1994-12-19,0.0,0.6274
1994-12-20,0.0,0.6199
1994-12-21,0.0,0.6221
1994-12-22,0.0,0.6099
1994-12-23,0.0,0.546
1994-12-24,5.83,0.6363
1994-12-25,0.4,0.5949
1994-12-26,0.0,0.6404
1994-12-27,0.0,0.6493
1994-12-28,9.05,0.6343
1994-12-29,0.0,0.5905
1994-12-30,0.0,0.5671
1994-12-31,2.97,0.5941
1995-01-01,2.87,0.651
1995-01-02,1.57,0.6741
1995-01-03,12.92,0.6862
1995-01-04,5.36,0.6975
1995-01-05,8.31,0.6825
1995-01-06,3.91,0.6804
1995-01-07,11.12,0.7314
1995-01-08,4.26,0.7528
1995-01-09,14.63,0.7911
1995-01-10,63.59,0.7962
1995-01-11,8.69,0.8005
1995-01-12,7.36,0.7957
1995-01-13,4.35,0.8278
1995-01-14,8.82,0.8172
1995-01-15,8.99,0.7789
1995-01-16,5.3,0.7434
1995-01-17,2.63,0.7374
1995-01-18,0.0,0.8172
1995-01-19,0.0,0.8762
1995-01-20,0.0,0.8931
1995-01-21,7.1,0.7834
1995-01-22,7.02,0.7991
1995-01-23,8.05,0.8418
1995-01-24,8.07,0.9201
1995-01-25,2.05,1.0191
1995-01-26,3.02,0.9253
1995-01-27,18.43,0.8672
1995-01-28,7.11,0.9501
1995-01-29,0.0,1.2254
1995-01-30,3.76,1.0456
1995-01-31,4.09,1.1627
1995-02-01,0.0,1.4582
1995-02-02,0.0,1.4819
1995-02-03,0.0,1.4275
1995-02-04,0.0,1.3463
1995-02-05,0.0,1.239
1995-02-06,0.0,1.1873
1995-02-07,0.0,1.2255
1995-02-08,2.69,1.1677
1995-02-09,0.1,1.4652
1995-02-10,0.0,1.5149
1995-02-11,0.0,1.3922
1995-02-12,0.0,1.3438
1995-02-13,0.0,1.2723
1995-02-14,2.0,1.3988
1995-02-15,0.0,1.4492
1995-02-16,0.0,1.5509
1995-02-17,0.0,1.6552
1995-02-18,0.0,1.8371
1995-02-19,0.0,1.9602
1995-02-20,0.0,2.0172
1995-02-21,0.0,2.1026
1995-02-22,0.0,2.0617
1995-02-23,0.0,1.812
1995-02-24,0.0,1.6625
1995-02-25,0.0,1.7505
1995-02-26,0.0,1.7653
1995-02-27,0.0,1.4655
1995-02-28,2.53,1.4109
1995-03-01,2.14,1.7185
1995-03-02,12.04,1.4689
1995-03-03,11.74,1.5131
1995-03-04,2.75,1.7081
1995-03-05,4.13,1.3388
1995-03-06,0.0,2.1061
1995-03-07,0.0,2.2876
1995-03-08,0.0,1.8826
1995-03-09,25.55,1.4053
1995-03-10,32.59,1.3569
1995-03-11,19.77,1.504
1995-03-12,3.75,1.8188
1995-03-13,3.79,1.6523
1995-03-14,3.0,1.883
1995-03-15,5.01,2.1689
1995-03-16,0.0,2.728
1995-03-17,0.0,2.831
1995-03-18,2.61,2.2356
1995-03-19,2.96,2.285
1995-03-20,20.83,1.8153
1995-03-21,18.38,1.8602
1995-03-22,24.53,1.6896
1995-03-23,20.76,1.9259
1995-03-24,3.45,2.1769
1995-03-25,0.0,2.7832
1995-03-26,0.0,2.9877
1995-03-27,0.0,3.1247
1995-03-28,0.0,3.3268
1995-03-29,0.0,3.4525
1995-03-30,0.0,3.5231
1995-03-31,0.0,3.5384
1995-04-01,0.0,3.2777
1995-04-02,0.0,3.5744
1995-04-03,0.0,3.7094
1995-04-04,0.0,3.797
1995-04-05,0.0,3.7065
1995-04-06,0.0,3.0075
1995-04-07,5.62,2.0247
1995-04-08,3.73,2.456
1995-04-09,1.94,3.0062
1995-04-10,0.0,3.5658
1995-04-11,0.0,3.7574
1995-04-12,0.0,3.537
1995-04-13,3.5,2.5668
1995-04-14,0.0,3.1533
1995-04-15,0.0,3.0058
1995-04-16,6.59,2.6554
1995-04-17,0.0,2.9488
1995-04-18,3.68,2.5284
1995-04-19,0.0,3.2249
1995-04-20,3.06,2.3722
1995-04-21,0.0,3.7476
1995-04-22,0.0,4.2692
1995-04-23,0.0,4.5372
1995-04-24,0.0,4.6094
1995-04-25,0.0,4.1392
1995-04-26,0.0,3.8554
1995-04-27,2.66,3.1356
1995-04-28,1.86,2.3994
1995-04-29,4.92,2.0469
1995-04-30,3.2,2.491
1995-05-01,8.82,2.3067
1995-05-02,4.39,2.722
1995-05-03,0.0,4.3616
1995-05-04,0.0,4.092
1995-05-05,0.0,3.3495
1995-05-06,0.0,3.9183
1995-05-07,0.0,4.1074
1995-05-08,0.0,4.1819
1995-05-09,0.0,4.0039
1995-05-10,1.04,3.7537
1995-05-11,0.0,3.9702
1995-05-12,0.0,3.837
1995-05-13,9.8,2.6197
1995-05-14,10.32,2.7464
1995-05-15,6.94,3.285
1995-05-16,6.12,3.5548
1995-05-17,0.0,4.6026
1995-05-18,0.0,5.0005
1995-05-19,0.0,5.2822
1995-05-20,0.0,5.2002
1995-05-21,0.0,3.954
1995-05-22,0.0,3.9047
1995-05-23,0.0,4.7836
1995-05-24,0.0,4.9184
1995-05-25,0.0,4.7766
1995-05-26,0.0,4.8924
1995-05-27,0.0,4.7647
1995-05-28,0.0,5.2715
1995-05-29,0.0,5.6585
1995-05-30,0.0,5.7126
1995-05-31,0.0,5.7902
1995-06-01,0.0,5.3008
1995-06-02,0.0,4.1307
1995-06-03,0.0,4.3593
1995-06-04,0.0,5.0087
1995-06-05,0.0,4.66
1995-06-06,0.0,4.9447
1995-06-07,0.0,4.9161
1995-06-08,0.0,4.9606
1995-06-09,0.0,4.9634
1995-06-10,0.0,4.8835
1995-06-11,0.0,4.5802
1995-06-12,0.0,5.1258
1995-06-13,0.0,5.1503
1995-06-14,2.04,4.4607
1995-06-15,3.54,2.8087
1995-06-16,20.0,3.0058
1995-06-17,0.72,3.9413
1995-06-18,0.0,3.768
1995-06-19,0.0,4.6661
1995-06-20,0.0,5.3384
1995-06-21,0.0,5.7275
1995-06-22,0.0,5.6323
1995-06-23,0.0,5.996
1995-06-24,0.0,6.4237
1995-06-25,0.0,6.4978
1995-06-26,0.0,6.0041
1995-06-27,0.0,5.4539
1995-06-28,0.0,4.9282
1995-06-29,0.0,5.0088
1995-06-30,0.0,4.7175
1995-07-01,0.0,4.6301
1995-07-02,0.0,4.6188
1995-07-03,0.0,4.5402
1995-07-04,0.0,4.9112
1995-07-05,0.0,5.3889
1995-07-06,0.0,5.2716
1995-07-07,0.0,5.2742
1995-07-08,0.0,5.2791
1995-07-09,0.0,5.1202
1995-07-10,0.0,4.8647
1995-07-11,0.0,4.4779
1995-07-12,0.0,4.1512
1995-07-13,0.0,5.1263
1995-07-14,0.0,5.7525
1995-07-15,0.0,6.0561
1995-07-16,0.0,5.8885
1995-07-17,0.0,4.8939
1995-07-18,0.0,4.5763
1995-07-19,0.0,4.6521
1995-07-20,0.0,4.1302
1995-07-21,0.0,4.1008
1995-07-22,0.0,4.3508
1995-07-23,0.0,4.3116
1995-07-24,0.0,4.5026
1995-07-25,0.0,4.5883
1995-07-26,0.0,5.1816
1995-07-27,0.0,5.5545
1995-07-28,0.0,5.3203
1995-07-29,0.0,5.0918
1995-07-30,0.0,5.426
1995-07-31,0.0,5.4559
1995-08-01,0.0,5.1166
1995-08-02,0.0,5.0496
1995-08-03,0.0,4.7568
1995-08-04,0.0,4.5157
1995-08-05,0.0,4.1994
1995-08-06,0.0,4.2543
1995-08-07,0.0,4.2885
1995-08-08,0.0,4.7351
1995-08-09,0.0,4.7218
1995-08-10,0.0,4.2984
1995-08-11,0.0,4.1102
1995-08-12,0.0,4.4873
1995-08-13,0.0,4.7058
1995-08-14,0.0,4.8425
1995-08-15,0.0,4.2987
1995-08-16,0.0,3.9041
1995-08-17,0.0,3.8151
1995-08-18,0.0,4.1483
1995-08-19,0.0,4.5273
1995-08-20,0.0,4.4158
1995-08-21,0.0,4.0657
1995-08-22,0.0,3.8089
1995-08-23,0.0,4.0727
1995-08-24,0.0,3.5944
1995-08-25,0.0,3.3545
1995-08-26,0.0,3.5965
1995-08-27,0.0,3.4883
1995-08-28,0.0,3.4831
1995-08-29,0.0,3.5977
1995-08-30,0.0,3.6333
1995-08-31,0.0,3.5544
1995-09-01,0.0,3.4276
1995-09-02,0.0,3.3315
1995-09-03,0.0,3.3112
1995-09-04,0.0,3.2122
1995-09-05,0.0,3.5939
1995-09-06,0.0,3.7958
1995-09-07,0.0,3.7764
1995-09-08,0.0,3.5012
1995-09-09,0.0,3.1467
1995-09-10,0.0,2.8402
1995-09-11,0.0,2.9556
1995-09-12,0.0,2.9903
1995-09-13,0.0,2.8904
1995-09-14,0.0,2.7425
1995-09-15,0.0,2.6955
1995-09-16,0.0,2.8328
1995-09-17,0.0,2.8452
1995-09-18,0.0,3.1037
1995-09-19,0.0,3.279
1995-09-20,0.0,3.077
1995-09-21,0.0,2.6445
1995-09-22,0.0,2.4207
1995-09-23,0.0,2.4644
1995-09-24,0.0,2.424
1995-09-25,0.0,2.0979
1995-09-26,0.0,2.3897
1995-09-27,0.0,2.379
1995-09-28,0.0,2.2234
1995-09-29,0.0,2.3132
1995-09-30,0.0,2.4014
1995-10-01,0.0,2.4544
1995-10-02,0.0,2.4844
1995-10-03,0.0,2.4275
1995-10-04,0.0,2.3773
1995-10-05,0.0,2.2439
1995-10-06,0.0,2.1588
1995-10-07,0.0,2.0272
1995-10-08,0.0,1.9441
1995-10-09,0.0,1.9491
1995-10-10,0.0,2.0061
1995-10-11,0.0,1.9266
1995-10-12,0.0,1.7458
1995-10-13,0.0,1.8415
1995-10-14,0.0,1.876
1995-10-15,0.0,1.7362
1995-10-16,0.0,1.5012
1995-10-17,0.0,1.6057
1995-10-18,0.0,1.6538
1995-10-19,0.0,1.6374
1995-10-20,0.0,1.5476
1995-10-21,0.0,1.4891
1995-10-22,0.0,1.4103
1995-10-23,0.0,1.361
1995-10-24,0.0,1.3157
1995-10-25,0.0,1.2712
1995-10-26,0.0,1.2459
1995-10-27,0.0,1.2937
1995-10-28,0.0,1.2528
1995-10-29,0.0,1.1939
1995-10-30,0.0,1.1544
1995-10-31,0.0,1.102
1995-11-01,1.16,1.112
1995-11-02,0.0,1.0287
1995-11-03,0.0,1.005
1995-11-04,0.0,0.9743
1995-11-05,0.0,0.9371
1995-11-06,0.0,0.9117
1995-11-07,0.0,0.9103
1995-11-08,0.0,0.9135
1995-11-09,0.0,0.9383
1995-11-10,0.0,0.8281
1995-11-11,0.0,0.835
1995-11-12,0.0,0.7841
1995-11-13,0.0,0.8302
1995-11-14,0.0,0.7835
1995-11-15,0.0,0.8753
1995-11-16,0.0,0.8729
1995-11-17,0.0,0.8512
1995-11-18,0.0,0.8683
1995-11-19,0.0,0.7774
1995-11-20,0.0,0.6719
1995-11-21,0.0,0.7589
1995-11-22,0.0,0.7206
1995-11-23,0.0,0.6123
1995-11-24,0.0,0.5725
1995-11-25,0.0,0.5453
1995-11-26,0.0,0.5167
1995-11-27,0.0,0.5553
1995-11-28,0.0,0.4973
1995-11-29,0.0,0.4657
1995-11-30,0.0,0.4931
1995-12-01,0.0,0.6164
1995-12-02,0.0,0.6072
1995-12-03,0.0,0.5196
1995-12-04,3.8,0.7532
1995-12-05,0.0,0.7516
1995-12-06,0.0,0.727
1995-12-07,0.88,0.7656
1995-12-08,0.0,0.5963
1995-12-09,0.0,0.6638
1995-12-10,0.0,0.6853
1995-12-11,37.35,0.7239
1995-12-12,51.59,0.7438
1995-12-13,12.39,0.6968
1995-12-14,5.75,0.6583
1995-12-15,14.62,0.6951
1995-12-16,8.0,0.6383
1995-12-17,0.0,0.6239
1995-12-18,3.5,0.5941
1995-12-19,2.8,0.6403
1995-12-20,0.0,0.677
1995-12-21,0.0,0.6063
1995-12-22,11.0,0.6189
1995-12-23,3.0,0.6314
1995-12-24,0.0,0.6373
1995-12-25,0.0,0.6303
1995-12-26,0.0,0.6419
1995-12-27,0.0,0.6569
1995-12-28,0.0,0.6824
1995-12-29,6.26,0.68
1995-12-30,10.0,0.7236
1995-12-31,0.0,0.8164
1996-01-01,0.0,0.8013
1996-01-02,0.0,0.8281
1996-01-03,0.0,0.7713
1996-01-04,0.0,0.7696
1996-01-05,0.0,0.7561
1996-01-06,0.0,0.769
1996-01-07,0.0,0.7772
1996-01-08,0.0,0.7729
1996-01-09,0.0,0.7982
1996-01-10,0.0,0.8451
1996-01-11,0.0,0.8322
1996-01-12,0.0,0.7479
1996-01-13,0.0,0.8335
1996-01-14,0.0,0.7332
1996-01-15,0.0,0.8268
1996-01-16,24.81,0.8273
1996-01-17,15.48,0.8026
1996-01-18,11.0,0.7883
1996-01-19,12.51,0.809
1996-01-20,0.0,0.8919
1996-01-21,15.21,0.7975
1996-01-22,2.0,0.8405
1996-01-23,0.0,0.8559
1996-01-24,7.48,0.7673
1996-01-25,15.17,0.8576
1996-01-26,0.0,0.9216
1996-01-27,23.8,0.8678
1996-01-28,6.29,0.8931
1996-01-29,0.0,0.9917
1996-01-30,4.73,0.8565
1996-01-31,28.41,0.8444
1996-02-01,1.34,1.1009
1996-02-02,0.0,1.0932
1996-02-03,6.52,0.9726
1996-02-04,19.23,0.9554
1996-02-05,17.08,1.1269
1996-02-06,0.0,1.488
1996-02-07,0.0,1.4785
1996-02-08,0.0,1.4714
1996-02-09,0.0,1.4698
1996-02-10,0.0,1.574
1996-02-11,0.0,1.7264
1996-02-12,0.0,1.858
1996-02-13,0.0,1.8942
1996-02-14,0.0,1.8628
1996-02-15,0.0,1.7601
1996-02-16,11.23,1.3383
1996-02-17,0.0,1.6704
1996-02-18,3.11,1.5496
1996-02-19,20.27,1.2129
1996-02-20,20.1,1.3388
1996-02-21,22.04,1.3352
1996-02-22,8.12,1.3111
1996-02-23,0.0,1.667
1996-02-24,4.29,1.3724
1996-02-25,3.46,1.3135
1996-02-26,1.28,1.6997
1996-02-27,6.03,1.2991
1996-02-28,2.49,1.4058
1996-02-29,5.73,1.3926
1996-03-01,3.0,1.653
1996-03-02,0.0,2.2958
1996-03-03,0.0,2.1574
1996-03-04,12.36,1.4793
1996-03-05,11.97,1.5362
1996-03-06,0.0,2.1924
1996-03-07,0.0,2.4414
1996-03-08,0.0,2.6622
1996-03-09,0.0,2.7362
1996-03-10,0.0,2.4576
1996-03-11,1.81,2.1547
1996-03-12,26.77,1.6681
1996-03-13,9.05,2.0006
1996-03-14,0.0,2.79
1996-03-15,0.0,2.925
1996-03-16,0.0,3.1163
1996-03-17,0.0,3.2854
1996-03-18,0.0,3.442
1996-03-19,0.0,3.3408
1996-03-20,0.0,3.218
1996-03-21,0.0,3.0629
1996-03-22,0.0,2.5793
1996-03-23,0.0,2.6879
1996-03-24,0.0,2.8357
1996-03-25,0.0,2.4783
1996-03-26,0.0,2.9808
1996-03-27,0.0,3.2832
1996-03-28,4.49,2.273
1996-03-29,0.0,2.8601
1996-03-30,0.0,3.0614
1996-03-31,0.0,3.4556
1996-04-01,12.26,2.5214
1996-04-02,15.88,2.2057
1996-04-03,0.0,3.3456
1996-04-04,0.0,3.5912
1996-04-05,0.0,3.7727
1996-04-06,0.0,3.9812
1996-04-07,0.0,4.0825
1996-04-08,0.0,4.0018
1996-04-09,0.0,2.6305
1996-04-10,0.0,2.8627
1996-04-11,0.0,3.3272
1996-04-12,0.0,3.088
1996-04-13,0.0,3.6518
1996-04-14,0.0,3.9053
1996-04-15,0.0,3.5559
1996-04-16,7.4,2.5569
1996-04-17,2.68,2.6754
1996-04-18,10.62,2.5419
1996-04-19,0.0,3.2225
1996-04-20,2.3,3.0381
1996-04-21,0.0,3.563
1996-04-22,0.0,3.7115
1996-04-23,0.0,4.1281
1996-04-24,0.0,3.8116
1996-04-25,0.0,4.5052
1996-04-26,0.0,4.8604
1996-04-27,0.0,4.6929
1996-04-28,0.0,4.6068
1996-04-29,0.0,5.3437
1996-04-30,0.0,5.5806
1996-05-01,0.0,5.4586
1996-05-02,0.0,5.2162
1996-05-03,0.0,4.9122
1996-05-04,0.0,4.6793
1996-05-05,0.0,4.6722
1996-05-06,0.0,4.3682
1996-05-07,0.0,4.4007
1996-05-08,0.0,4.4214
1996-05-09,0.0,4.4145
1996-05-10,0.0,4.7883
1996-05-11,0.0,5.3474
1996-05-12,0.0,5.504
1996-05-13,0.0,5.3366
1996-05-14,0.0,4.7866
1996-05-15,0.0,3.1143
1996-05-16,27.69,2.2059
1996-05-17,5.03,2.0286
1996-05-18,3.35,2.4593
1996-05-19,0.0,3.9776
1996-05-20,0.0,4.4888
1996-05-21,0.0,4.0419
1996-05-22,0.0,3.6621
1996-05-23,0.0,4.5295
1996-05-24,0.0,4.8256
1996-05-25,0.0,5.232
1996-05-26,0.0,5.1176
1996-05-27,0.0,4.1868
1996-05-28,0.0,4.5749
1996-05-29,0.0,4.1875
1996-05-30,0.0,4.5431
1996-05-31,0.0,4.9273
1996-06-01,0.0,5.6722
1996-06-02,0.0,6.1702
1996-06-03,0.0,6.1062
1996-06-04,0.0,5.7654
1996-06-05,0.0,5.8765
1996-06-06,0.0,5.9398
1996-06-07,0.0,5.5115
1996-06-08,0.0,5.5065
1996-06-09,0.0,5.3239
1996-06-10,0.0,5.2765
1996-06-11,0.0,5.1335
1996-06-12,0.0,4.9788
1996-06-13,0.0,4.7829
1996-06-14,0.0,4.82
1996-06-15,0.0,4.7518
1996-06-16,0.0,4.3254
1996-06-17,0.0,4.7094
1996-06-18,0.0,4.9679
1996-06-19,0.0,5.1187
1996-06-20,0.0,4.9772
1996-06-21,0.0,4.1639
1996-06-22,0.0,4.8853
1996-06-23,0.0,5.0357
1996-06-24,0.0,4.6826
1996-06-25,0.0,3.7
1996-06-26,0.0,3.411
1996-06-27,0.0,3.8579
1996-06-28,0.0,4.7882
1996-06-29,0.0,5.423
1996-06-30,0.0,5.8932
1996-07-01,0.0,5.8973
1996-07-02,0.0,5.6214
1996-07-03,0.0,5.1377
1996-07-04,0.0,4.9524
1996-07-05,0.0,5.0104
1996-07-06,0.0,5.3478
1996-07-07,0.0,5.0617
1996-07-08,0.0,4.6079
1996-07-09,0.0,4.8737
1996-07-10,0.0,4.9184
1996-07-11,0.0,4.8423
1996-07-12,0.0,4.7341
1996-07-13,0.0,4.8033
1996-07-14,0.0,4.8692
1996-07-15,0.0,4.4419
1996-07-16,0.0,4.0663
1996-07-17,0.0,4.0351
1996-07-18,0.0,4.6741
1996-07-19,0.0,5.1245
1996-07-20,0.0,5.5058
1996-07-21,0.0,5.5081
1996-07-22,0.0,5.2018
1996-07-23,0.0,4.5415
1996-07-24,0.0,4.9022
1996-07-25,0.0,4.9644
1996-07-26,0.0,4.8159
1996-07-27,0.0,4.4753
1996-07-28,0.0,4.5571
1996-07-29,0.0,4.8906
1996-07-30,0.0,4.9239
1996-07-31,0.0,5.0296
1996-08-01,0.0,4.8637
1996-08-02,0.0,4.8846
1996-08-03,0.0,4.3993
1996-08-04,0.0,4.1972
1996-08-05,0.0,4.1841
1996-08-06,0.0,3.9949
1996-08-07,0.0,4.1023
1996-08-08,0.0,4.3611
1996-08-09,0.0,4.7478
1996-08-10,0.0,4.9188
1996-08-11,0.0,4.574
1996-08-12,0.0,4.7923
1996-08-13,0.0,4.5745
1996-08-14,0.0,4.5251
1996-08-15,0.0,4.3904
1996-08-16,0.0,4.3409
1996-08-17,0.0,3.8067
1996-08-18,0.0,3.8754
1996-08-19,0.0,3.5459
1996-08-20,0.0,3.6168
1996-08-21,0.0,3.9438
1996-08-22,0.0,4.0244
1996-08-23,0.0,4.0354
1996-08-24,0.0,3.6054
1996-08-25,0.0,3.4032
1996-08-26,0.0,3.1747
1996-08-27,0.0,3.1967
1996-08-28,0.0,3.6667
1996-08-29,0.0,3.9119
1996-08-30,0.0,4.0491
1996-08-31,0.0,3.931
1996-09-01,0.0,3.4375
1996-09-02,0.0,3.337
1996-09-03,0.0,3.0869
1996-09-04,0.0,3.0487
1996-09-05,0.0,3.2008
1996-09-06,0.0,3.4214
1996-09-07,0.0,3.5612
1996-09-08,0.0,3.5493
1996-09-09,0.0,3.5026
1996-09-10,0.0,3.3548
1996-09-11,0.0,2.9266
1996-09-12,0.0,2.6943
1996-09-13,0.0,2.4294
1996-09-14,0.0,2.6445
1996-09-15,0.0,2.3746
1996-09-16,0.0,2.7578
1996-09-17,0.0,2.8745
1996-09-18,0.0,2.9227
1996-09-19,0.0,2.9106
1996-09-20,0.0,2.9858
1996-09-21,0.0,2.8712
1996-09-22,0.0,2.7501
1996-09-23,0.0,2.4162
1996-09-24,0.0,2.3079
1996-09-25,0.0,2.4236
1996-09-26,0.0,2.287
1996-09-27,0.0,2.2861
1996-09-28,0.0,2.2954
1996-09-29,0.0,2.2829
1996-09-30,0.0,1.9595
1996-10-01,0.0,1.9208
1996-10-02,0.0,2.015
1996-10-03,0.0,2.1449
1996-10-04,0.0,2.2119
1996-10-05,0.0,2.2331
1996-10-06,0.0,2.2262
1996-10-07,0.0,2.3388
1996-10-08,0.0,2.2695
1996-10-09,0.0,2.1605
1996-10-10,0.0,1.825
1996-10-11,0.0,1.8175
1996-10-12,0.0,1.7247
1996-10-13,0.0,1.6986
1996-10-14,0.0,1.6952
1996-10-15,0.0,1.6749
1996-10-16,0.0,1.5393
1996-10-17,0.0,1.4958
1996-10-18,0.0,1.4507
1996-10-19,0.0,1.2746
1996-10-20,0.0,1.3137
1996-10-21,0.0,1.3211
1996-10-22,0.0,1.2999
1996-10-23,0.0,1.3091
1996-10-24,0.0,1.2308
1996-10-25,1.83,1.1479
1996-10-26,0.0,1.1246
1996-10-27,0.0,1.1734
1996-10-28,0.0,1.1165
1996-10-29,12.56,1.0352
1996-10-30,5.98,0.8811
1996-10-31,4.7,0.9611
1996-11-01,0.0,1.0479
1996-11-02,0.0,1.0301
1996-11-03,0.0,1.0158
1996-11-04,0.0,0.9868
1996-11-05,0.0,0.9655
1996-11-06,0.0,0.901
1996-11-07,0.0,0.8916
1996-11-08,0.0,0.8678
1996-11-09,0.0,0.8448
1996-11-10,0.0,0.797
1996-11-11,0.0,0.8134
1996-11-12,0.0,0.8077
1996-11-13,0.0,0.8886
1996-11-14,0.0,0.8459
1996-11-15,0.0,0.8112
1996-11-16,0.0,0.8046
1996-11-17,38.34,0.8383
1996-11-18,12.17,0.8222
1996-11-19,7.17,0.821
1996-11-20,7.08,0.871
1996-11-21,0.0,0.8743
1996-11-22,12.17,0.7695
1996-11-23,6.77,0.7337
1996-11-24,0.0,0.8565
1996-11-25,0.0,0.878
1996-11-26,0.0,0.8595
1996-11-27,0.0,0.8246
1996-11-28,0.0,0.8226
1996-11-29,0.0,0.7584
1996-11-30,0.0,0.7148
1996-12-01,4.48,0.7386
1996-12-02,0.0,0.6651
1996-12-03,0.0,0.6545
1996-12-04,0.0,0.7046
1996-12-05,26.45,0.7126
1996-12-06,2.27,0.7186
1996-12-07,0.0,0.755
1996-12-08,0.0,0.7767
1996-12-09,4.22,0.726
1996-12-10,33.87,0.712
1996-12-11,5.25,0.7493
1996-12-12,6.55,0.7584
1996-12-13,7.32,0.7428
1996-12-14,0.0,0.7071
1996-12-15,0.0,0.6782
1996-12-16,0.0,0.6533
1996-12-17,0.0,0.6835
1996-12-18,0.0,0.6594
1996-12-19,0.0,0.6079
1996-12-20,0.0,0.5988
1996-12-21,38.6,0.6307
1996-12-22,21.36,0.629
1996-12-23,16.43,0.6493
1996-12-24,0.0,0.6208
1996-12-25,0.0,0.6224
1996-12-26,3.88,0.67
1996-12-27,11.49,0.6992
1996-12-28,2.88,0.7059
1996-12-29,8.76,0.7177
1996-12-30,7.67,0.7245
1996-12-31,8.21,0.7282
1997-01-01,27.3,0.7473
1997-01-02,38.2,0.7657
1997-01-03,8.52,0.7299
1997-01-04,0.0,0.7036
1997-01-05,5.38,0.6551
1997-01-06,0.0,0.7146
1997-01-07,0.0,0.7153
1997-01-08,0.0,0.7292
1997-01-09,0.0,0.756
1997-01-10,0.0,0.7447
1997-01-11,0.0,0.7535
1997-01-12,5.74,0.678
1997-01-13,0.0,0.6527
1997-01-14,0.0,0.6241
1997-01-15,10.37,0.6538
1997-01-16,0.0,0.7179
1997-01-17,0.0,0.7624
1997-01-18,0.0,0.7719
1997-01-19,0.0,0.7957
1997-01-20,10.75,0.8256
1997-01-21,6.01,0.8559
1997-01-22,19.0,0.8496
1997-01-23,19.5,0.8717
1997-01-24,6.68,0.8114
1997-01-25,29.03,0.9385
1997-01-26,21.3,0.8648
1997-01-27,2.64,0.9794
1997-01-28,0.0,1.1554
1997-01-29,0.0,1.2418
1997-01-30,0.0,1.2427
1997-01-31,0.0,1.1906
1997-02-01,0.0,1.1894
1997-02-02,0.0,1.2375
1997-02-03,0.0,1.216
1997-02-04,2.53,1.0736
1997-02-05,0.0,1.2785
1997-02-06,0.0,1.3266
1997-02-07,0.0,1.3708
1997-02-08,0.0,1.3719
1997-02-09,0.0,1.3452
1997-02-10,0.0,1.4193
1997-02-11,0.0,1.457
1997-02-12,0.0,1.4585
1997-02-13,0.0,1.5891
1997-02-14,0.0,1.7536
1997-02-15,0.0,1.8388
1997-02-16,0.0,1.9004
1997-02-17,4.11,1.4435
1997-02-18,0.0,1.7426
1997-02-19,0.0,1.7828
1997-02-20,0.0,1.7254
1997-02-21,0.0,1.8101
1997-02-22,0.0,1.8646
1997-02-23,0.0,1.8475
1997-02-24,0.0,1.8033
1997-02-25,0.0,1.9768
1997-02-26,0.0,2.0299
1997-02-27,0.0,1.8229
1997-02-28,0.0,1.9062
1997-03-01,0.0,1.8907
1997-03-02,2.29,1.5383
1997-03-03,0.81,1.723
1997-03-04,0.0,1.961
1997-03-05,0.0,2.16
1997-03-06,0.0,2.185
1997-03-07,0.0,2.2337
1997-03-08,0.0,2.3536
1997-03-09,0.0,2.5353
1997-03-10,0.0,2.7737
1997-03-11,0.0,2.7068
1997-03-12,0.0,2.4974
1997-03-13,0.0,2.488
1997-03-14,0.0,2.6925
1997-03-15,0.0,2.6561
1997-03-16,2.11,1.973
1997-03-17,3.67,1.8874
1997-03-18,0.0,2.8233
1997-03-19,0.0,3.1205
1997-03-20,0.0,3.0516
1997-03-21,0.0,2.8313
1997-03-22,0.0,2.9463
1997-03-23,0.0,2.9152
1997-03-24,0.0,3.2313
1997-03-25,0.0,3.4495
1997-03-26,0.0,3.3516
1997-03-27,0.0,3.0584
1997-03-28,0.0,3.0993
1997-03-29,0.0,3.3312
1997-03-30,0.0,3.234
1997-03-31,0.0,2.7119
1997-04-01,0.0,2.7069
1997-04-02,0.0,2.8274
1997-04-03,0.0,3.3926
1997-04-04,0.0,3.491
1997-04-05,0.0,3.3666
1997-04-06,0.0,3.0194
1997-04-07,0.0,3.2089
1997-04-08,0.0,3.2209
1997-04-09,0.0,3.1693
1997-04-10,0.0,3.3029
1997-04-11,0.0,3.5498
1997-04-12,0.0,3.5889
1997-04-13,0.0,3.375
1997-04-14,0.0,3.7268
1997-04-15,0.0,4.1926
1997-04-16,0.0,4.1763
1997-04-17,0.0,3.8964
1997-04-18,0.0,3.8246
1997-04-19,9.79,2.655
1997-04-20,0.0,3.2535
1997-04-21,0.0,3.1625
1997-04-22,0.0,3.5463
1997-04-23,0.91,3.6017
1997-04-24,0.0,3.647
1997-04-25,0.0,4.2586
1997-04-26,0.0,4.5181
1997-04-27,0.0,3.9043
1997-04-28,0.0,3.1708
1997-04-29,0.0,3.2981
1997-04-30,0.0,3.9167
1997-05-01,0.0,3.9314
1997-05-02,0.0,3.8762
1997-05-03,0.0,3.8416
1997-05-04,0.0,4.2725
1997-05-05,0.0,4.3443
1997-05-06,0.0,4.3966
1997-05-07,0.0,4.5894
1997-05-08,0.0,4.5414
1997-05-09,0.0,4.5881
1997-05-10,0.0,4.6372
1997-05-11,0.0,4.3307
1997-05-12,0.0,4.7004
1997-05-13,0.0,4.9292
1997-05-14,0.0,4.7037
1997-05-15,0.0,4.8776
1997-05-16,0.0,5.372
1997-05-17,0.0,5.6059
1997-05-18,0.0,5.5931
1997-05-19,0.0,5.1345
1997-05-20,0.0,4.5881
1997-05-21,0.0,4.4628
1997-05-22,0.0,4.6769
1997-05-23,6.41,3.1282
1997-05-24,8.53,2.94
1997-05-25,0.0,4.2687
1997-05-26,0.0,4.3853
1997-05-27,0.0,4.3156
1997-05-28,0.0,4.5288
1997-05-29,0.0,4.5555
1997-05-30,0.0,4.9162
1997-05-31,0.0,4.9917
1997-06-01,0.0,4.7248
1997-06-02,0.0,4.7554
1997-06-03,3.26,3.5082
1997-06-04,6.72,2.6103
1997-06-05,0.0,4.2638
1997-06-06,0.0,4.9707
1997-06-07,0.0,5.0551
1997-06-08,0.0,4.9359
1997-06-09,0.0,4.7659
1997-06-10,0.0,4.6237
1997-06-11,0.0,4.5906
1997-06-12,0.0,4.3741
1997-06-13,0.0,4.7542
1997-06-14,0.0,4.8226
1997-06-15,0.0,5.0061
1997-06-16,0.0,5.3019
1997-06-17,0.0,5.3794
1997-06-18,0.0,5.3196
1997-06-19,0.0,5.4608
1997-06-20,0.0,5.3071
1997-06-21,0.0,4.8033
1997-06-22,0.0,4.7939
1997-06-23,0.0,5.1325
1997-06-24,0.0,5.5393
1997-06-25,0.0,5.7255
1997-06-26,0.0,5.3963
1997-06-27,0.0,4.7614
1997-06-28,0.0,4.1757
1997-06-29,0.0,4.2109
1997-06-30,2.0,4.131
1997-07-01,0.0,4.8285
1997-07-02,0.0,5.2746
1997-07-03,0.0,5.2425
1997-07-04,0.0,5.0035
1997-07-05,0.0,4.7062
1997-07-06,0.0,4.8497
1997-07-07,0.0,5.3887
1997-07-08,0.0,5.4834
1997-07-09,0.0,5.3048
1997-07-10,0.0,5.0921
1997-07-11,0.0,4.925
1997-07-12,0.0,4.9635
1997-07-13,0.0,4.7797
1997-07-14,0.0,4.6613
1997-07-15,0.0,4.9275
1997-07-16,0.0,4.7171
1997-07-17,0.0,4.4913
1997-07-18,0.0,4.892
1997-07-19,0.0,4.7906
1997-07-20,0.0,4.5774
1997-07-21,0.0,4.8057
1997-07-22,0.0,4.8489
1997-07-23,0.0,4.449
1997-07-24,0.0,4.7245
1997-07-25,0.0,4.9231
1997-07-26,0.0,4.8295
1997-07-27,0.0,4.5979
1997-07-28,0.0,4.4065
1997-07-29,0.0,4.338
1997-07-30,0.0,4.2024
1997-07-31,0.0,4.3268
1997-08-01,0.0,4.5262
1997-08-02,0.0,4.5978
1997-08-03,0.0,4.5955
1997-08-04,0.0,4.935
1997-08-05,0.0,5.1771
1997-08-06,0.0,5.141
1997-08-07,0.0,5.0801
1997-08-08,0.0,4.7897
1997-08-09,0.0,4.3647
1997-08-10,0.0,3.4686
1997-08-11,0.0,3.4859
1997-08-12,0.0,3.9657
1997-08-13,0.0,3.9967
1997-08-14,0.0,4.3074
1997-08-15,0.0,4.0918
1997-08-16,0.0,3.8432
1997-08-17,0.0,3.7029
1997-08-18,0.0,3.6163
1997-08-19,0.95,3.4109
1997-08-20,14.54,2.8396
1997-08-21,0.0,3.8895
1997-08-22,0.0,3.9772
1997-08-23,0.0,3.5665
1997-08-24,0.0,3.5631
1997-08-25,0.0,3.7104
1997-08-26,0.0,3.7273
1997-08-27,0.0,3.5754
1997-08-28,0.0,3.601
1997-08-29,0.0,3.5085
1997-08-30,0.0,3.521
1997-08-31,0.0,3.47
1997-09-01,0.0,3.5859
1997-09-02,0.0,3.5985
1997-09-03,0.0,3.6775
1997-09-04,0.0,3.9793
1997-09-05,0.0,3.9406
1997-09-06,0.0,3.727
1997-09-07,0.0,3.571
1997-09-08,0.0,3.5153
1997-09-09,0.0,3.4623
1997-09-10,0.0,3.0849
1997-09-11,0.0,3.2002
1997-09-12,0.0,3.1708
1997-09-13,0.0,3.044
1997-09-14,0.0,2.9797
1997-09-15,0.0,2.9318
1997-09-16,0.0,2.9933
1997-09-17,0.0,2.9852
1997-09-18,0.0,2.8082
1997-09-19,0.0,2.952
1997-09-20,0.0,3.0855
1997-09-21,0.0,3.0666
1997-09-22,0.0,2.9687
1997-09-23,0.0,3.0485
1997-09-24,0.0,3.1147
1997-09-25,0.0,2.9264
1997-09-26,0.0,2.4857
1997-09-27,0.0,2.5449
1997-09-28,0.0,2.7541
1997-09-29,0.0,2.737
1997-09-30,0.0,2.5862
1997-10-01,0.0,2.3328
1997-10-02,2.63,1.9929
1997-10-03,0.0,2.1512
1997-10-04,0.0,2.079
1997-10-05,0.0,2.085
1997-10-06,0.0,1.9698
1997-10-07,0.0,1.7561
1997-10-08,0.0,1.7831
1997-10-09,13.83,1.4138
1997-10-10,0.0,1.6268
1997-10-11,0.0,1.6364
1997-10-12,0.0,1.7114
1997-10-13,0.0,1.7731
1997-10-14,0.0,1.8207
1997-10-15,0.0,1.8253
1997-10-16,0.0,1.768
1997-10-17,0.0,1.7134
1997-10-18,0.0,1.6325
1997-10-19,0.0,1.5517
1997-10-20,0.0,1.4807
1997-10-21,0.0,1.515
1997-10-22,0.0,1.5024
1997-10-23,0.0,1.4509
1997-10-24,0.0,1.4086
1997-10-25,0.0,1.3881
1997-10-26,0.0,1.314
1997-10-27,0.0,1.3485
1997-10-28,0.0,1.2815
1997-10-29,0.0,1.2877
1997-10-30,0.0,1.3367
1997-10-31,0.0,1.3464
1997-11-01,0.0,1.2805
1997-11-02,0.0,1.2017
1997-11-03,0.0,1.181
1997-11-04,0.0,1.277
1997-11-05,0.0,1.1278
1997-11-06,0.0,1.1582
1997-11-07,0.0,1.0972
1997-11-08,0.0,1.0066
1997-11-09,0.0,0.9844
1997-11-10,8.94,0.951
1997-11-11,9.29,0.8648
1997-11-12,0.0,0.9945
1997-11-13,5.76,0.8971
1997-11-14,8.1,0.897
1997-11-15,12.7,0.8662
1997-11-16,8.93,0.8505
1997-11-17,3.42,0.9007
1997-11-18,0.0,0.9287
1997-11-19,7.45,0.8291
1997-11-20,1.66,0.8881
1997-11-21,0.0,0.8901
1997-11-22,0.0,0.929
1997-11-23,2.0,0.9934
1997-11-24,0.0,0.9532
1997-11-25,10.45,0.8413
1997-11-26,46.28,0.7922
1997-11-27,14.5,0.7326
1997-11-28,0.0,0.7864
1997-11-29,0.0,0.8003
1997-11-30,23.95,0.7136
1997-12-01,0.0,0.7477
1997-12-02,0.0,0.731
1997-12-03,0.0,0.7567
1997-12-04,0.0,0.7645
1997-12-05,4.06,0.759
1997-12-06,1.0,0.7681
1997-12-07,14.24,0.7047
1997-12-08,22.8,0.6652
1997-12-09,0.0,0.6387
1997-12-10,0.0,0.6561
1997-12-11,0.0,0.6666
1997-12-12,0.0,0.6258
1997-12-13,0.0,0.6438
1997-12-14,14.17,0.6773
1997-12-15,3.48,0.624
1997-12-16,0.0,0.6545
1997-12-17,0.0,0.7102
1997-12-18,0.0,0.6963
1997-12-19,0.0,0.6651
1997-12-20,0.0,0.6283
1997-12-21,0.0,0.6235
1997-12-22,0.0,0.6409
1997-12-23,0.0,0.5656
1997-12-24,0.0,0.6184
1997-12-25,0.0,0.622
1997-12-26,0.0,0.5534
1997-12-27,0.0,0.5567
1997-12-28,0.0,0.6192
1997-12-29,0.0,0.674
1997-12-30,0.0,0.6885
1997-12-31,0.0,0.7274
1998-01-01,0.0,0.7312
1998-01-02,12.54,0.7468
1998-01-03,6.64,0.7126
1998-01-04,15.96,0.6865
1998-01-05,4.02,0.625
1998-01-06,0.0,0.6719
1998-01-07,4.84,0.664
1998-01-08,0.0,0.6941
1998-01-09,1.77,0.7113
1998-01-10,9.15,0.7148
1998-01-11,8.67,0.7216
1998-01-12,28.44,0.7542
1998-01-13,10.17,0.7611
1998-01-14,5.1,0.7412
1998-01-15,16.15,0.7852
1998-01-16,10.42,0.8322
1998-01-17,2.77,0.9589
1998-01-18,27.22,0.9171
1998-01-19,20.04,0.8336
1998-01-20,2.42,0.8199
1998-01-21,0.0,0.8692
1998-01-22,0.0,0.9138
1998-01-23,0.0,0.9607
1998-01-24,0.0,1.0464
1998-01-25,0.0,1.0644
1998-01-26,0.0,1.0082
1998-01-27,7.05,0.9568
1998-01-28,0.0,1.1662
1998-01-29,24.99,1.0284
1998-01-30,0.0,1.1187
1998-01-31,2.38,1.1157
1998-02-01,5.69,1.0326
1998-02-02,24.39,0.9672
1998-02-03,76.04,1.0272
1998-02-04,9.97,1.0521
1998-02-05,5.29,1.0171
1998-02-06,21.18,1.0475
1998-02-07,24.64,0.9639
1998-02-08,24.38,1.0161
1998-02-09,12.49,1.0732
1998-02-10,4.76,1.1022
1998-02-11,3.09,1.1664
1998-02-12,7.18,1.1223
1998-02-13,3.13,1.2007
1998-02-14,15.08,1.2022
1998-02-15,6.16,1.2126
1998-02-16,3.59,1.2781
1998-02-17,7.32,1.1836
1998-02-18,0.0,1.6318
1998-02-19,10.57,1.2514
1998-02-20,7.75,1.2809
1998-02-21,16.31,1.2083
1998-02-22,14.55,1.3715
1998-02-23,8.05,1.3581
1998-02-24,0.0,1.7398
1998-02-25,0.0,1.7479
1998-02-26,0.0,1.8013
1998-02-27,0.0,1.8612
1998-02-28,0.0,2.0339
1998-03-01,0.0,2.0443
1998-03-02,0.0,2.1339
1998-03-03,0.0,2.143
1998-03-04,0.0,2.1114
1998-03-05,6.69,1.6077
1998-03-06,6.74,1.6041
1998-03-07,3.22,1.7734
1998-03-08,4.81,1.7232
1998-03-09,0.0,2.4232
1998-03-10,0.0,2.6596
1998-03-11,0.0,2.7948
1998-03-12,0.0,2.6998
1998-03-13,18.85,1.8491
1998-03-14,0.0,2.6771
1998-03-15,0.0,2.8095
1998-03-16,1.37,2.6431
1998-03-17,0.0,2.7975
1998-03-18,0.0,3.0322
1998-03-19,0.0,2.9689
1998-03-20,0.0,2.4789
1998-03-21,0.0,2.2886
1998-03-22,0.61,2.6915
1998-03-23,8.01,2.3909
1998-03-24,15.56,2.3202
1998-03-25,5.07,2.4211
1998-03-26,0.0,2.5073
1998-03-27,1.2,2.371
1998-03-28,4.1,2.0928
1998-03-29,1.81,2.8455
1998-03-30,0.0,3.0768
1998-03-31,8.06,2.1108
1998-04-01,4.76,1.8549
1998-04-02,0.0,2.4288
1998-04-03,10.97,2.0487
1998-04-04,8.21,2.0424
1998-04-05,0.0,2.808
1998-04-06,2.0,2.8018
1998-04-07,4.77,2.2569
1998-04-08,0.0,3.05
1998-04-09,0.0,3.2801
1998-04-10,0.0,3.1563
1998-04-11,2.08,3.057
1998-04-12,2.2,3.0436
1998-04-13,13.14,2.2931
1998-04-14,2.95,2.4711
1998-04-15,0.0,3.3786
1998-04-16,0.0,3.8393
1998-04-17,0.0,3.9827
1998-04-18,0.0,4.0985
1998-04-19,0.0,4.2106
1998-04-20,0.0,4.5168
1998-04-21,0.0,4.9106
1998-04-22,0.0,4.8784
1998-04-23,0.0,3.8448
1998-04-24,0.0,3.1576
1998-04-25,0.0,3.9647
1998-04-26,0.0,4.5178
1998-04-27,0.0,4.8394
1998-04-28,0.0,4.965
1998-04-29,0.0,4.9077
1998-04-30,0.0,4.784
1998-05-01,0.0,3.5815
1998-05-02,2.01,3.1056
1998-05-03,0.03,4.0953
1998-05-04,6.19,3.0491
1998-05-05,8.5,2.6206
1998-05-06,8.49,2.1939
1998-05-07,2.03,2.6082
1998-05-08,1.51,2.3968
1998-05-09,0.0,3.1742
1998-05-10,0.0,3.744
1998-05-11,4.59,2.8547
1998-05-12,8.73,2.0218
1998-05-13,6.24,2.5064
1998-05-14,0.0,3.0024
1998-05-15,0.0,3.9888
1998-05-16,0.0,3.8993
1998-05-17,0.0,4.29
1998-05-18,0.0,4.7001
1998-05-19,0.0,4.5083
1998-05-20,0.0,4.385
1998-05-21,0.0,4.27
1998-05-22,0.0,4.6715
1998-05-23,0.0,4.4254
1998-05-24,0.0,4.682
1998-05-25,0.0,4.4683
1998-05-26,2.74,3.5471
1998-05-27,5.56,3.148
1998-05-28,11.87,2.4843
1998-05-29,11.07,2.7104
1998-05-30,0.0,4.7214
1998-05-31,0.0,5.1915
1998-06-01,0.0,4.8661
1998-06-02,0.0,4.5754
1998-06-03,0.0,3.9365
1998-06-04,0.0,4.2905
1998-06-05,0.0,4.8121
1998-06-06,0.0,4.7132
1998-06-07,1.28,2.9566
1998-06-08,1.0,4.0893
1998-06-09,0.0,4.9919
1998-06-10,0.0,4.5448
1998-06-11,0.0,3.9142
1998-06-12,0.0,4.706
1998-06-13,0.0,4.9333
1998-06-14,0.0,5.8481
1998-06-15,0.0,6.3008
1998-06-16,0.0,6.3487
1998-06-17,0.0,5.8983
1998-06-18,0.0,5.9427
1998-06-19,0.0,5.7556
1998-06-20,0.0,5.3814
1998-06-21,0.0,5.1271
1998-06-22,0.0,4.9883
1998-06-23,0.0,4.6655
1998-06-24,0.0,4.2757
1998-06-25,0.0,4.0271
1998-06-26,0.0,5.2216
1998-06-27,0.0,5.8144
1998-06-28,0.0,5.605
1998-06-29,0.0,4.977
1998-06-30,0.0,4.7582
1998-07-01,0.0,4.4534
1998-07-02,0.0,4.6065
1998-07-03,0.0,4.9174
1998-07-04,0.0,5.2905
1998-07-05,0.0,5.3826
1998-07-06,0.0,5.5826
1998-07-07,0.0,5.8832
1998-07-08,0.0,5.515
1998-07-09,0.0,4.8714
1998-07-10,0.0,4.6109
1998-07-11,0.0,4.8657
1998-07-12,0.0,5.4327
1998-07-13,0.0,5.2942
1998-07-14,0.0,5.1921
1998-07-15,0.0,5.7246
1998-07-16,0.0,5.8381
1998-07-17,0.0,5.6767
1998-07-18,0.0,5.8742
1998-07-19,0.0,5.9097
1998-07-20,0.0,5.2909
1998-07-21,0.0,4.4883
1998-07-22,0.0,4.3798
1998-07-23,0.0,4.4881
1998-07-24,0.0,4.5007
1998-07-25,0.0,4.7291
1998-07-26,0.0,4.9363
1998-07-27,0.0,4.9817
1998-07-28,0.0,4.8506
1998-07-29,0.0,4.2598
1998-07-30,0.0,3.6939
1998-07-31,0.0,4.0031
1998-08-01,0.0,4.9591
1998-08-02,0.0,5.3738
1998-08-03,0.0,5.5277
1998-08-04,0.0,5.5826
1998-08-05,0.0,5.2492
1998-08-06,0.0,4.6797
1998-08-07,0.0,4.4357
1998-08-08,0.0,3.9632
1998-08-09,0.0,4.1639
1998-08-10,0.0,4.6819
1998-08-11,0.0,4.8561
1998-08-12,0.0,4.8967
1998-08-13,0.0,4.7204
1998-08-14,0.0,4.4439
1998-08-15,0.0,4.103
1998-08-16,0.0,4.1241
1998-08-17,0.0,3.5655
1998-08-18,0.0,3.1863
1998-08-19,0.0,3.2692
1998-08-20,0.0,3.3024
1998-08-21,0.0,3.8305
1998-08-22,0.0,4.0278
1998-08-23,0.0,4.1271
1998-08-24,0.0,4.1176
1998-08-25,0.0,3.8303
1998-08-26,0.0,3.6304
1998-08-27,0.0,3.9258
1998-08-28,0.0,3.9912
1998-08-29,0.0,3.9661
1998-08-30,0.0,3.8856
1998-08-31,0.0,4.0459
1998-09-01,0.0,3.889
1998-09-02,0.0,4.0308
1998-09-03,0.0,3.9127
1998-09-04,0.0,3.7514
1998-09-05,0.0,3.3524
1998-09-06,0.0,3.4729
1998-09-07,0.0,3.653
1998-09-08,0.0,3.4171
1998-09-09,0.0,2.6067
1998-09-10,0.0,3.0309
1998-09-11,0.0,3.2064
1998-09-12,0.0,3.3818
1998-09-13,0.0,3.4229
1998-09-14,0.0,3.1842
1998-09-15,0.0,2.5705
1998-09-16,0.0,2.8945
1998-09-17,0.0,2.7733
1998-09-18,0.0,2.5974
1998-09-19,0.0,2.7342
1998-09-20,0.0,2.684
1998-09-21,0.0,2.5334
1998-09-22,0.0,2.2654
1998-09-23,0.0,2.2839
1998-09-24,0.0,2.1764
1998-09-25,0.0,2.065
1998-09-26,0.0,1.6752
1998-09-27,2.1,1.6488
1998-09-28,0.0,1.8944
1998-09-29,0.0,2.0307
1998-09-30,0.0,1.7758
1998-10-01,0.0,1.8925
1998-10-02,0.0,1.855
1998-10-03,0.0,1.9502
1998-10-04,0.0,2.1276
1998-10-05,0.0,2.2626
1998-10-06,0.0,2.2692
1998-10-07,0.0,2.1773
1998-10-08,0.0,1.9347
1998-10-09,0.0,1.8702
1998-10-10,0.0,1.8852
1998-10-11,0.0,1.886
1998-10-12,0.0,1.8531
1998-10-13,0.0,1.7678
1998-10-14,0.0,1.7148
1998-10-15,0.0,1.6946
1998-10-16,0.0,1.6373
1998-10-17,0.0,1.6573
1998-10-18,0.0,1.5977
1998-10-19,0.0,1.6001
1998-10-20,0.0,1.6137
1998-10-21,0.0,1.5962
1998-10-22,0.0,1.5039
1998-10-23,0.0,1.3808
1998-10-24,12.89,1.2414
1998-10-25,0.0,1.2477
1998-10-26,0.0,1.2873
1998-10-27,0.0,1.2381
1998-10-28,0.0,1.147
1998-10-29,0.0,1.1168
1998-10-30,0.0,1.1155
1998-10-31,0.0,1.0923
1998-11-01,0.0,1.0734
1998-11-02,0.0,1.0229
1998-11-03,0.0,1.0047
1998-11-04,0.0,1.0235
1998-11-05,0.0,1.0043
1998-11-06,0.0,0.9191
1998-11-07,9.88,0.8405
1998-11-08,5.81,0.8763
1998-11-09,3.47,0.9027
1998-11-10,5.66,0.8355
1998-11-11,2.85,0.8276
1998-11-12,0.0,0.9394
1998-11-13,0.0,0.9488
1998-11-14,0.0,0.9283
1998-11-15,0.0,0.968
1998-11-16,0.0,0.9877
1998-11-17,2.63,0.9212
1998-11-18,0.0,0.8851
1998-11-19,0.0,0.8594
1998-11-20,0.0,0.8113
1998-11-21,0.0,0.8982
1998-11-22,4.44,0.8942
1998-11-23,5.52,0.8566
1998-11-24,6.94,0.8074
1998-11-25,0.0,0.8328
1998-11-26,0.0,0.8569
1998-11-27,7.0,0.8024
1998-11-28,11.38,0.7167
1998-11-29,6.44,0.7197
1998-11-30,17.82,0.751
1998-12-01,13.52,0.73
1998-12-02,4.82,0.7376
1998-12-03,9.3,0.7208
1998-12-04,0.0,0.637
1998-12-05,0.0,0.6091
1998-12-06,8.25,0.6105
1998-12-07,0.0,0.5882
1998-12-08,0.0,0.6467
1998-12-09,0.0,0.6306
1998-12-10,0.0,0.6268
1998-12-11,0.0,0.65
1998-12-12,0.0,0.6595
1998-12-13,4.77,0.6922
1998-12-14,0.0,0.6963
1998-12-15,0.0,0.6673
1998-12-16,0.0,0.707
1998-12-17,0.0,0.6803
1998-12-18,0.0,0.6765
1998-12-19,0.0,0.6208
1998-12-20,2.92,0.5522
1998-12-21,0.0,0.4924
1998-12-22,0.0,0.4952
1998-12-23,0.0,0.4957
1998-12-24,0.0,0.4924
1998-12-25,0.0,0.5315
1998-12-26,0.0,0.5662
1998-12-27,0.0,0.6125
1998-12-28,0.0,0.6228
1998-12-29,0.0,0.6242
1998-12-30,0.0,0.63
1998-12-31,0.0,0.7173
1999-01-01,0.0,0.6781
1999-01-02,0.0,0.6468
1999-01-03,0.0,0.743
1999-01-04,0.0,0.6937
1999-01-05,0.0,0.6709
1999-01-06,0.0,0.6645
1999-01-07,0.0,0.6591
1999-01-08,0.0,0.656
1999-01-09,0.0,0.629
1999-01-10,0.0,0.6253
1999-01-11,0.0,0.6909
1999-01-12,0.0,0.7553
1999-01-13,0.0,0.7877
1999-01-14,0.0,0.7964
1999-01-15,2.79,0.8133
1999-01-16,7.69,0.7952
1999-01-17,1.28,0.8664
1999-01-18,15.42,0.75
1999-01-19,20.35,0.7897
1999-01-20,21.73,0.762
1999-01-21,6.16,0.7884
1999-01-22,0.0,0.8942
1999-01-23,13.51,0.8114
1999-01-24,1.98,0.8086
1999-01-25,0.0,0.8712
1999-01-26,8.1,0.7806
1999-01-27,2.04,0.8764
1999-01-28,0.0,0.9669
1999-01-29,0.0,1.0129
1999-01-30,0.0,1.0259
1999-01-31,14.0,0.9065
1999-02-01,0.0,1.0045
1999-02-02,0.0,1.0982
1999-02-03,0.0,1.1758
1999-02-04,0.0,1.2036
1999-02-05,0.0,1.1438
1999-02-06,10.37,0.9601
1999-02-07,25.51,0.9384
1999-02-08,17.2,1.0021
1999-02-09,24.73,1.0981
1999-02-10,5.6,1.0296
1999-02-11,0.0,1.2742
1999-02-12,0.0,1.3618
1999-02-13,0.0,1.4798
1999-02-14,3.9,1.1729
1999-02-15,0.0,1.4117
1999-02-16,6.97,1.192
1999-02-17,19.48,1.2874
1999-02-18,2.97,1.4121
1999-02-19,3.02,1.5541
1999-02-20,10.18,1.3186
1999-02-21,12.31,1.2534
1999-02-22,6.61,1.3076
1999-02-23,0.0,1.8108
1999-02-24,0.0,1.8229
1999-02-25,7.87,1.3526
1999-02-26,0.0,1.77
1999-02-27,0.0,1.9956
1999-02-28,0.0,2.1256
1999-03-01,0.0,1.9611
1999-03-02,0.0,2.2073
1999-03-03,4.35,1.7557
1999-03-04,0.0,1.8684
1999-03-05,0.0,2.0044
1999-03-06,0.0,1.9162
1999-03-07,0.0,2.023
1999-03-08,0.0,1.8037
1999-03-09,12.66,1.4499
1999-03-10,0.0,1.9695
1999-03-11,0.0,2.1331
1999-03-12,0.0,2.3696
1999-03-13,0.0,2.4308
1999-03-14,7.7,1.7411
1999-03-15,12.7,1.7468
1999-03-16,0.0,2.2013
1999-03-17,0.0,2.3775
1999-03-18,0.0,2.4796
1999-03-19,0.0,2.0888
1999-03-20,2.91,1.928
1999-03-21,4.99,2.0513
1999-03-22,0.0,2.6198
1999-03-23,4.12,2.0039
1999-03-24,0.0,2.3189
1999-03-25,8.79,1.8719
1999-03-26,0.0,2.8017
1999-03-27,0.0,2.8598
1999-03-28,0.0,2.9971
1999-03-29,0.0,3.0585
1999-03-30,0.0,2.815
1999-03-31,6.56,2.118
1999-04-01,0.0,2.8624
1999-04-02,0.0,3.1859
1999-04-03,0.0,2.8108
1999-04-04,0.0,2.944
1999-04-05,6.77,2.2684
1999-04-06,10.0,2.1303
1999-04-07,0.0,2.5546
1999-04-08,9.87,1.8479
1999-04-09,4.46,2.3112
1999-04-10,0.0,2.9275
1999-04-11,12.29,2.0676
1999-04-12,1.66,3.6028
1999-04-13,0.0,3.9177
1999-04-14,0.0,4.44
1999-04-15,0.0,4.6979
1999-04-16,0.0,4.859
1999-04-17,0.0,4.8398
1999-04-18,0.0,4.6381
1999-04-19,0.0,4.2833
1999-04-20,0.0,4.1219
1999-04-21,0.0,3.7729
1999-04-22,0.0,3.9584
1999-04-23,0.0,4.3983
1999-04-24,0.0,4.437
1999-04-25,0.0,3.8482
1999-04-26,0.0,3.517
1999-04-27,0.0,3.5545
1999-04-28,0.0,3.4878
1999-04-29,0.0,3.9617
1999-04-30,0.0,4.5056
1999-05-01,0.0,4.1227
1999-05-02,0.02,3.6589
1999-05-03,1.64,2.8717
1999-05-04,0.0,3.407
1999-05-05,0.0,4.5307
1999-05-06,0.0,4.7039
1999-05-07,0.0,4.4426
1999-05-08,0.0,4.3143
1999-05-09,0.0,4.1011
1999-05-10,0.0,4.3343
1999-05-11,0.0,4.5775
1999-05-12,0.0,4.4033
1999-05-13,0.0,4.3248
1999-05-14,0.0,3.9125
1999-05-15,0.0,4.1954
1999-05-16,0.0,4.5223
1999-05-17,0.0,4.6612
1999-05-18,0.0,4.3062
1999-05-19,0.0,3.9791
1999-05-20,0.0,3.5852
1999-05-21,0.0,4.8338
1999-05-22,0.0,5.329
1999-05-23,0.0,5.0032
1999-05-24,0.0,4.4812
1999-05-25,0.0,4.9053
1999-05-26,0.0,4.9843
1999-05-27,0.0,4.5253
1999-05-28,0.0,4.2236
1999-05-29,0.0,3.826
1999-05-30,0.0,4.0984
1999-05-31,0.0,4.2473
1999-06-01,0.0,3.8606
1999-06-02,0.0,3.7195
1999-06-03,1.78,3.5573
1999-06-04,0.0,4.3204
1999-06-05,0.0,4.7336
1999-06-06,0.0,4.8971
1999-06-07,0.0,4.5549
1999-06-08,0.0,4.6255
1999-06-09,0.0,4.766
1999-06-10,0.0,5.0762
1999-06-11,0.0,4.9723
1999-06-12,0.0,4.9695
1999-06-13,0.0,5.044
1999-06-14,0.0,4.6776
1999-06-15,0.0,4.6069
1999-06-16,0.0,4.9123
1999-06-17,0.0,5.221
1999-06-18,0.0,5.1505
1999-06-19,0.0,5.0555
1999-06-20,0.0,5.2072
1999-06-21,0.0,5.0071
1999-06-22,0.0,5.2558
1999-06-23,0.0,5.3778
1999-06-24,0.0,5.1072
1999-06-25,0.0,5.0392
1999-06-26,0.0,5.1467
1999-06-27,0.0,5.5193
1999-06-28,0.0,5.8367
1999-06-29,0.0,5.8389
1999-06-30,0.0,6.0077
1999-07-01,0.0,5.6433
1999-07-02,0.0,5.1231
1999-07-03,0.0,4.412
1999-07-04,0.0,4.6192
1999-07-05,0.0,5.0258
1999-07-06,0.0,4.984
1999-07-07,0.0,5.1123
1999-07-08,0.0,5.293
1999-07-09,0.0,5.3153
1999-07-10,0.0,5.2483
1999-07-11,0.0,5.6225
1999-07-12,0.0,5.7026
1999-07-13,0.0,5.3318
1999-07-14,0.0,5.0477
1999-07-15,0.0,4.3686
1999-07-16,0.0,4.1747
1999-07-17,0.0,3.9881
1999-07-18,0.0,4.321
1999-07-19,0.0,4.1153
1999-07-20,0.0,3.4932
1999-07-21,0.0,3.7975
1999-07-22,0.0,4.2372
1999-07-23,0.0,4.2234
1999-07-24,0.0,3.8307
1999-07-25,0.0,4.2129
1999-07-26,0.0,4.1212
1999-07-27,0.0,3.933
1999-07-28,0.0,3.9011
1999-07-29,0.0,4.174
1999-07-30,0.0,4.3756
1999-07-31,0.0,4.0765
1999-08-01,0.0,4.1719
1999-08-02,0.0,4.2689
1999-08-03,0.0,4.3121
1999-08-04,0.0,4.1599
1999-08-05,0.0,3.7161
1999-08-06,1.57,3.1121
1999-08-07,0.0,3.661
1999-08-08,0.0,3.6331
1999-08-09,0.0,3.7123
1999-08-10,0.0,3.8493
1999-08-11,0.88,3.4236
1999-08-12,0.0,3.7992
1999-08-13,0.0,4.1889
1999-08-14,0.0,4.0345
1999-08-15,0.0,4.3609
1999-08-16,0.0,4.4597
1999-08-17,0.0,4.3391
1999-08-18,0.0,4.1088
1999-08-19,0.0,4.376
1999-08-20,0.0,4.3621
1999-08-21,0.0,4.366
1999-08-22,0.0,4.7098
1999-08-23,0.0,4.5981
1999-08-24,0.0,4.3286
1999-08-25,0.0,4.5562
1999-08-26,0.0,4.4999
1999-08-27,0.0,4.0024
1999-08-28,0.0,3.9382
1999-08-29,0.0,3.8511
1999-08-30,0.0,3.4596
1999-08-31,0.0,3.3254
1999-09-01,0.0,3.5455
1999-09-02,0.0,3.4793
1999-09-03,0.0,3.3578
1999-09-04,0.0,3.4922
1999-09-05,0.0,3.7238
1999-09-06,0.0,3.7144
1999-09-07,0.0,3.5214
1999-09-08,0.0,3.2516
1999-09-09,2.46,2.715
1999-09-10,0.0,2.9047
1999-09-11,0.0,2.8579
1999-09-12,0.0,2.961
1999-09-13,0.0,2.9335
1999-09-14,0.0,2.7835
1999-09-15,0.0,2.8253
1999-09-16,0.0,2.8849
1999-09-17,0.0,2.7684
1999-09-18,0.0,2.5884
1999-09-19,0.0,2.4196
1999-09-20,0.0,2.6972
1999-09-21,0.0,2.8542
1999-09-22,2.0,2.6339
1999-09-23,0.0,2.6507
1999-09-24,0.0,2.6451
1999-09-25,0.0,2.8077
1999-09-26,0.0,2.9378
1999-09-27,0.0,2.9011
1999-09-28,0.0,2.8138
1999-09-29,0.0,2.7753
1999-09-30,0.0,2.7394
1999-10-01,0.0,2.5527
1999-10-02,0.0,2.2853
1999-10-03,0.0,2.0212
1999-10-04,0.0,2.0363
1999-10-05,0.0,1.9314
1999-10-06,0.0,1.7577
1999-10-07,0.0,2.0356
1999-10-08,0.0,2.1945
1999-10-09,0.0,2.1993
1999-10-10,0.0,2.1461
1999-10-11,0.0,2.0592
1999-10-12,0.0,1.9691
1999-10-13,0.0,1.9464
1999-10-14,0.0,1.8618
1999-10-15,0.0,1.7878
1999-10-16,0.0,1.7662
1999-10-17,0.0,1.7458
1999-10-18,0.0,1.6204
1999-10-19,0.0,1.5167
1999-10-20,0.0,1.5047
1999-10-21,0.0,1.4986
1999-10-22,0.0,1.4423
1999-10-23,0.0,1.3831
1999-10-24,0.0,1.3012
1999-10-25,0.0,1.2898
1999-10-26,0.0,1.2687
1999-10-27,0.0,1.2386
1999-10-28,8.75,1.1475
1999-10-29,0.0,1.1341
1999-10-30,0.0,1.1275
1999-10-31,0.0,1.1072
1999-11-01,0.0,1.1729
1999-11-02,0.0,1.0706
1999-11-03,0.0,1.0676
1999-11-04,0.0,1.0144
1999-11-05,0.0,1.0139
1999-11-06,0.0,1.0242
1999-11-07,12.89,1.0072
1999-11-08,14.88,0.9601
1999-11-09,0.0,1.0317
1999-11-10,0.0,1.0519
1999-11-11,0.0,1.1026
1999-11-12,0.0,1.0945
1999-11-13,0.0,1.0723
1999-11-14,0.0,1.0476
1999-11-15,0.05,1.0248
1999-11-16,6.51,0.938
1999-11-17,4.24,0.856
1999-11-18,0.0,0.8976
1999-11-19,10.25,0.8287
1999-11-20,5.36,0.8019
1999-11-21,2.99,0.8139
1999-11-22,0.0,0.8323
1999-11-23,0.0,0.8085
1999-11-24,0.0,0.7888
1999-11-25,0.0,0.846
1999-11-26,0.0,0.8421
1999-11-27,0.0,0.8386
1999-11-28,0.0,0.7964
1999-11-29,0.0,0.8232
1999-11-30,4.82,0.7592
1999-12-01,3.73,0.7299
1999-12-02,0.0,0.7367
1999-12-03,0.0,0.7336
1999-12-04,0.0,0.6983
1999-12-05,0.0,0.6859
1999-12-06,0.0,0.6969
1999-12-07,0.87,0.7281
1999-12-08,0.0,0.6418
1999-12-09,4.24,0.6623
1999-12-10,1.81,0.6363
1999-12-11,0.0,0.651
1999-12-12,0.0,0.6582
1999-12-13,0.92,0.6787
1999-12-14,0.0,0.6124
1999-12-15,0.0,0.6097
1999-12-16,0.0,0.6069
1999-12-17,0.0,0.6332
1999-12-18,0.0,0.6425
1999-12-19,0.0,0.694
1999-12-20,0.0,0.7693
1999-12-21,0.0,0.6966
1999-12-22,0.0,0.6937
1999-12-23,0.0,0.6359
1999-12-24,0.0,0.6394
1999-12-25,0.0,0.6362
1999-12-26,0.0,0.6476
1999-12-27,0.0,0.6339
1999-12-28,0.0,0.6535
1999-12-29,0.0,0.6529
1999-12-30,0.0,0.6494
1999-12-31,0.0,0.6543
2000-01-01,0.0,0.6771
2000-01-02,0.0,0.6156
2000-01-03,0.0,0.6596
2000-01-04,0.0,0.6831
2000-01-05,0.0,0.7287
2000-01-06,0.0,0.7042
2000-01-07,0.0,0.7142
2000-01-08,0.0,0.7555
2000-01-09,0.0,0.7812
2000-01-10,0.0,0.789
2000-01-11,8.0,0.7406
2000-01-12,6.08,0.7272
2000-01-13,0.0,0.8114
2000-01-14,0.0,0.8837
2000-01-15,1.48,0.934
2000-01-16,9.16,0.844
2000-01-17,1.88,0.8125
2000-01-18,16.67,0.8384
2000-01-19,3.6,0.8698
2000-01-20,1.87,0.8951
2000-01-21,0.0,0.9539
2000-01-22,2.66,0.9245
2000-01-23,26.04,0.8431
2000-01-24,53.5,0.7974
2000-01-25,20.34,0.8305
2000-01-26,0.0,0.9934
2000-01-27,0.0,1.053
2000-01-28,0.0,1.0462
2000-01-29,0.0,1.0986
2000-01-30,5.71,0.9598
2000-01-31,2.29,0.928
2000-02-01,0.0,1.2169
2000-02-02,0.0,1.2835
2000-02-03,6.53,1.1968
2000-02-04,0.0,1.2914
2000-02-05,1.87,1.1148
2000-02-06,0.0,1.3754
2000-02-07,0.0,1.418
2000-02-08,0.0,1.5197
2000-02-09,0.0,1.4184
2000-02-10,9.97,1.058
2000-02-11,13.18,0.9922
2000-02-12,29.66,1.0926
2000-02-13,29.98,1.1063
2000-02-14,31.04,1.1817
2000-02-15,0.0,1.5321
2000-02-16,7.04,1.1946
2000-02-17,5.0,1.2849
2000-02-18,0.0,1.6696
2000-02-19,0.0,1.7782
2000-02-20,5.04,1.4499
2000-02-21,6.8,1.4906
2000-02-22,9.73,1.4027
2000-02-23,23.0,1.2543
2000-02-24,2.0,1.5033
2000-02-25,2.0,1.6736
2000-02-26,0.0,1.7791
2000-02-27,16.75,1.4365
2000-02-28,1.91,1.6582
2000-02-29,7.0,1.466
2000-03-01,0.0,2.0093
2000-03-02,4.0,1.5791
2000-03-03,0.0,2.1664
2000-03-04,0.0,2.2715
2000-03-05,15.61,1.5337
2000-03-06,0.0,1.7122
2000-03-07,0.0,1.8346
2000-03-08,13.2,1.5483
2000-03-09,8.09,1.6879
2000-03-10,0.0,2.464
2000-03-11,0.42,2.4347
2000-03-12,0.0,2.6865
2000-03-13,0.0,2.7698
2000-03-14,0.0,2.8401
2000-03-15,0.0,3.0661
2000-03-16,0.0,2.9363
2000-03-17,0.0,2.9704
2000-03-18,0.0,3.1822
2000-03-19,0.0,3.0263
2000-03-20,0.0,2.8218
2000-03-21,0.0,3.171
2000-03-22,0.0,3.396
2000-03-23,0.0,3.2008
2000-03-24,0.0,2.9586
2000-03-25,0.0,2.9403
2000-03-26,0.0,3.0092
2000-03-27,0.0,2.6611
2000-03-28,0.0,2.6819
2000-03-29,0.0,3.089
2000-03-30,0.0,3.4646
2000-03-31,0.0,3.8124
2000-04-01,0.0,3.8743
2000-04-02,0.0,4.1876
2000-04-03,0.0,4.0509
2000-04-04,0.0,3.3752
2000-04-05,0.0,3.1763
2000-04-06,0.0,3.1747
2000-04-07,0.0,3.7394
2000-04-08,0.0,3.3908
2000-04-09,0.0,3.1769
2000-04-10,0.0,3.7197
2000-04-11,0.0,4.005
2000-04-12,0.0,4.0031
2000-04-13,7.63,2.8034
2000-04-14,2.87,2.4201
2000-04-15,2.26,2.5052
2000-04-16,4.91,2.1006
2000-04-17,11.27,2.1697
2000-04-18,0.0,3.513
2000-04-19,0.0,3.744
2000-04-20,0.0,3.7843
2000-04-21,0.0,3.8074
2000-04-22,1.0,3.3689
2000-04-23,0.0,3.3741
2000-04-24,0.0,4.1227
2000-04-25,0.0,4.097
2000-04-26,0.0,4.6553
2000-04-27,0.0,4.5609
2000-04-28,0.0,3.5156
2000-04-29,0.0,4.1323
2000-04-30,0.0,4.5631
2000-05-01,0.0,4.5071
2000-05-02,0.0,4.1471
2000-05-03,0.0,4.4356
2000-05-04,0.0,4.1546
2000-05-05,0.0,3.7688
2000-05-06,0.0,3.8315
2000-05-07,7.73,2.1932
2000-05-08,7.93,2.4849
2000-05-09,0.0,3.8334
2000-05-10,0.0,3.8012
2000-05-11,0.0,4.085
2000-05-12,0.0,4.4438
2000-05-13,0.0,4.2619
2000-05-14,2.47,3.6334
2000-05-15,6.85,2.8034
2000-05-16,3.19,2.7425
2000-05-17,0.0,3.9421
2000-05-18,0.0,5.2144
2000-05-19,0.0,5.4858
2000-05-20,0.0,5.758
2000-05-21,0.0,6.1385
2000-05-22,0.0,6.0485
2000-05-23,0.0,5.6156
2000-05-24,0.0,5.152
2000-05-25,0.0,4.6369
2000-05-26,0.0,4.4303
2000-05-27,0.0,4.8894
2000-05-28,0.0,4.9544
2000-05-29,0.0,4.9855
2000-05-30,0.0,4.824
2000-05-31,0.0,5.0248
2000-06-01,0.0,5.4248
2000-06-02,0.0,5.3492
2000-06-03,0.0,4.9602
2000-06-04,0.0,4.903
2000-06-05,0.0,4.6778
2000-06-06,0.0,4.4212
2000-06-07,0.0,4.4066
2000-06-08,6.75,3.0993
2000-06-09,0.0,4.0244
2000-06-10,0.0,4.1175
2000-06-11,0.0,4.6559
2000-06-12,0.0,4.8548
2000-06-13,0.0,5.7301
2000-06-14,0.0,6.235
2000-06-15,0.0,5.9154
2000-06-16,0.0,5.4392
2000-06-17,0.0,4.9298
2000-06-18,0.0,4.4733
2000-06-19,0.0,4.8201
2000-06-20,0.0,5.1422
2000-06-21,0.0,5.3266
2000-06-22,0.0,5.1162
2000-06-23,0.0,4.6447
2000-06-24,0.0,4.7516
2000-06-25,0.0,5.0186
2000-06-26,0.0,5.2619
2000-06-27,0.0,5.1277
2000-06-28,0.0,5.091
2000-06-29,0.0,4.8081
2000-06-30,0.0,4.3216
2000-07-01,0.0,4.5006
2000-07-02,0.0,4.2389
2000-07-03,0.0,4.0581
2000-07-04,0.0,4.6491
2000-07-05,0.0,4.236
2000-07-06,0.0,4.0178
2000-07-07,0.0,4.1352
2000-07-08,0.0,4.4172
2000-07-09,0.0,4.7809
2000-07-10,0.0,4.836
2000-07-11,0.0,4.7866
2000-07-12,0.0,4.6308
2000-07-13,0.0,4.5198
2000-07-14,0.0,4.8122
2000-07-15,0.0,4.6259
2000-07-16,0.0,4.0215
2000-07-17,0.0,3.5558
2000-07-18,0.0,4.5922
2000-07-19,0.0,4.8894
2000-07-20,0.0,4.9763
2000-07-21,0.0,4.5201
2000-07-22,0.0,4.459
2000-07-23,0.0,5.0167
2000-07-24,0.0,5.1528
2000-07-25,0.0,5.0682
2000-07-26,0.0,4.5525
2000-07-27,0.0,4.6947
2000-07-28,0.0,4.7827
2000-07-29,0.0,5.0488
2000-07-30,0.0,4.9683
2000-07-31,0.0,5.1506
2000-08-01,0.0,5.2783
2000-08-02,0.0,5.1524
2000-08-03,0.0,4.7904
2000-08-04,0.0,4.397
2000-08-05,0.0,4.5852
2000-08-06,0.0,4.5037
2000-08-07,0.0,3.6467
2000-08-08,0.0,3.519
2000-08-09,0.0,3.9697
2000-08-10,0.0,3.7453
2000-08-11,0.0,4.4985
2000-08-12,0.0,4.6205
2000-08-13,0.0,4.5175
2000-08-14,0.0,4.4453
2000-08-15,0.0,4.4482
2000-08-16,0.0,4.481
2000-08-17,0.0,4.283
2000-08-18,0.0,4.0508
2000-08-19,0.0,3.6773
2000-08-20,0.0,3.8395
2000-08-21,0.0,3.8896
2000-08-22,0.0,3.6857
2000-08-23,0.0,3.2934
2000-08-24,0.0,3.6776
2000-08-25,0.0,4.0131
2000-08-26,0.0,3.8589
2000-08-27,0.0,3.725
2000-08-28,0.0,3.4314
2000-08-29,0.0,2.7538
2000-08-30,1.0,2.4819
2000-08-31,0.0,2.6274
2000-09-01,3.83,2.02
2000-09-02,2.67,2.3929
2000-09-03,0.0,2.8764
2000-09-04,0.0,2.8844
2000-09-05,0.0,3.1678
2000-09-06,0.0,3.4272
2000-09-07,0.0,3.609
2000-09-08,0.0,3.5193
2000-09-09,0.0,3.2395
2000-09-10,0.0,3.1212
2000-09-11,0.0,3.2594
2000-09-12,0.0,3.3107
2000-09-13,0.0,3.2871
2000-09-14,0.0,2.9398
2000-09-15,0.0,2.6366
2000-09-16,0.0,2.8146
2000-09-17,0.0,3.2508
2000-09-18,0.0,3.3639
2000-09-19,0.0,3.3237
2000-09-20,0.0,3.2074
2000-09-21,0.0,2.6424
2000-09-22,2.0,2.0208
2000-09-23,0.0,2.3709
2000-09-24,0.0,2.5845
2000-09-25,0.0,2.6796
2000-09-26,0.0,2.5634
2000-09-27,0.0,2.2186
2000-09-28,0.0,1.9102
2000-09-29,0.0,2.4044
2000-09-30,0.0,2.5244
2000-10-01,0.0,2.3466
2000-10-02,0.0,2.2232
2000-10-03,0.0,2.0705
2000-10-04,0.0,1.9736
2000-10-05,0.0,1.9788
2000-10-06,0.0,1.914
2000-10-07,0.0,1.7808
2000-10-08,0.0,1.8383
2000-10-09,0.58,1.727
2000-10-10,6.48,1.2898
2000-10-11,2.19,1.3493
2000-10-12,0.0,1.5391
2000-10-13,0.0,1.5747
2000-10-14,0.0,1.6475
2000-10-15,0.0,1.6205
2000-10-16,0.0,1.6587
2000-10-17,0.0,1.6498
2000-10-18,0.0,1.5943
2000-10-19,0.0,1.5577
2000-10-20,0.0,1.5099
2000-10-21,0.0,1.4331
2000-10-22,0.0,1.3909
2000-10-23,0.0,1.3694
2000-10-24,0.0,1.3874
2000-10-25,4.26,1.2295
2000-10-26,16.1,1.0135
2000-10-27,10.87,1.0937
2000-10-28,6.66,1.134
2000-10-29,12.96,1.0535
2000-10-30,7.17,1.0334
2000-10-31,5.8,1.157
2000-11-01,0.0,1.3304
2000-11-02,0.0,1.346
2000-11-03,0.0,1.4197
2000-11-04,0.0,1.3538
2000-11-05,0.0,1.2868
2000-11-06,0.0,1.2523
2000-11-07,0.0,1.2766
2000-11-08,0.0,1.1778
2000-11-09,0.0,1.0434
2000-11-10,0.0,0.9396
2000-11-11,0.0,0.9304
2000-11-12,0.0,0.9358
2000-11-13,2.18,0.8806
2000-11-14,0.0,0.8712
2000-11-15,0.0,0.8603
2000-11-16,1.41,0.8406
2000-11-17,0.0,0.8704
2000-11-18,0.0,0.8652
2000-11-19,0.0,0.8784
2000-11-20,0.0,0.8602
2000-11-21,3.26,0.7972
2000-11-22,2.16,0.8046
2000-11-23,0.0,0.7989
2000-11-24,0.0,0.8108
2000-11-25,0.0,0.7866
2000-11-26,0.0,0.7899
2000-11-27,0.0,0.8012
2000-11-28,0.0,0.7675
2000-11-29,6.81,0.7742
2000-11-30,0.0,0.7387
2000-12-01,0.0,0.7273
2000-12-02,0.0,0.705
2000-12-03,0.0,0.7177
2000-12-04,0.0,0.7535
2000-12-05,0.0,0.7041
2000-12-06,0.0,0.6708
2000-12-07,0.0,0.7643
2000-12-08,0.0,0.7629
2000-12-09,0.0,0.7382
2000-12-10,1.93,0.694
2000-12-11,0.0,0.6672
2000-12-12,6.47,0.6485
2000-12-13,0.0,0.6691
2000-12-14,5.27,0.6664
2000-12-15,2.68,0.6924
2000-12-16,0.0,0.7235
2000-12-17,0.0,0.6943
2000-12-18,0.0,0.6771
2000-12-19,0.0,0.655
2000-12-20,0.0,0.6904
2000-12-21,0.0,0.6417
2000-12-22,0.0,0.6881
2000-12-23,0.0,0.6272
2000-12-24,0.0,0.6731
2000-12-25,0.0,0.6625
2000-12-26,0.0,0.6254
2000-12-27,0.0,0.6278
2000-12-28,0.0,0.6414
2000-12-29,0.0,0.6366
2000-12-30,0.0,0.637
2000-12-31,0.0,0.6463
2001-01-01,0.0,0.6754
2001-01-02,0.0,0.6489
2001-01-03,0.0,0.6786
2001-01-04,0.0,0.671
2001-01-05,0.0,0.6052
2001-01-06,0.0,0.6823
2001-01-07,0.0,0.7375
2001-01-08,6.77,0.6922
2001-01-09,2.17,0.6643
2001-01-10,14.88,0.6844
2001-01-11,14.02,0.6489
2001-01-12,8.27,0.6718
2001-01-13,0.0,0.7399
2001-01-14,4.72,0.7119
2001-01-15,0.0,0.7214
2001-01-16,0.0,0.732
2001-01-17,0.0,0.742
2001-01-18,0.0,0.7622
2001-01-19,0.0,0.8355
2001-01-20,0.0,0.8469
2001-01-21,0.0,0.8208
2001-01-22,0.0,0.9132
2001-01-23,5.0,0.8498
2001-01-24,5.31,0.7827
2001-01-25,16.14,0.774
2001-01-26,9.44,0.7893
2001-01-27,0.0,0.9061
2001-01-28,0.0,0.9487
2001-01-29,2.05,0.969
2001-01-30,0.0,0.9774
2001-01-31,0.0,1.0209
2001-02-01,0.0,1.0768
2001-02-02,0.0,1.1234
2001-02-03,0.0,1.2417
2001-02-04,0.0,1.3514
2001-02-05,0.0,1.3882
2001-02-06,0.0,1.267
2001-02-07,0.0,1.1046
2001-02-08,0.0,1.1769
2001-02-09,8.53,0.9563
2001-02-10,13.1,0.9188
2001-02-11,13.92,0.9087
2001-02-12,16.51,0.9141
2001-02-13,1.45,1.1692
2001-02-14,0.0,1.321
2001-02-15,0.0,1.3602
2001-02-16,0.0,1.4235
2001-02-17,0.06,1.4294
2001-02-18,4.49,1.1598
2001-02-19,9.78,1.1742
2001-02-20,5.54,1.1007
2001-02-21,4.22,1.2027
2001-02-22,10.79,1.1942
2001-02-23,8.87,1.151
2001-02-24,10.97,1.2357
2001-02-25,1.94,1.4655
2001-02-26,0.0,1.7902
2001-02-27,0.0,2.0098
2001-02-28,0.0,2.0297
2001-03-01,0.0,1.9466
2001-03-02,6.91,1.4988
2001-03-03,5.08,1.5205
2001-03-04,10.77,1.4602
2001-03-05,11.37,1.6827
2001-03-06,1.64,2.0507
2001-03-07,0.0,2.3514
2001-03-08,0.0,2.245
2001-03-09,0.0,2.1273
2001-03-10,0.0,2.3691
2001-03-11,0.0,2.474
2001-03-12,0.0,2.6172
2001-03-13,0.0,2.6768
2001-03-14,0.0,2.7776
2001-03-15,0.0,2.5107
2001-03-16,0.0,2.5994
2001-03-17,0.0,2.8091
2001-03-18,0.0,3.0972
2001-03-19,0.0,3.2601
2001-03-20,0.0,3.3855
2001-03-21,0.0,3.1695
2001-03-22,0.0,2.7784
2001-03-23,0.0,2.701
2001-03-24,0.1,2.9615
2001-03-25,8.31,2.222
2001-03-26,0.0,2.9849
2001-03-27,0.0,3.1886
2001-03-28,0.0,3.1324
2001-03-29,0.0,3.2962
2001-03-30,0.0,3.6822
2001-03-31,0.0,3.694
2001-04-01,0.0,3.3245
2001-04-02,0.0,2.7636
2001-04-03,0.0,2.68
2001-04-04,0.0,2.8629
2001-04-05,0.0,2.9672
2001-04-06,7.28,2.0773
2001-04-07,9.54,2.0171
2001-04-08,3.12,2.0993
2001-04-09,9.07,2.1702
2001-04-10,0.0,3.1241
2001-04-11,0.0,2.8525
2001-04-12,0.0,3.1961
2001-04-13,0.0,3.0529
2001-04-14,0.0,3.2378
2001-04-15,0.0,3.4085
2001-04-16,0.0,3.5903
2001-04-17,0.0,3.7286
2001-04-18,0.0,3.8025
2001-04-19,1.0,3.0779
2001-04-20,13.04,2.0073
2001-04-21,6.91,2.6847
2001-04-22,0.0,3.6197
2001-04-23,0.0,4.0824
2001-04-24,0.0,4.5652
2001-04-25,0.0,4.7394
2001-04-26,0.0,4.3037
2001-04-27,0.0,3.6879
2001-04-28,0.0,3.4336
2001-04-29,0.0,3.9839
2001-04-30,0.0,4.4245
2001-05-01,0.0,4.6826
2001-05-02,0.0,4.6023
2001-05-03,0.0,4.6673
2001-05-04,0.0,5.0487
2001-05-05,0.0,5.0166
2001-05-06,0.0,5.2007
2001-05-07,0.0,5.5314
2001-05-08,0.0,5.698
2001-05-09,0.0,5.3979
2001-05-10,0.0,5.4271
2001-05-11,0.0,5.0916
2001-05-12,0.0,4.123
2001-05-13,0.0,3.696
2001-05-14,0.0,4.0389
2001-05-15,0.0,4.1631
2001-05-16,0.0,4.3229
2001-05-17,0.0,4.8679
2001-05-18,0.0,5.0339
2001-05-19,0.0,5.2165
2001-05-20,0.0,5.5214
2001-05-21,0.0,5.5705
2001-05-22,0.0,5.182
2001-05-23,0.0,5.1624
2001-05-24,0.0,5.2155
2001-05-25,0.0,4.9162
2001-05-26,0.0,4.3857
2001-05-27,0.0,3.4784
2001-05-28,0.0,3.7179
2001-05-29,0.0,5.0902
2001-05-30,0.0,5.6116
2001-05-31,0.0,5.7628
2001-06-01,0.0,5.0636
2001-06-02,0.0,4.2619
2001-06-03,0.0,4.2905
2001-06-04,0.0,4.62
2001-06-05,0.0,4.6904
2001-06-06,0.0,4.8133
2001-06-07,0.0,5.1892
2001-06-08,0.0,4.8254
2001-06-09,0.0,4.485
2001-06-10,0.0,4.235
2001-06-11,0.0,3.5897
2001-06-12,0.0,4.1045
2001-06-13,0.0,5.0755
2001-06-14,0.0,5.515
2001-06-15,0.0,5.375
2001-06-16,0.0,5.4641
2001-06-17,0.0,5.3476
2001-06-18,0.0,5.4791
2001-06-19,0.0,5.4243
2001-06-20,0.0,5.7185
2001-06-21,0.0,5.7847
2001-06-22,0.0,5.4527
2001-06-23,0.0,4.7307
2001-06-24,0.0,4.4457
2001-06-25,0.0,4.2035
2001-06-26,3.0,3.456
2001-06-27,0.0,3.5209
2001-06-28,0.0,3.8193
2001-06-29,0.0,4.8856
2001-06-30,0.0,4.9527
2001-07-01,0.0,5.2225
2001-07-02,0.0,5.6376
2001-07-03,0.0,5.8399
2001-07-04,0.0,5.2545
2001-07-05,0.0,5.034
2001-07-06,0.0,4.6947
2001-07-07,0.0,4.481
2001-07-08,0.0,4.4677
2001-07-09,0.0,4.1073
2001-07-10,0.0,4.1511
2001-07-11,0.0,3.8454
2001-07-12,0.0,4.0102
2001-07-13,0.0,4.481
2001-07-14,0.0,3.9537
2001-07-15,0.0,3.8478
2001-07-16,0.0,3.7187
2001-07-17,0.0,4.4076
2001-07-18,0.0,4.7671
2001-07-19,0.0,4.1604
2001-07-20,0.0,3.7856
2001-07-21,0.0,3.8929
2001-07-22,0.0,4.7909
2001-07-23,0.0,4.8217
2001-07-24,0.0,4.6899
2001-07-25,0.0,4.6523
2001-07-26,0.0,4.5967
2001-07-27,0.0,4.6115
2001-07-28,0.0,4.8667
2001-07-29,0.0,4.4299
2001-07-30,0.0,4.0479
2001-07-31,0.0,4.5898
2001-08-01,0.0,4.6272
2001-08-02,0.0,4.5179
2001-08-03,0.0,4.1686
2001-08-04,0.0,4.2576
2001-08-05,0.0,4.4115
2001-08-06,0.0,4.6747
2001-08-07,0.0,4.954
2001-08-08,0.0,4.9276
2001-08-09,0.0,4.5779
2001-08-10,0.0,4.121
2001-08-11,0.0,4.2312
2001-08-12,0.0,3.8407
2001-08-13,0.0,3.8719
2001-08-14,0.0,4.2243
2001-08-15,0.0,4.1686
2001-08-16,0.0,4.5279
2001-08-17,0.0,4.5604
2001-08-18,0.0,4.3914
2001-08-19,0.0,4.1293
2001-08-20,0.0,3.6446
2001-08-21,0.0,3.3449
2001-08-22,0.0,3.2705
2001-08-23,0.0,3.4604
2001-08-24,0.0,3.7813
2001-08-25,0.0,4.0268
2001-08-26,0.0,4.1272
2001-08-27,0.0,4.217
2001-08-28,0.0,4.2183
2001-08-29,0.0,3.8342
2001-08-30,0.0,3.3441
2001-08-31,0.0,3.4227
2001-09-01,0.0,3.587
2001-09-02,0.0,3.712
2001-09-03,0.0,3.632
2001-09-04,0.0,3.5246
2001-09-05,0.0,3.316
2001-09-06,0.0,3.5894
2001-09-07,0.0,3.5402
2001-09-08,0.0,3.1146
2001-09-09,0.0,2.8702
2001-09-10,0.0,2.983
2001-09-11,0.0,2.8632
2001-09-12,0.0,2.7201
2001-09-13,0.0,2.7293
2001-09-14,0.0,3.0975
2001-09-15,0.0,2.9245
2001-09-16,0.0,2.459
2001-09-17,0.0,2.6176
2001-09-18,0.0,2.6882
2001-09-19,0.0,2.761
2001-09-20,0.0,2.7004
2001-09-21,0.0,2.6693
2001-09-22,0.0,2.8032
2001-09-23,0.0,2.5435
2001-09-24,1.62,2.0901
2001-09-25,1.13,2.45
2001-09-26,0.0,2.5445
2001-09-27,0.0,2.3483
2001-09-28,0.0,2.4001
2001-09-29,0.0,2.5165
2001-09-30,0.0,2.6974
2001-10-01,0.0,2.6363
2001-10-02,0.0,2.4707
2001-10-03,0.0,2.3908
2001-10-04,0.0,2.1012
2001-10-05,0.0,1.8039
2001-10-06,0.0,1.7683
2001-10-07,0.0,1.822
2001-10-08,0.0,1.8367
2001-10-09,0.0,1.973
2001-10-10,0.0,2.0043
2001-10-11,0.0,1.8966
2001-10-12,0.0,1.9734
2001-10-13,0.0,1.9948
2001-10-14,0.0,1.9746
2001-10-15,0.0,1.9066
2001-10-16,0.0,1.7056
2001-10-17,0.0,1.5857
2001-10-18,0.0,1.5908
2001-10-19,0.0,1.5839
2001-10-20,0.0,1.5107
2001-10-21,0.0,1.2916
2001-10-22,0.0,1.3626
2001-10-23,0.0,1.3621
2001-10-24,0.0,1.3644
2001-10-25,0.0,1.3516
2001-10-26,0.0,1.3212
2001-10-27,0.0,1.2063
2001-10-28,0.0,1.1751
2001-10-29,0.0,1.1691
2001-10-30,8.8,1.0532
2001-10-31,0.0,1.1002
2001-11-01,0.0,1.0568
2001-11-02,0.0,1.0509
2001-11-03,0.0,1.034
2001-11-04,0.0,1.0215
2001-11-05,0.0,0.9819
2001-11-06,0.0,0.9416
2001-11-07,0.0,0.8577
2001-11-08,0.0,0.8821
2001-11-09,0.0,0.9117
2001-11-10,8.59,0.9685
2001-11-11,3.82,0.9974
2001-11-12,22.06,0.9142
2001-11-13,0.0,0.9855
2001-11-14,0.0,1.01
2001-11-15,0.0,1.0075
2001-11-16,0.0,1.0187
2001-11-17,0.0,0.9842
2001-11-18,0.0,0.8805
2001-11-19,0.0,0.9403
2001-11-20,0.0,0.993
2001-11-21,2.76,0.8735
2001-11-22,2.41,0.8766
2001-11-23,0.0,0.8664
2001-11-24,18.42,0.7961
2001-11-25,5.22,0.7133
2001-11-26,0.0,0.7425
2001-11-27,0.0,0.7282
2001-11-28,10.02,0.708
2001-11-29,13.88,0.7066
2001-11-30,0.0,0.714
2001-12-01,10.56,0.6884
2001-12-02,26.55,0.7135
2001-12-03,5.15,0.6749
2001-12-04,0.0,0.6389
2001-12-05,6.58,0.6573
2001-12-06,2.02,0.7483
2001-12-07,0.0,0.7737
2001-12-08,0.0,0.7038
2001-12-09,2.3,0.6697
2001-12-10,0.0,0.6
2001-12-11,0.0,0.6324
2001-12-12,0.0,0.6529
2001-12-13,0.0,0.6185
2001-12-14,16.05,0.6342
2001-12-15,0.0,0.581
2001-12-16,0.0,0.6239
2001-12-17,8.27,0.6726
2001-12-18,0.0,0.6273
2001-12-19,2.47,0.6061
2001-12-20,18.3,0.6347
2001-12-21,7.04,0.5917
2001-12-22,6.58,0.6282
2001-12-23,3.91,0.6316
2001-12-24,0.0,0.6006
2001-12-25,0.0,0.6701
2001-12-26,0.0,0.7
2001-12-27,0.84,0.7101
2001-12-28,19.72,0.6995
2001-12-29,19.94,0.6704
2001-12-30,11.25,0.6791
2001-12-31,7.43,0.7307
2002-01-01,4.04,0.7389
2002-01-02,14.88,0.7109
2002-01-03,6.23,0.6861
2002-01-04,0.0,0.6829
2002-01-05,0.0,0.7189
2002-01-06,0.88,0.797
2002-01-07,0.0,0.7649
2002-01-08,0.0,0.8129
2002-01-09,0.0,0.834
2002-01-10,0.0,0.8019
2002-01-11,0.0,0.7876
2002-01-12,0.0,0.7749
2002-01-13,0.0,0.7809
2002-01-14,0.0,0.7408
2002-01-15,0.0,0.7344
2002-01-16,0.0,0.7349
2002-01-17,0.0,0.7444
2002-01-18,0.0,0.7585
2002-01-19,0.0,0.7999
2002-01-20,0.0,0.8132
2002-01-21,2.4,0.8279
2002-01-22,0.0,0.8016
2002-01-23,0.0,0.8269
2002-01-24,0.0,0.8829
2002-01-25,0.0,0.917
2002-01-26,5.64,0.8119
2002-01-27,2.31,0.8433
2002-01-28,3.59,0.7794
2002-01-29,2.93,0.7909
2002-01-30,0.0,0.9063
2002-01-31,0.0,0.9574
2002-02-01,0.0,1.0183
2002-02-02,0.0,1.0645
2002-02-03,0.0,1.1183
2002-02-04,0.0,1.1758
2002-02-05,0.0,1.1698
2002-02-06,0.0,1.2391
2002-02-07,7.86,1.063
2002-02-08,8.77,1.0876
2002-02-09,0.0,1.3221
2002-02-10,0.0,1.439
2002-02-11,0.0,1.5057
2002-02-12,0.0,1.5277
2002-02-13,0.61,1.3603
2002-02-14,0.0,1.4019
2002-02-15,0.0,1.3941
2002-02-16,6.28,1.1896
2002-02-17,12.49,1.0865
2002-02-18,0.15,1.2868
2002-02-19,9.03,1.0665
2002-02-20,4.51,1.2523
2002-02-21,0.0,1.7207
2002-02-22,0.0,2.0815
2002-02-23,0.0,1.8007
2002-02-24,0.0,1.8393
2002-02-25,0.0,2.0574
2002-02-26,0.0,2.1539
2002-02-27,0.0,2.2621
2002-02-28,0.0,2.2788
2002-03-01,0.0,2.1599
2002-03-02,0.0,2.0969
2002-03-03,0.0,2.1846
2002-03-04,0.0,2.2441
2002-03-05,0.0,2.1411
2002-03-06,12.22,1.3992
2002-03-07,11.13,1.2863
2002-03-08,0.0,1.9534
2002-03-09,0.0,2.0788
2002-03-10,7.75,1.5282
2002-03-11,0.0,2.2297
2002-03-12,0.0,2.1245
2002-03-13,0.0,2.0948
2002-03-14,0.0,2.207
2002-03-15,0.0,2.0743
2002-03-16,0.0,1.9202
2002-03-17,13.24,1.4523
2002-03-18,5.46,1.8763
2002-03-19,0.0,2.7208
2002-03-20,0.0,2.9316
2002-03-21,0.0,2.9046
2002-03-22,9.18,1.6674
2002-03-23,15.14,1.6656
2002-03-24,0.0,2.2703
2002-03-25,0.0,2.4886
2002-03-26,0.0,2.9484
2002-03-27,0.0,3.3418
2002-03-28,0.0,3.4472
2002-03-29,0.0,3.5298
2002-03-30,0.0,3.6516
2002-03-31,0.0,3.6708
2002-04-01,0.0,3.6953
2002-04-02,0.0,3.1635
2002-04-03,0.0,2.8184
2002-04-04,0.0,2.0539
2002-04-05,0.0,2.4975
2002-04-06,0.0,2.7143
2002-04-07,0.0,3.4186
2002-04-08,0.0,3.3472
2002-04-09,0.0,2.9499
2002-04-10,0.0,3.1013
2002-04-11,0.0,3.5083
2002-04-12,0.0,3.9295
2002-04-13,0.0,4.4632
2002-04-14,0.0,4.2101
2002-04-15,0.0,3.6146
2002-04-16,0.0,2.9587
2002-04-17,2.92,2.3992
2002-04-18,0.0,3.2049
2002-04-19,0.0,3.8276
2002-04-20,0.0,3.7572
2002-04-21,0.0,4.0022
2002-04-22,0.0,4.4402
2002-04-23,0.0,4.5675
2002-04-24,0.0,4.3968
2002-04-25,0.0,3.4775
2002-04-26,0.0,2.8735
2002-04-27,0.0,2.7607
2002-04-28,0.0,3.3824
2002-04-29,2.04,3.2006
2002-04-30,0.0,3.2456
2002-05-01,0.0,3.1193
2002-05-02,0.0,3.5433
2002-05-03,0.0,3.6071
2002-05-04,0.0,4.3661
2002-05-05,0.0,4.7406
2002-05-06,0.0,4.4332
2002-05-07,0.0,4.2585
2002-05-08,0.0,4.7525
2002-05-09,0.0,4.352
2002-05-10,0.0,4.0498
2002-05-11,0.0,4.6631
2002-05-12,0.0,4.9038
2002-05-13,0.0,4.5963
2002-05-14,0.0,4.6214
2002-05-15,0.0,4.6621
2002-05-16,0.0,4.6333
2002-05-17,0.0,4.5915
2002-05-18,0.0,4.1943
2002-05-19,9.4,2.701
2002-05-20,12.35,2.1466
2002-05-21,6.8,2.4871
2002-05-22,0.0,4.1902
2002-05-23,0.0,4.8785
2002-05-24,0.0,5.3589
2002-05-25,0.0,5.1924
2002-05-26,0.0,4.6526
2002-05-27,0.0,4.2783
2002-05-28,0.0,4.4412
2002-05-29,0.0,5.1637
2002-05-30,0.0,5.4528
2002-05-31,0.0,5.4632
2002-06-01,0.0,3.8865
2002-06-02,0.0,3.9771
2002-06-03,0.0,4.786
2002-06-04,0.0,5.4717
2002-06-05,0.0,5.9273
2002-06-06,0.0,5.6833
2002-06-07,0.0,5.0269
2002-06-08,0.0,5.0564
2002-06-09,0.0,5.0874
2002-06-10,0.0,5.3795
2002-06-11,0.0,5.3985
2002-06-12,0.0,4.9029
2002-06-13,0.0,3.9768
2002-06-14,0.0,4.1772
2002-06-15,0.0,4.6819
2002-06-16,0.0,4.9753
2002-06-17,0.0,4.857
2002-06-18,0.0,4.2765
2002-06-19,0.0,4.9126
2002-06-20,0.0,4.5064
2002-06-21,0.0,3.7433
2002-06-22,0.0,3.8014
2002-06-23,0.0,4.5076
2002-06-24,0.0,4.9405
2002-06-25,0.0,5.2409
2002-06-26,0.0,5.1336
2002-06-27,0.0,4.655
2002-06-28,0.0,4.4402
2002-06-29,0.0,4.6592
2002-06-30,0.0,5.4737
2002-07-01,0.0,5.7538
2002-07-02,0.0,5.4124
2002-07-03,0.0,4.6683
2002-07-04,0.0,4.5065
2002-07-05,0.0,4.5197
2002-07-06,0.0,4.7928
2002-07-07,0.0,4.7127
2002-07-08,0.0,5.4406
2002-07-09,0.0,5.973
2002-07-10,0.0,6.0793
2002-07-11,0.0,5.6211
2002-07-12,0.0,5.3495
2002-07-13,0.0,5.066
2002-07-14,0.0,4.8153
2002-07-15,0.0,3.9685
2002-07-16,0.0,4.4593
2002-07-17,0.0,4.5364
2002-07-18,0.0,4.2976
2002-07-19,0.0,4.8197
2002-07-20,0.0,5.0677
2002-07-21,0.0,4.0223
2002-07-22,0.0,4.0674
2002-07-23,0.0,4.2945
2002-07-24,0.0,4.4033
2002-07-25,0.0,4.233
2002-07-26,0.0,4.7611
2002-07-27,0.0,4.8217
2002-07-28,0.0,4.0785
2002-07-29,0.0,4.0487
2002-07-30,0.0,4.5084
2002-07-31,0.0,4.5913
2002-08-01,0.0,4.2173
2002-08-02,0.0,3.9486
2002-08-03,0.0,3.6933
2002-08-04,0.0,3.7844
2002-08-05,0.0,4.1515
2002-08-06,0.0,4.4401
2002-08-07,0.0,4.75
2002-08-08,0.0,5.0998
2002-08-09,0.0,5.2983
2002-08-10,0.0,5.2254
2002-08-11,0.0,4.8972
2002-08-12,0.0,4.679
2002-08-13,0.0,4.4926
2002-08-14,0.0,4.3167
2002-08-15,0.0,4.1765
2002-08-16,0.0,4.0369
2002-08-17,0.0,3.5357
2002-08-18,0.0,3.8322
2002-08-19,0.0,3.0967
2002-08-20,0.0,3.6106
2002-08-21,0.0,3.8385
2002-08-22,0.0,3.2615
2002-08-23,0.0,2.7842
2002-08-24,0.0,3.1377
2002-08-25,0.0,3.6803
2002-08-26,0.0,4.1194
2002-08-27,0.0,4.3114
2002-08-28,0.0,4.0335
2002-08-29,0.0,3.4005
2002-08-30,0.0,3.4803
2002-08-31,0.0,3.8185
2002-09-01,0.0,4.1238
2002-09-02,0.0,4.1889
2002-09-03,0.0,3.7391
2002-09-04,0.0,3.2172
2002-09-05,0.0,2.9735
2002-09-06,0.0,2.7315
2002-09-07,0.0,2.7434
2002-09-08,0.0,3.2662
2002-09-09,0.0,3.5689
2002-09-10,0.0,3.71
2002-09-11,0.0,3.5311
2002-09-12,0.0,3.1378
2002-09-13,0.0,3.027
2002-09-14,0.0,3.0244
2002-09-15,0.0,2.6448
2002-09-16,0.0,2.6107
2002-09-17,0.0,2.7779
2002-09-18,0.0,3.0543
2002-09-19,0.0,3.2231
2002-09-20,0.0,3.2076
2002-09-21,0.0,3.0445
2002-09-22,0.0,2.9169
2002-09-23,0.0,2.9834
2002-09-24,0.0,2.8645
2002-09-25,0.0,2.7197
2002-09-26,0.0,2.4267
2002-09-27,0.0,1.7011
2002-09-28,0.0,1.8002
2002-09-29,0.0,2.0792
2002-09-30,0.0,1.9149
2002-10-01,0.0,2.0904
2002-10-02,0.0,2.1735
2002-10-03,0.0,2.2205
2002-10-04,0.0,2.2187
2002-10-05,0.0,2.2355
2002-10-06,0.0,2.2694
2002-10-07,0.0,2.2587
2002-10-08,0.0,2.1864
2002-10-09,0.0,2.0477
2002-10-10,0.0,1.576
2002-10-11,0.0,1.7843
2002-10-12,0.0,1.82
2002-10-13,0.0,1.8058
2002-10-14,0.0,1.7645
2002-10-15,0.0,1.5643
2002-10-16,0.0,1.4135
2002-10-17,0.0,1.3839
2002-10-18,0.0,1.369
2002-10-19,0.0,1.4317
2002-10-20,0.0,1.4478
2002-10-21,0.0,1.4435
2002-10-22,0.0,1.2479
2002-10-23,0.0,1.067
2002-10-24,0.0,1.1515
2002-10-25,0.0,1.2256
2002-10-26,0.0,1.2227
2002-10-27,0.0,1.2092
2002-10-28,0.0,1.2094
2002-10-29,0.0,1.1684
2002-10-30,0.0,1.1285
2002-10-31,0.0,1.0674
2002-11-01,0.0,1.036
2002-11-02,0.0,1.0086
2002-11-03,0.0,1.0149
2002-11-04,0.0,0.9864
2002-11-05,0.0,0.9306
2002-11-06,0.0,0.9296
2002-11-07,19.84,1.0269
2002-11-08,36.31,0.8745
2002-11-09,8.13,1.034
2002-11-10,7.45,0.9259
2002-11-11,0.0,1.1247
2002-11-12,0.0,1.1575
2002-11-13,0.0,1.1252
2002-11-14,0.0,1.1012
2002-11-15,0.0,1.0719
2002-11-16,0.0,1.0609
2002-11-17,0.0,1.0341
2002-11-18,0.0,0.9765
2002-11-19,0.0,0.9844
2002-11-20,0.0,1.017
2002-11-21,0.0,1.0356
2002-11-22,0.0,0.9246
2002-11-23,0.0,0.8386
2002-11-24,0.0,0.851
2002-11-25,0.0,0.8851
2002-11-26,0.0,0.9213
2002-11-27,0.0,0.8244
2002-11-28,0.0,0.7326
2002-11-29,0.0,0.8134
2002-11-30,0.0,0.7735
2002-12-01,0.0,0.7813
2002-12-02,0.0,0.7654
2002-12-03,0.0,0.7506
2002-12-04,0.0,0.7513
2002-12-05,0.0,0.7646
2002-12-06,0.0,0.7352
2002-12-07,0.0,0.7083
2002-12-08,0.0,0.7266
2002-12-09,4.39,0.6964
2002-12-10,3.18,0.7013
2002-12-11,0.0,0.7028
2002-12-12,0.0,0.6857
2002-12-13,23.36,0.7047
2002-12-14,30.9,0.7083
2002-12-15,14.89,0.6768
2002-12-16,40.48,0.6864
2002-12-17,14.03,0.6445
2002-12-18,3.45,0.6059
2002-12-19,29.81,0.6055
2002-12-20,27.24,0.605
2002-12-21,7.88,0.6439
2002-12-22,0.0,0.6133
2002-12-23,0.0,0.6089
2002-12-24,0.0,0.5964
2002-12-25,0.0,0.6036
2002-12-26,1.52,0.6786
2002-12-27,0.4,0.7305
2002-12-28,19.11,0.7148
2002-12-29,13.86,0.6638
2002-12-30,6.78,0.6396
2002-12-31,14.62,0.6636
2003-01-01,0.0,0.6509
2003-01-02,0.0,0.7127
2003-01-03,0.0,0.7429
2003-01-04,0.0,0.79
2003-01-05,0.0,0.7978
2003-01-06,0.0,0.8243
2003-01-07,0.0,0.7578
2003-01-08,0.0,0.7323
2003-01-09,6.97,0.7458
2003-01-10,9.81,0.7686
2003-01-11,0.0,0.8412
2003-01-12,0.0,0.856
2003-01-13,0.69,0.9174
2003-01-14,0.0,0.89
2003-01-15,0.0,0.8912
2003-01-16,0.0,0.8709
2003-01-17,0.0,0.8907
2003-01-18,0.0,0.873
2003-01-19,0.0,0.8679
2003-01-20,0.0,0.8108
2003-01-21,3.47,0.8311
2003-01-22,0.0,0.9556
2003-01-23,1.0,0.973
2003-01-24,0.0,0.9984
2003-01-25,0.0,1.1129
2003-01-26,0.0,1.0584
2003-01-27,0.0,1.1695
2003-01-28,0.0,1.1631
2003-01-29,0.0,1.162
2003-01-30,0.0,1.1893
2003-01-31,0.0,1.2345
2003-02-01,0.0,1.1504
2003-02-02,0.0,1.1898
2003-02-03,0.0,1.2172
2003-02-04,0.0,1.2359
2003-02-05,0.0,1.2536
2003-02-06,0.0,1.2123
2003-02-07,0.0,1.284
2003-02-08,0.0,1.2272
2003-02-09,0.0,1.2948
2003-02-10,0.0,1.3791
2003-02-11,0.0,1.3801
2003-02-12,9.12,1.1211
2003-02-13,4.42,1.137
2003-02-14,0.0,1.1704
2003-02-15,0.0,1.3061
2003-02-16,15.48,1.2708
2003-02-17,0.0,1.5037
2003-02-18,0.0,1.5872
2003-02-19,1.48,1.4957
2003-02-20,0.0,1.6483
2003-02-21,0.0,1.7947
2003-02-22,0.0,1.8441
2003-02-23,0.0,1.8526
2003-02-24,0.0,1.7293
2003-02-25,7.4,1.3731
2003-02-26,0.0,1.5626
2003-02-27,6.88,1.3516
2003-02-28,0.0,1.8641
2003-03-01,0.0,1.8702
2003-03-02,0.0,2.0385
2003-03-03,0.0,1.8749
2003-03-04,0.0,1.8636
2003-03-05,0.0,2.1611
2003-03-06,0.0,2.2554
2003-03-07,0.0,2.2071
2003-03-08,0.0,2.2588
2003-03-09,0.0,2.3596
2003-03-10,0.0,2.4757
2003-03-11,0.0,2.4578
2003-03-12,0.0,2.6385
2003-03-13,0.0,2.5183
2003-03-14,6.26,1.8272
2003-03-15,17.31,1.8511
2003-03-16,8.55,1.8166
2003-03-17,0.0,2.3211
2003-03-18,0.0,2.5533
2003-03-19,0.0,2.6083
2003-03-20,0.0,2.4291
2003-03-21,0.0,2.8149
2003-03-22,0.0,2.499
2003-03-23,4.98,1.9666
2003-03-24,0.0,2.9039
2003-03-25,0.0,3.1284
2003-03-26,0.0,2.6498
2003-03-27,0.0,2.9824
2003-03-28,0.0,3.2143
2003-03-29,0.0,3.5108
2003-03-30,0.0,3.6527
2003-03-31,0.0,3.541
2003-04-01,0.0,2.7923
2003-04-02,4.04,1.8964
2003-04-03,0.0,2.5683
2003-04-04,9.89,2.0092
2003-04-05,0.0,2.8367
2003-04-06,0.0,2.8582
2003-04-07,0.0,3.3403
2003-04-08,0.0,3.7708
2003-04-09,0.0,3.8424
2003-04-10,0.0,3.5185
2003-04-11,0.0,3.3405
2003-04-12,23.06,2.343
2003-04-13,25.28,2.0983
2003-04-14,0.0,2.9827
2003-04-15,0.0,3.1067
2003-04-16,1.42,2.5494
2003-04-17,1.53,2.6468
2003-04-18,0.0,3.4085
2003-04-19,0.0,3.9251
2003-04-20,0.0,3.6908
2003-04-21,3.87,2.4265
2003-04-22,3.0,2.5138
2003-04-23,0.0,3.3754
2003-04-24,5.92,2.5152
2003-04-25,5.88,2.3133
2003-04-26,4.85,2.7456
2003-04-27,0.0,3.9933
2003-04-28,9.77,2.8778
2003-04-29,3.38,2.7101
2003-04-30,0.0,3.8689
2003-05-01,0.0,4.2888
2003-05-02,10.66,2.9866
2003-05-03,10.39,2.6371
2003-05-04,0.0,3.3693
2003-05-05,0.0,3.9283
2003-05-06,0.0,3.8767
2003-05-07,0.0,3.6987
2003-05-08,0.0,3.4556
2003-05-09,0.0,4.1428
2003-05-10,0.0,4.5841
2003-05-11,0.0,4.7467
2003-05-12,0.0,5.0693
2003-05-13,0.0,5.0421
2003-05-14,0.0,4.5102
2003-05-15,0.0,4.0806
2003-05-16,0.0,4.8094
2003-05-17,0.0,5.0401
2003-05-18,0.0,5.1474
2003-05-19,0.0,5.4019
2003-05-20,0.0,5.6998
2003-05-21,0.0,5.7126
2003-05-22,0.0,5.4925
2003-05-23,0.0,5.4819
2003-05-24,0.0,4.1398
2003-05-25,0.0,4.4744
2003-05-26,0.0,4.5524
2003-05-27,0.0,5.7841
2003-05-28,0.0,6.1088
2003-05-29,0.0,5.2177
2003-05-30,0.0,4.4019
2003-05-31,0.0,4.8446
2003-06-01,0.0,5.5506
2003-06-02,0.0,5.9441
2003-06-03,0.0,5.6452
2003-06-04,0.0,4.5574
2003-06-05,0.0,4.5165
2003-06-06,0.0,4.3844
2003-06-07,0.0,3.9708
2003-06-08,0.0,3.9602
2003-06-09,0.0,4.4639
2003-06-10,0.0,3.9949
2003-06-11,0.0,3.8337
2003-06-12,0.0,3.0282
2003-06-13,0.0,4.083
2003-06-14,0.0,4.6205
2003-06-15,0.0,5.2491
2003-06-16,0.0,5.6499
2003-06-17,0.0,5.0104
2003-06-18,0.0,4.6484
2003-06-19,0.0,4.6298
2003-06-20,0.0,4.6401
2003-06-21,0.0,4.643
2003-06-22,0.0,5.017
2003-06-23,0.0,4.9086
2003-06-24,0.0,5.5211
2003-06-25,0.0,6.1247
2003-06-26,0.0,6.451
2003-06-27,0.0,6.5143
2003-06-28,0.0,6.2091
2003-06-29,0.0,5.4138
2003-06-30,0.0,4.7943
2003-07-01,0.0,5.0863
2003-07-02,0.0,5.2975
2003-07-03,0.0,5.3308
2003-07-04,0.0,5.6718
2003-07-05,0.0,5.2104
2003-07-06,0.0,4.3777
2003-07-07,0.0,3.8819
2003-07-08,0.0,5.1009
2003-07-09,0.0,5.649
2003-07-10,0.0,5.3505
2003-07-11,0.0,5.253
2003-07-12,0.0,5.1268
2003-07-13,0.0,4.8855
2003-07-14,0.0,5.3758
2003-07-15,0.0,4.8987
2003-07-16,0.0,4.9908
2003-07-17,0.0,5.6007
2003-07-18,0.0,5.5615
2003-07-19,0.0,4.9636
2003-07-20,0.0,5.0555
2003-07-21,0.0,4.9558
2003-07-22,0.0,4.9026
2003-07-23,0.0,4.6071
2003-07-24,0.0,4.4649
2003-07-25,0.0,4.536
2003-07-26,0.0,4.7381
2003-07-27,0.0,4.8048
2003-07-28,0.0,4.8277
2003-07-29,0.0,4.589
2003-07-30,0.0,3.8501
2003-07-31,0.0,4.1737
2003-08-01,0.0,4.049
2003-08-02,0.0,4.1964
2003-08-03,0.0,4.0109
2003-08-04,0.0,4.0834
2003-08-05,0.0,4.1147
2003-08-06,0.0,3.7037
2003-08-07,0.0,3.8572
2003-08-08,0.0,4.1726
2003-08-09,0.0,4.1251
2003-08-10,0.0,4.2625
2003-08-11,0.0,4.2423
2003-08-12,0.0,4.3951
2003-08-13,0.0,4.4814
2003-08-14,0.0,4.124
2003-08-15,0.0,4.1853
2003-08-16,0.0,4.6201
2003-08-17,0.0,4.5815
2003-08-18,0.0,4.3296
2003-08-19,0.0,3.954
2003-08-20,0.0,4.0822
2003-08-21,0.0,3.557
2003-08-22,0.0,3.5069
2003-08-23,0.0,4.0314
2003-08-24,0.0,4.4099
2003-08-25,0.0,4.5001
2003-08-26,0.0,4.2223
2003-08-27,0.0,3.7008
2003-08-28,0.0,3.1782
2003-08-29,0.0,3.5966
2003-08-30,0.0,3.7197
2003-08-31,0.0,3.8542
2003-09-01,0.0,3.9525
2003-09-02,0.0,3.8435
2003-09-03,0.0,3.0807
2003-09-04,0.0,3.2304
2003-09-05,0.0,3.3197
2003-09-06,0.0,3.0881
2003-09-07,0.0,2.9749
2003-09-08,0.0,3.0374
2003-09-09,0.0,2.9204
2003-09-10,0.0,3.0896
2003-09-11,0.0,3.5741
2003-09-12,0.0,3.7475
2003-09-13,0.0,3.6921
2003-09-14,0.0,3.5007
2003-09-15,0.0,2.9878
2003-09-16,0.0,2.8701
2003-09-17,0.0,2.9266
2003-09-18,0.0,3.16
2003-09-19,0.0,3.1803
2003-09-20,0.0,3.1636
2003-09-21,0.0,3.2456
2003-09-22,0.0,3.2153
2003-09-23,0.0,2.9298
2003-09-24,0.0,2.2458
2003-09-25,0.0,2.1341
2003-09-26,0.0,2.2785
2003-09-27,0.0,2.135
2003-09-28,0.0,1.9759
2003-09-29,0.0,2.1896
2003-09-30,0.0,2.3308
2003-10-01,0.0,2.0616
2003-10-02,0.0,1.904
2003-10-03,0.0,1.9669
2003-10-04,0.0,1.9523
2003-10-05,0.0,2.0738
2003-10-06,0.0,2.1713
2003-10-07,0.0,2.0408
2003-10-08,0.0,1.9658
2003-10-09,0.0,1.8701
2003-10-10,0.0,1.8471
2003-10-11,0.0,1.8671
2003-10-12,0.0,1.905
2003-10-13,0.0,1.8716
2003-10-14,0.0,1.8028
2003-10-15,0.0,1.6805
2003-10-16,0.0,1.7045
2003-10-17,0.0,1.7026
2003-10-18,0.0,1.6355
2003-10-19,0.0,1.6254
2003-10-20,0.0,1.5908
2003-10-21,0.0,1.6168
2003-10-22,0.0,1.4971
2003-10-23,0.0,1.4711
2003-10-24,0.0,1.4609
2003-10-25,0.0,1.3978
2003-10-26,0.0,1.4477
2003-10-27,0.0,1.3948
2003-10-28,0.0,1.2951
2003-10-29,0.0,1.2848
2003-10-30,0.0,1.1202
2003-10-31,4.08,0.9345
2003-11-01,0.0,0.9488
2003-11-02,0.0,0.9354
2003-11-03,4.19,0.9051
2003-11-04,0.0,0.8893
2003-11-05,0.0,0.9234
2003-11-06,0.0,0.9856
2003-11-07,4.3,0.9464
2003-11-08,14.94,0.9376
2003-11-09,14.93,0.9209
2003-11-10,0.0,1.0261
2003-11-11,0.0,1.0106
2003-11-12,0.0,1.0207
2003-11-13,0.0,1.0078
2003-11-14,2.01,0.9326
2003-11-15,4.0,0.7837
2003-11-16,0.0,0.87
2003-11-17,1.4,0.934
2003-11-18,0.0,0.9149
2003-11-19,0.0,0.9293
2003-11-20,0.0,0.9334
2003-11-21,0.0,0.7862
2003-11-22,0.0,0.7341
2003-11-23,0.0,0.7326
2003-11-24,0.0,0.7479
2003-11-25,0.0,0.7111
2003-11-26,0.0,0.7663
2003-11-27,0.0,0.7486
2003-11-28,0.0,0.7958
2003-11-29,0.0,0.7871
2003-11-30,4.74,0.7162
2003-12-01,3.3,0.771
2003-12-02,2.83,0.7917
2003-12-03,0.0,0.7741
2003-12-04,4.32,0.6992
2003-12-05,3.77,0.7695
2003-12-06,7.7,0.7675
2003-12-07,6.41,0.714
2003-12-08,0.0,0.6615
2003-12-09,6.99,0.6539
2003-12-10,12.77,0.6889
2003-12-11,7.43,0.6697
2003-12-12,0.0,0.6417
2003-12-13,2.2,0.7172
2003-12-14,12.8,0.6723
2003-12-15,0.0,0.5916
2003-12-16,0.0,0.5868
2003-12-17,0.0,0.6312
2003-12-18,0.0,0.6637
2003-12-19,9.28,0.6554
2003-12-20,10.96,0.6893
2003-12-21,6.06,0.6712
2003-12-22,0.0,0.6772
2003-12-23,6.61,0.6864
2003-12-24,8.81,0.6639
2003-12-25,7.95,0.6459
2003-12-26,0.0,0.5799
2003-12-27,0.0,0.5486
2003-12-28,0.0,0.5621
2003-12-29,25.47,0.6226
2003-12-30,12.25,0.6274
2003-12-31,0.0,0.6676
2004-01-01,31.96,0.6528
2004-01-02,12.17,0.6103
2004-01-03,0.0,0.5796
2004-01-04,0.0,0.5721
2004-01-05,0.0,0.6176
2004-01-06,0.0,0.6725
2004-01-07,2.89,0.7297
2004-01-08,0.0,0.8372
2004-01-09,1.96,0.8253
2004-01-10,0.0,0.8316
2004-01-11,0.0,0.836
2004-01-12,0.0,0.8339
2004-01-13,0.0,0.762
2004-01-14,0.51,0.7606
2004-01-15,0.0,0.8232
2004-01-16,0.0,0.7983
2004-01-17,0.0,0.758
2004-01-18,0.0,0.8354
2004-01-19,0.0,0.8328
2004-01-20,0.0,0.832
2004-01-21,0.0,0.8896
2004-01-22,0.0,0.8951
2004-01-23,0.0,0.8978
2004-01-24,9.02,0.8232
2004-01-25,0.0,0.9455
2004-01-26,0.0,0.9566
2004-01-27,3.4,0.878
2004-01-28,0.0,1.0189
2004-01-29,0.0,0.9908
2004-01-30,1.06,1.0251
2004-01-31,0.0,1.0546
2004-02-01,0.76,1.0412
2004-02-02,16.37,0.8854
2004-02-03,10.88,0.9027
2004-02-04,2.29,1.0474
2004-02-05,0.0,1.2298
2004-02-06,0.0,1.3196
2004-02-07,0.0,1.2805
2004-02-08,0.0,1.2975
2004-02-09,0.0,1.3495
2004-02-10,0.0,1.4342
2004-02-11,0.0,1.4474
2004-02-12,0.0,1.5191
2004-02-13,0.96,1.5359
2004-02-14,0.0,1.526
2004-02-15,0.0,1.6026
2004-02-16,12.94,1.2436
2004-02-17,14.37,1.0861
2004-02-18,12.89,1.2218
2004-02-19,0.0,1.4962
2004-02-20,0.74,1.2407
2004-02-21,2.7,1.1952
2004-02-22,4.51,1.1925
2004-02-23,0.0,1.6847
2004-02-24,2.52,1.5459
2004-02-25,22.55,1.2059
2004-02-26,13.23,1.2319
2004-02-27,6.2,1.4238
2004-02-28,0.0,1.8743
2004-02-29,0.0,1.8189
2004-03-01,2.91,1.2887
2004-03-02,3.08,1.7242
2004-03-03,0.0,2.1403
2004-03-04,0.0,2.203
2004-03-05,0.0,2.287
2004-03-06,0.0,2.391
2004-03-07,0.0,2.6566
2004-03-08,0.0,2.8932
2004-03-09,0.0,3.0446
2004-03-10,0.0,3.108
2004-03-11,0.0,3.0846
2004-03-12,0.0,3.0616
2004-03-13,0.0,3.1597
2004-03-14,0.0,3.1808
2004-03-15,0.0,3.3166
2004-03-16,0.0,3.4235
2004-03-17,0.0,3.4306
2004-03-18,0.0,3.492
2004-03-19,0.0,3.2849
2004-03-20,0.0,3.3668
2004-03-21,0.0,3.1079
2004-03-22,0.0,2.6649
2004-03-23,0.0,2.3814
2004-03-24,0.0,2.4756
2004-03-25,8.92,1.9819
2004-03-26,6.0,1.9312
2004-03-27,0.0,2.4293
2004-03-28,0.0,3.3252
2004-03-29,0.0,3.4518
2004-03-30,0.0,2.678
2004-03-31,0.0,2.5344
2004-04-01,0.0,3.1052
2004-04-02,0.0,3.0707
2004-04-03,0.0,3.4163
2004-04-04,0.0,3.0469
2004-04-05,0.0,2.5141
2004-04-06,0.0,2.8783
2004-04-07,0.0,3.4513
2004-04-08,0.0,3.5883
2004-04-09,0.0,3.8955
2004-04-10,0.0,4.105
2004-04-11,0.0,3.9193
2004-04-12,0.0,3.3534
2004-04-13,0.0,3.0294
2004-04-14,0.0,3.147
2004-04-15,0.0,2.9315
2004-04-16,0.0,3.1901
2004-04-17,0.0,3.1594
2004-04-18,2.27,2.773
2004-04-19,1.68,3.0054
2004-04-20,2.17,2.9061
2004-04-21,0.0,3.1141
2004-04-22,0.0,4.3325
2004-04-23,0.0,4.7568
2004-04-24,0.0,4.8885
2004-04-25,0.0,5.1047
2004-04-26,0.0,5.3035
2004-04-27,0.0,5.3369
2004-04-28,0.0,5.0395
2004-04-29,0.0,4.5999
2004-04-30,0.0,4.5882
2004-05-01,0.0,4.8139
2004-05-02,0.0,5.2045
2004-05-03,0.0,5.1226
2004-05-04,0.0,4.6684
2004-05-05,0.0,4.0345
2004-05-06,0.0,4.2507
2004-05-07,0.0,4.3567
2004-05-08,0.0,4.086
2004-05-09,0.0,4.2089
2004-05-10,0.0,3.9988
2004-05-11,0.0,3.6352
2004-05-12,0.0,4.2536
2004-05-13,0.0,4.6542
2004-05-14,0.0,4.7982
2004-05-15,0.0,4.3848
2004-05-16,0.0,4.2666
2004-05-17,0.0,3.5889
2004-05-18,0.0,3.5064
2004-05-19,0.0,4.0361
2004-05-20,0.0,3.7617
2004-05-21,0.0,3.2191
2004-05-22,0.0,2.8807
2004-05-23,0.0,3.8018
2004-05-24,0.0,3.9141
2004-05-25,0.0,4.1284
2004-05-26,0.0,4.4265
2004-05-27,0.0,4.4206
2004-05-28,2.0,3.9347
2004-05-29,0.0,4.3748
2004-05-30,0.0,5.1472
2004-05-31,0.0,5.3012
2004-06-01,0.0,5.2973
2004-06-02,0.0,5.1922
2004-06-03,0.0,4.6702
2004-06-04,0.0,4.8033
2004-06-05,0.0,4.8683
2004-06-06,0.0,4.8717
2004-06-07,0.0,4.784
2004-06-08,0.0,4.3214
2004-06-09,0.0,4.5312
2004-06-10,0.0,4.1851
2004-06-11,0.0,4.6178
2004-06-12,0.0,4.965
2004-06-13,0.0,5.1645
2004-06-14,0.0,5.4601
2004-06-15,0.0,5.8491
2004-06-16,0.0,5.6032
2004-06-17,0.0,4.9166
2004-06-18,0.0,4.5619
2004-06-19,0.0,4.4074
2004-06-20,0.0,4.1391
2004-06-21,0.0,4.4921
2004-06-22,0.0,4.4679
2004-06-23,0.0,4.3395
2004-06-24,0.0,4.4595
2004-06-25,0.0,4.9447
2004-06-26,0.0,4.9217
2004-06-27,0.0,5.2996
2004-06-28,0.0,5.0019
2004-06-29,0.0,4.6321
2004-06-30,0.0,4.2491
2004-07-01,0.0,4.131
2004-07-02,0.0,4.8203
2004-07-03,0.0,5.1542
2004-07-04,0.0,5.0798
2004-07-05,0.0,5.2145
2004-07-06,0.0,5.173
2004-07-07,0.0,4.5499
2004-07-08,0.0,4.6838
2004-07-09,0.0,4.2612
2004-07-10,0.0,4.4154
2004-07-11,0.0,5.1532
2004-07-12,0.0,4.993
2004-07-13,0.0,4.4909
2004-07-14,0.0,4.641
2004-07-15,0.0,5.0051
2004-07-16,0.0,4.9925
2004-07-17,0.0,4.9659
2004-07-18,0.0,4.8439
2004-07-19,0.0,4.7229
2004-07-20,0.0,4.6068
2004-07-21,0.0,5.2081
2004-07-22,0.0,5.0184
2004-07-23,0.0,4.5033
2004-07-24,0.0,4.2654
2004-07-25,0.0,4.9388
2004-07-26,0.0,5.0662
2004-07-27,0.0,4.6315
2004-07-28,0.0,4.4595
2004-07-29,0.0,4.4255
2004-07-30,0.0,4.371
2004-07-31,0.0,4.0481
2004-08-01,0.0,3.7928
2004-08-02,0.0,2.9246
2004-08-03,0.0,4.0096
2004-08-04,0.0,4.2166
2004-08-05,0.0,4.2805
2004-08-06,0.0,4.3825
2004-08-07,0.0,4.7945
2004-08-08,0.0,4.8253
2004-08-09,0.0,4.2866
2004-08-10,0.0,4.4916
2004-08-11,0.0,4.8607
2004-08-12,0.0,4.6773
2004-08-13,0.0,4.2247
2004-08-14,0.0,3.721
2004-08-15,0.0,3.7493
2004-08-16,0.0,4.1271
2004-08-17,0.0,4.4971
2004-08-18,0.0,4.5421
2004-08-19,0.0,4.2476
2004-08-20,0.0,4.0923
2004-08-21,0.0,3.7358
2004-08-22,0.0,3.4705
2004-08-23,0.0,3.3424
2004-08-24,0.0,3.2411
2004-08-25,0.0,3.436
2004-08-26,0.0,3.9245
2004-08-27,0.0,4.2481
2004-08-28,0.0,4.4144
2004-08-29,0.0,4.1946
2004-08-30,0.0,3.9025
2004-08-31,0.0,3.6262
2004-09-01,0.0,3.4253
2004-09-02,0.0,3.5739
2004-09-03,0.0,3.7388
2004-09-04,0.0,3.809
2004-09-05,0.0,4.001
2004-09-06,0.0,4.0355
2004-09-07,0.0,3.961
2004-09-08,0.0,3.8664
2004-09-09,0.0,3.6713
2004-09-10,0.0,3.4136
2004-09-11,0.0,3.3893
2004-09-12,0.0,2.9185
2004-09-13,0.0,2.844
2004-09-14,0.0,3.1006
2004-09-15,0.0,3.245
2004-09-16,0.0,3.0913
2004-09-17,0.0,2.7588
2004-09-18,0.0,2.1782
2004-09-19,7.69,1.6545
2004-09-20,0.0,2.2908
2004-09-21,0.0,2.5879
2004-09-22,0.0,2.7569
2004-09-23,0.0,2.7892
2004-09-24,0.0,2.7868
2004-09-25,0.0,2.6375
2004-09-26,0.0,2.5703
2004-09-27,0.0,2.3112
2004-09-28,0.0,2.0014
2004-09-29,0.0,1.8866
2004-09-30,0.0,1.751
2004-10-01,0.0,1.8962
2004-10-02,0.0,2.0847
2004-10-03,0.0,1.954
2004-10-04,0.0,1.732
2004-10-05,0.0,1.9428
2004-10-06,0.0,2.1166
2004-10-07,0.0,2.0793
2004-10-08,0.0,1.9729
2004-10-09,0.0,1.8642
2004-10-10,0.0,1.8734
2004-10-11,0.0,1.9538
2004-10-12,0.0,1.9714
2004-10-13,0.0,1.9513
2004-10-14,0.0,1.8916
2004-10-15,0.0,1.7594
2004-10-16,0.0,1.5436
2004-10-17,5.44,1.2647
2004-10-18,7.09,1.2378
2004-10-19,24.55,1.1293
2004-10-20,14.3,1.1686
2004-10-21,0.0,1.4732
2004-10-22,0.0,1.4904
2004-10-23,8.24,1.1796
2004-10-24,6.48,1.1202
2004-10-25,0.0,1.4201
2004-10-26,22.72,1.1481
2004-10-27,0.0,1.2788
2004-10-28,0.0,1.2989
2004-10-29,0.0,1.3342
2004-10-30,0.0,1.3257
2004-10-31,0.0,1.3756
2004-11-01,0.0,1.3826
2004-11-02,0.0,1.3507
2004-11-03,3.11,1.0891
2004-11-04,3.46,0.922
2004-11-05,0.0,1.1812
2004-11-06,0.0,1.2295
2004-11-07,0.0,1.2079
2004-11-08,0.0,1.0605
2004-11-09,0.0,0.928
2004-11-10,3.07,0.9379
2004-11-11,10.81,0.8679
2004-11-12,5.08,0.9332
2004-11-13,0.0,1.0963
2004-11-14,0.0,1.0744
2004-11-15,0.0,1.0432
2004-11-16,0.0,1.023
2004-11-17,0.0,1.0326
2004-11-18,0.0,0.9748
2004-11-19,0.0,0.9321
2004-11-20,0.0,0.9294
2004-11-21,0.0,0.9151
2004-11-22,0.0,0.8414
2004-11-23,0.0,0.801
2004-11-24,0.0,0.8137
2004-11-25,0.0,0.8259
2004-11-26,0.0,0.8371
2004-11-27,9.02,0.7666
2004-11-28,0.0,0.7469
2004-11-29,0.0,0.6705
2004-11-30,0.0,0.6276
2004-12-01,0.0,0.6347
2004-12-02,0.0,0.6263
2004-12-03,0.0,0.6464
2004-12-04,0.0,0.605
2004-12-05,0.0,0.6437
2004-12-06,0.0,0.6634
2004-12-07,20.07,0.6855
2004-12-08,21.35,0.6993
2004-12-09,0.0,0.7726
2004-12-10,0.0,0.7496
2004-12-11,0.0,0.7288
2004-12-12,0.0,0.7171
2004-12-13,0.0,0.7432
2004-12-14,0.0,0.7091
2004-12-15,0.0,0.7092
2004-12-16,0.0,0.679
2004-12-17,0.0,0.6415
2004-12-18,0.0,0.6042
2004-12-19,0.0,0.6245
2004-12-20,0.0,0.6092
2004-12-21,0.0,0.6106
2004-12-22,0.0,0.6919
2004-12-23,0.0,0.6714
2004-12-24,0.0,0.6133
2004-12-25,0.0,0.5935
2004-12-26,0.0,0.6602
2004-12-27,26.19,0.6613
2004-12-28,11.32,0.6206
2004-12-29,9.09,0.6474
2004-12-30,23.2,0.665
2004-12-31,16.15,0.6598
2005-01-01,7.41,0.6472
2005-01-02,11.82,0.6276
2005-01-03,6.91,0.6103
2005-01-04,0.54,0.6472
2005-01-05,1.0,0.6566
2005-01-06,0.98,0.6877
2005-01-07,10.19,0.6945
2005-01-08,10.46,0.6758
2005-01-09,5.04,0.6989
2005-01-10,8.13,0.7177
2005-01-11,14.22,0.7112
2005-01-12,0.0,0.7039
2005-01-13,0.0,0.6772
2005-01-14,0.0,0.6979
2005-01-15,0.0,0.7508
2005-01-16,0.0,0.8307
2005-01-17,0.0,0.8854
2005-01-18,0.0,0.8422
2005-01-19,0.0,0.8718
2005-01-20,0.0,0.9142
2005-01-21,0.0,0.8983
2005-01-22,0.0,0.9002
2005-01-23,0.0,0.9253
2005-01-24,0.0,0.9424
2005-01-25,2.35,0.9284
2005-01-26,6.44,0.9586
2005-01-27,2.97,0.9828
2005-01-28,7.56,0.8758
2005-01-29,0.75,1.001
2005-01-30,0.0,1.0768
2005-01-31,0.0,1.1226
2005-02-01,0.0,1.2262
2005-02-02,0.0,1.3007
2005-02-03,0.0,1.2707
2005-02-04,0.0,1.2522
2005-02-05,0.0,1.2891
2005-02-06,0.0,1.253
2005-02-07,3.02,0.9811
2005-02-08,0.0,1.1186
2005-02-09,0.0,1.3087
2005-02-10,0.0,1.4494
2005-02-11,1.6,1.4077
2005-02-12,1.05,1.4808
2005-02-13,0.0,1.3646
2005-02-14,10.39,0.9926
2005-02-15,31.99,0.928
2005-02-16,13.21,1.1516
2005-02-17,4.61,1.1132
2005-02-18,10.11,1.3315
2005-02-19,9.88,1.2803
2005-02-20,6.13,1.2288
2005-02-21,9.78,1.3484
2005-02-22,0.0,1.8458
2005-02-23,0.0,1.7497
2005-02-24,0.0,1.3746
2005-02-25,0.0,1.4015
2005-02-26,0.0,1.6977
2005-02-27,8.2,1.4018
2005-02-28,7.02,1.5721
2005-03-01,0.09,2.0609
2005-03-02,7.47,1.6382
2005-03-03,0.09,2.1618
2005-03-04,12.99,1.5107
2005-03-05,0.0,2.2506
2005-03-06,0.0,2.5511
2005-03-07,0.0,2.6385
2005-03-08,0.0,2.6542
2005-03-09,0.0,2.8215
2005-03-10,0.0,2.9925
2005-03-11,0.0,3.1437
2005-03-12,0.0,2.9683
2005-03-13,0.0,2.4107
2005-03-14,0.0,2.8195
2005-03-15,0.0,2.9287
2005-03-16,0.0,2.936
2005-03-17,0.0,2.6703
2005-03-18,6.13,1.6514
2005-03-19,6.63,1.5178
2005-03-20,7.04,1.671
2005-03-21,6.18,1.9164
2005-03-22,20.04,1.5747
2005-03-23,14.06,1.4703
2005-03-24,5.5,1.974
2005-03-25,0.0,2.7763
2005-03-26,0.0,2.9763
2005-03-27,9.78,2.5081
2005-03-28,11.37,2.0982
2005-03-29,6.58,2.0229
2005-03-30,0.0,3.0898
2005-03-31,0.0,3.4298
2005-04-01,0.0,3.5916
2005-04-02,0.0,3.3045
2005-04-03,0.12,2.8761
2005-04-04,12.47,2.396
2005-04-05,0.0,3.4135
2005-04-06,0.0,3.7364
2005-04-07,3.58,2.6081
2005-04-08,8.15,2.2597
2005-04-09,6.05,2.3478
2005-04-10,0.0,3.6374
2005-04-11,0.0,3.5303
2005-04-12,0.0,3.3977
2005-04-13,0.0,3.3087
2005-04-14,0.0,3.6411
2005-04-15,0.0,3.9313
2005-04-16,0.0,4.006
2005-04-17,0.0,3.6289
2005-04-18,0.0,3.7491
2005-04-19,0.0,3.8899
2005-04-20,0.0,3.822
2005-04-21,0.0,4.0661
2005-04-22,0.0,4.3318
2005-04-23,3.16,3.0035
2005-04-24,0.0,3.0904
2005-04-25,0.0,3.6824
2005-04-26,0.0,4.172
2005-04-27,0.07,3.93
2005-04-28,14.28,2.6208
2005-04-29,0.0,3.7498
2005-04-30,0.0,3.7713
2005-05-01,0.0,3.9333
2005-05-02,0.0,4.1684
2005-05-03,0.0,4.0735
2005-05-04,7.42,2.8308
2005-05-05,10.64,2.7824
2005-05-06,0.0,3.3432
2005-05-07,0.0,3.8672
2005-05-08,8.44,2.6125
2005-05-09,5.97,2.431
2005-05-10,0.0,3.8797
2005-05-11,0.0,4.3838
2005-05-12,0.0,4.8147
2005-05-13,0.0,4.7925
2005-05-14,0.0,4.8162
2005-05-15,0.0,4.3821
2005-05-16,0.0,4.1529
2005-05-17,0.0,3.7442
2005-05-18,0.0,3.5854
2005-05-19,9.93,2.5759
2005-05-20,0.0,4.448
2005-05-21,0.0,5.2453
2005-05-22,0.0,5.2702
2005-05-23,0.0,5.488
2005-05-24,0.0,5.7665
2005-05-25,0.0,5.7422
2005-05-26,0.0,5.4053
2005-05-27,0.0,4.662
2005-05-28,0.0,4.4505
2005-05-29,0.0,4.1991
2005-05-30,0.0,5.1856
2005-05-31,0.0,5.4485
2005-06-01,0.0,5.608
2005-06-02,0.0,5.4497
2005-06-03,0.0,5.1709
2005-06-04,0.0,5.1907
2005-06-05,0.0,4.7168
2005-06-06,0.0,4.2336
2005-06-07,0.0,4.4339
2005-06-08,3.12,3.0003
2005-06-09,3.44,2.6629
2005-06-10,0.0,4.4646
2005-06-11,0.0,5.0125
2005-06-12,0.0,5.66
2005-06-13,0.0,5.9848
2005-06-14,0.0,5.7405
2005-06-15,0.0,5.5258
2005-06-16,0.0,4.6251
2005-06-17,3.32,3.1433
2005-06-18,0.0,4.4313
2005-06-19,0.0,4.6056
2005-06-20,0.0,4.6996
2005-06-21,0.0,4.6521
2005-06-22,0.0,5.0311
2005-06-23,0.0,5.0776
2005-06-24,0.0,4.6964
2005-06-25,0.0,4.5249
2005-06-26,0.0,4.6283
2005-06-27,0.0,4.4648
2005-06-28,0.0,4.6828
2005-06-29,0.0,5.5316
2005-06-30,0.0,5.7108
2005-07-01,0.0,5.6424
2005-07-02,0.0,5.5036
2005-07-03,0.0,5.3272
2005-07-04,0.0,5.3307
2005-07-05,0.0,5.0793
2005-07-06,0.0,5.1564
2005-07-07,0.0,5.0241
2005-07-08,0.0,4.6503
2005-07-09,0.0,4.0601
2005-07-10,0.0,4.3943
2005-07-11,0.0,5.0295
2005-07-12,0.0,5.5548
2005-07-13,0.0,5.6039
2005-07-14,0.0,5.6006
2005-07-15,0.0,5.7055
2005-07-16,0.0,5.6995
2005-07-17,0.0,5.5644
2005-07-18,0.0,5.2465
2005-07-19,0.0,5.0577
2005-07-20,0.0,5.0537
2005-07-21,0.0,4.5933
2005-07-22,0.0,4.5422
2005-07-23,0.0,5.5818
2005-07-24,0.0,5.3815
2005-07-25,0.0,5.0723
2005-07-26,0.0,5.0688
2005-07-27,0.0,4.9105
2005-07-28,0.0,4.5647
2005-07-29,0.0,4.4448
2005-07-30,0.0,4.8211
2005-07-31,0.0,4.8934
2005-08-01,0.0,4.8973
2005-08-02,0.0,4.7003
2005-08-03,0.0,4.5809
2005-08-04,0.0,4.7624
2005-08-05,0.0,4.8175
2005-08-06,0.0,4.8382
2005-08-07,0.0,4.5739
2005-08-08,0.0,4.1989
2005-08-09,0.0,4.3129
2005-08-10,0.0,4.3752
2005-08-11,0.0,4.5245
2005-08-12,0.0,4.5824
2005-08-13,0.0,3.7339
2005-08-14,0.0,3.3799
2005-08-15,0.0,3.4759
2005-08-16,0.0,3.8517
2005-08-17,0.0,3.8778
2005-08-18,0.0,3.1382
2005-08-19,0.0,3.2655
2005-08-20,0.0,3.4293
2005-08-21,0.0,3.4143
2005-08-22,0.0,4.0047
2005-08-23,0.0,4.0838
2005-08-24,0.0,3.835
2005-08-25,0.0,3.7274
2005-08-26,0.0,3.9757
2005-08-27,0.0,4.1085
2005-08-28,0.0,4.1142
2005-08-29,0.0,3.862
2005-08-30,0.0,3.9964
2005-08-31,0.0,4.124
2005-09-01,0.0,3.8532
2005-09-02,0.0,3.3531
2005-09-03,0.0,3.2181
2005-09-04,0.0,3.1571
2005-09-05,0.0,3.3638
2005-09-06,0.0,3.3555
2005-09-07,0.0,3.0785
2005-09-08,0.0,2.8777
2005-09-09,0.0,2.4037
2005-09-10,0.0,2.7997
2005-09-11,0.0,2.8342
2005-09-12,0.0,2.7728
2005-09-13,0.0,2.6543
2005-09-14,0.0,2.5628
2005-09-15,0.0,2.6986
2005-09-16,0.0,2.6884
2005-09-17,0.0,2.5129
2005-09-18,0.0,2.7437
2005-09-19,0.0,3.0093
2005-09-20,2.92,2.403
2005-09-21,0.66,2.6457
2005-09-22,0.0,2.7552
2005-09-23,0.0,2.5156
2005-09-24,0.0,2.4322
2005-09-25,0.0,2.5857
2005-09-26,0.0,2.5511
2005-09-27,0.0,2.4894
2005-09-28,0.0,2.641
2005-09-29,0.0,2.6263
2005-09-30,0.0,2.6186
2005-10-01,0.0,2.4095
2005-10-02,0.0,2.0967
2005-10-03,0.0,1.9894
2005-10-04,0.0,1.9802
2005-10-05,0.0,2.1038
2005-10-06,0.0,2.1592
2005-10-07,0.0,2.0825
2005-10-08,0.0,1.7944
2005-10-09,0.0,1.8787
2005-10-10,0.0,1.9507
2005-10-11,0.0,1.8422
2005-10-12,0.0,1.8412
2005-10-13,0.0,1.8933
2005-10-14,0.0,1.7915
2005-10-15,3.4,1.3915
2005-10-16,0.0,1.6438
2005-10-17,0.0,1.6791
2005-10-18,0.0,1.5889
2005-10-19,0.0,1.4054
2005-10-20,0.0,1.399
2005-10-21,0.0,1.4168
2005-10-22,0.0,1.4043
2005-10-23,0.0,1.351
2005-10-24,0.0,1.2768
2005-10-25,0.0,1.2448
2005-10-26,2.0,1.1799
2005-10-27,0.0,1.1465
2005-10-28,1.0,1.1869
2005-10-29,0.84,1.1506
2005-10-30,0.0,1.0991
2005-10-31,0.0,1.1062
2005-11-01,0.0,1.0831
2005-11-02,0.0,1.0751
2005-11-03,0.0,0.9857
2005-11-04,2.0,1.0436
2005-11-05,0.0,0.9323
2005-11-06,0.0,0.9599
2005-11-07,0.0,1.0215
2005-11-08,5.3,0.9464
2005-11-09,0.0,0.9253
2005-11-10,0.0,0.8555
2005-11-11,0.0,0.8828
2005-11-12,0.0,0.8426
2005-11-13,0.0,0.7645
2005-11-14,0.0,0.7945
2005-11-15,0.0,0.8515
2005-11-16,0.0,0.6694
2005-11-17,0.0,0.6193
2005-11-18,0.0,0.6025
2005-11-19,0.0,0.5333
2005-11-20,0.0,0.5449
2005-11-21,0.0,0.4936
2005-11-22,0.0,0.5119
2005-11-23,0.0,0.5387
2005-11-24,0.0,0.5856
2005-11-25,3.56,0.7935
2005-11-26,0.0,0.6075
2005-11-27,0.0,0.5445
2005-11-28,0.13,0.5896
2005-11-29,6.99,0.7198
2005-11-30,0.0,0.7129
2005-12-01,15.04,0.7401
2005-12-02,10.88,0.6858
2005-12-03,0.0,0.6535
2005-12-04,0.0,0.6552
2005-12-05,0.0,0.6238
2005-12-06,0.0,0.6045
2005-12-07,0.0,0.6543
2005-12-08,0.0,0.6953
2005-12-09,0.0,0.685
2005-12-10,0.0,0.6538
2005-12-11,0.0,0.6831
2005-12-12,0.0,0.6931
2005-12-13,0.0,0.666
2005-12-14,0.0,0.6101
2005-12-15,0.0,0.6147
2005-12-16,0.0,0.5868
2005-12-17,10.01,0.5747
2005-12-18,37.44,0.6728
2005-12-19,9.37,0.7033
2005-12-20,0.0,0.7742
2005-12-21,7.98,0.763
2005-12-22,12.8,0.7208
2005-12-23,4.96,0.7425
2005-12-24,0.0,0.8234
2005-12-25,12.41,0.7323
2005-12-26,16.01,0.6977
2005-12-27,3.42,0.718
2005-12-28,8.8,0.7231
2005-12-29,1.09,0.6818
2005-12-30,6.72,0.6994
2005-12-31,39.78,0.7363
2006-01-01,4.24,0.6993
2006-01-02,25.04,0.6833
2006-01-03,11.71,0.6586
2006-01-04,0.0,0.7794
2006-01-05,0.0,0.7979
2006-01-06,0.0,0.7581
2006-01-07,5.27,0.7808
2006-01-08,0.0,0.7351
2006-01-09,0.0,0.7304
2006-01-10,0.0,0.7455
2006-01-11,1.0,0.8142
2006-01-12,0.0,0.775
2006-01-13,0.0,0.8451
2006-01-14,12.42,0.7809
2006-01-15,0.95,0.7286
2006-01-16,0.0,0.7789
2006-01-17,0.05,0.8547
2006-01-18,5.49,0.7921
2006-01-19,0.43,0.8083
2006-01-20,0.0,0.8137
2006-01-21,1.36,0.8341
2006-01-22,0.0,0.9002
2006-01-23,0.0,0.982
2006-01-24,0.0,0.9938
2006-01-25,0.0,1.0206
2006-01-26,0.0,0.9695
2006-01-27,0.59,0.9621
2006-01-28,2.94,0.9179
2006-01-29,3.53,0.9258
2006-01-30,6.3,0.9539
2006-01-31,0.0,1.0508
2006-02-01,0.0,1.0824
2006-02-02,2.89,0.9889
2006-02-03,0.0,1.2268
2006-02-04,1.15,1.2314
2006-02-05,0.0,1.2889
2006-02-06,0.0,1.3558
2006-02-07,0.0,1.4738
2006-02-08,0.0,1.5272
2006-02-09,0.0,1.5857
2006-02-10,0.0,1.6101
2006-02-11,0.0,1.6374
2006-02-12,0.0,1.61
2006-02-13,0.0,1.709
2006-02-14,0.0,1.654
2006-02-15,0.0,1.4717
2006-02-16,0.0,1.3272
2006-02-17,8.39,1.0098
2006-02-18,0.26,1.2432
2006-02-19,0.0,1.203
2006-02-20,0.0,1.4063
2006-02-21,0.0,1.5682
2006-02-22,0.0,1.712
2006-02-23,0.0,1.8435
2006-02-24,0.0,1.9344
2006-02-25,0.0,1.9509
2006-02-26,7.32,1.5684
2006-02-27,14.34,1.4291
2006-02-28,12.84,1.4108
2006-03-01,6.44,1.4849
2006-03-02,8.64,1.4144
2006-03-03,13.87,1.3882
2006-03-04,0.0,1.7109
2006-03-05,0.0,1.6596
2006-03-06,22.56,1.43
2006-03-07,5.91,1.393
2006-03-08,0.0,1.9178
2006-03-09,2.7,1.4556
2006-03-10,5.0,1.4503
2006-03-11,6.53,1.3964
2006-03-12,5.29,1.3565
2006-03-13,5.28,1.673
2006-03-14,13.63,1.5939
2006-03-15,1.88,1.9894
2006-03-16,7.02,1.6891
2006-03-17,12.06,1.6741
2006-03-18,0.0,2.4226
2006-03-19,0.0,2.5444
2006-03-20,14.39,1.6976
2006-03-21,10.91,1.7709
2006-03-22,0.0,2.5473
2006-03-23,0.0,2.9465
2006-03-24,0.0,2.9825
2006-03-25,25.14,2.1277
2006-03-26,0.0,2.7412
2006-03-27,7.01,2.3902
2006-03-28,5.5,2.1753
2006-03-29,7.27,2.0311
2006-03-30,2.38,2.2041
2006-03-31,5.41,2.096
2006-04-01,5.57,2.3113
2006-04-02,11.46,2.2669
2006-04-03,14.17,1.7056
2006-04-04,17.81,1.586
2006-04-05,11.76,2.0622
2006-04-06,0.0,3.2198
2006-04-07,4.28,2.705
2006-04-08,3.23,2.815
2006-04-09,5.54,2.5094
2006-04-10,3.88,2.3361
2006-04-11,4.96,2.2182
2006-04-12,9.84,1.8962
2006-04-13,9.24,2.9507
2006-04-14,0.0,3.8029
2006-04-15,2.89,2.6077
2006-04-16,10.6,2.1697
2006-04-17,7.53,2.7374
2006-04-18,0.0,3.907
2006-04-19,0.0,4.3077
2006-04-20,0.0,4.344
2006-04-21,0.0,3.9934
2006-04-22,0.0,3.7907
2006-04-23,0.0,3.4332
2006-04-24,0.0,2.9765
2006-04-25,0.0,2.9916
2006-04-26,0.0,4.155
2006-04-27,0.0,4.8845
2006-04-28,0.0,4.9336
2006-04-29,0.0,4.4997
2006-04-30,0.0,4.8962
2006-05-01,0.0,5.2257
2006-05-02,0.0,5.191
2006-05-03,0.0,4.7653
2006-05-04,0.0,3.9532
2006-05-05,0.0,3.8167
2006-05-06,0.0,3.7886
2006-05-07,0.0,4.8387
2006-05-08,0.0,4.8681
2006-05-09,0.0,5.1112
2006-05-10,0.0,5.4682
2006-05-11,0.0,5.3606
2006-05-12,0.0,5.0669
2006-05-13,0.0,4.9183
2006-05-14,0.0,5.6058
2006-05-15,0.0,5.5375
2006-05-16,0.0,5.1132
2006-05-17,0.0,4.9253
2006-05-18,0.0,5.0298
2006-05-19,3.01,3.4783
2006-05-20,1.73,4.151
2006-05-21,6.79,2.817
2006-05-22,5.44,3.0788
2006-05-23,0.0,4.1184
2006-05-24,0.0,4.4776
2006-05-25,0.0,4.1826
2006-05-26,0.0,3.8701
2006-05-27,0.0,3.9039
2006-05-28,0.0,4.4672
2006-05-29,0.0,4.8523
2006-05-30,0.0,4.9568
2006-05-31,0.0,5.0327
2006-06-01,0.0,5.0306
2006-06-02,0.0,4.9879
2006-06-03,0.0,5.423
2006-06-04,0.0,4.9958
2006-06-05,0.0,4.668
2006-06-06,0.0,5.0677
2006-06-07,0.0,4.8024
2006-06-08,0.0,4.8133
2006-06-09,0.0,4.9147
2006-06-10,0.0,4.6397
2006-06-11,0.0,4.1967
2006-06-12,0.0,3.9039
2006-06-13,0.0,3.8002
2006-06-14,0.0,4.6651
2006-06-15,0.0,5.2443
2006-06-16,0.0,6.146
2006-06-17,0.0,6.1385
2006-06-18,0.0,5.6624
2006-06-19,0.0,5.5508
2006-06-20,0.0,5.7452
2006-06-21,0.0,6.2893
2006-06-22,0.0,6.5655
2006-06-23,0.0,6.3395
2006-06-24,0.0,5.7207
2006-06-25,0.0,5.615
2006-06-26,0.0,5.634
2006-06-27,0.0,5.0063
2006-06-28,0.0,5.065
2006-06-29,0.0,5.1837
2006-06-30,0.0,4.9082
2006-07-01,0.0,5.0857
2006-07-02,0.0,4.9855
2006-07-03,0.0,4.8644
2006-07-04,0.0,4.6947
2006-07-05,0.0,4.3515
2006-07-06,0.0,4.33
2006-07-07,0.0,5.4303
2006-07-08,0.0,5.6803
2006-07-09,0.0,5.585
2006-07-10,0.0,4.8562
2006-07-11,0.0,4.3197
2006-07-12,0.0,4.3344
2006-07-13,0.0,5.0805
2006-07-14,0.0,5.0097
2006-07-15,0.0,5.065
2006-07-16,0.0,5.3944
2006-07-17,0.0,5.6794
2006-07-18,0.0,5.527
2006-07-19,0.0,5.0153
2006-07-20,0.0,5.1508
2006-07-21,0.0,5.5367
2006-07-22,0.0,5.7927
2006-07-23,0.0,5.827
2006-07-24,0.0,5.8032
2006-07-25,0.0,5.6113
2006-07-26,0.0,5.1828
2006-07-27,0.0,4.5671
2006-07-28,0.0,4.3254
2006-07-29,0.0,4.1017
2006-07-30,0.0,4.289
2006-07-31,0.0,4.0725
2006-08-01,0.0,4.3465
2006-08-02,0.0,4.4041
2006-08-03,0.0,4.4809
2006-08-04,0.0,4.2061
2006-08-05,0.0,3.9198
2006-08-06,0.0,3.8475
2006-08-07,0.0,3.7258
2006-08-08,0.0,4.1966
2006-08-09,0.0,4.8289
2006-08-10,0.0,4.6387
2006-08-11,0.0,4.1876
2006-08-12,0.0,4.0576
2006-08-13,0.0,4.1021
2006-08-14,0.0,3.8298
2006-08-15,0.0,3.753
2006-08-16,0.0,3.7798
2006-08-17,0.0,4.1659
2006-08-18,0.0,4.0182
2006-08-19,0.0,3.9084
2006-08-20,0.0,3.7019
2006-08-21,0.0,3.6017
2006-08-22,0.0,4.0499
2006-08-23,0.0,4.1358
2006-08-24,0.0,3.9337
2006-08-25,0.0,3.7375
2006-08-26,0.0,3.6075
2006-08-27,0.0,3.7478
2006-08-28,0.0,3.7361
2006-08-29,0.0,3.3853
2006-08-30,0.0,3.8366
2006-08-31,0.0,4.0189
2006-09-01,0.0,3.8275
2006-09-02,0.0,3.381
2006-09-03,0.0,3.1142
2006-09-04,0.0,3.23
2006-09-05,0.0,3.6533
2006-09-06,0.0,3.572
2006-09-07,0.0,3.4256
2006-09-08,0.0,2.9273
2006-09-09,0.0,2.7412
2006-09-10,0.0,3.0304
2006-09-11,0.0,3.4228
2006-09-12,0.0,3.5984
2006-09-13,0.0,3.4009
2006-09-14,0.0,2.8011
2006-09-15,0.0,2.3108
2006-09-16,0.0,2.7484
2006-09-17,0.0,3.0236
2006-09-18,0.0,3.059
2006-09-19,0.0,2.8406
2006-09-20,0.0,2.7473
2006-09-21,0.0,2.763
2006-09-22,0.0,2.6987
2006-09-23,0.0,2.6727
2006-09-24,0.0,2.7064
2006-09-25,0.0,2.7421
2006-09-26,0.0,2.6228
2006-09-27,0.0,2.3113
2006-09-28,0.0,2.1784
2006-09-29,0.0,1.9904
2006-09-30,0.0,1.8481
2006-10-01,0.0,1.696
2006-10-02,0.0,1.7843
2006-10-03,0.0,1.9662
2006-10-04,0.06,1.7615
2006-10-05,6.18,1.4808
2006-10-06,0.0,1.6007
2006-10-07,0.0,1.8911
2006-10-08,0.0,2.0315
2006-10-09,0.0,2.04
2006-10-10,0.0,1.9
2006-10-11,0.0,1.8524
2006-10-12,0.0,1.8274
2006-10-13,0.0,1.7362
2006-10-14,0.0,1.5459
2006-10-15,0.0,1.3541
2006-10-16,0.0,1.3763
2006-10-17,0.0,1.5071
2006-10-18,0.0,1.5674
2006-10-19,0.0,1.5738
2006-10-20,0.0,1.6032
2006-10-21,0.0,1.5618
2006-10-22,0.0,1.5108
2006-10-23,0.0,1.4431
2006-10-24,0.0,1.3918
2006-10-25,0.0,1.3267
2006-10-26,0.0,1.3234
2006-10-27,0.0,1.2811
2006-10-28,0.0,1.2099
2006-10-29,0.0,1.149
2006-10-30,0.0,1.0861
2006-10-31,0.0,1.0359
2006-11-01,0.0,1.0355
2006-11-02,7.28,1.076
2006-11-03,6.33,1.0204
2006-11-04,0.0,1.0865
2006-11-05,0.0,1.0431
2006-11-06,0.0,1.052
2006-11-07,0.0,1.0446
2006-11-08,1.77,1.0522
2006-11-09,0.0,0.8852
2006-11-10,0.0,0.8274
2006-11-11,7.02,0.8844
2006-11-12,0.29,0.8774
2006-11-13,10.57,0.8765
2006-11-14,10.93,0.8885
2006-11-15,0.0,0.9706
2006-11-16,0.0,0.9931
2006-11-17,0.0,0.9937
2006-11-18,0.0,0.9832
2006-11-19,0.0,0.9733
2006-11-20,0.0,0.9464
2006-11-21,0.0,0.9408
2006-11-22,0.0,0.8734
2006-11-23,1.63,0.785
2006-11-24,0.0,0.7033
2006-11-25,0.0,0.7377
2006-11-26,7.0,0.7154
2006-11-27,4.62,0.6917
2006-11-28,0.0,0.688
2006-11-29,0.0,0.6666
2006-11-30,0.0,0.6589
2006-12-01,0.0,0.6765
2006-12-02,0.0,0.7311
2006-12-03,0.0,0.6858
2006-12-04,0.0,0.668
2006-12-05,0.0,0.6589
2006-12-06,0.0,0.6355
2006-12-07,0.0,0.5743
2006-12-08,0.0,0.6803
2006-12-09,10.88,0.7299
2006-12-10,11.31,0.6813
2006-12-11,0.0,0.6631
2006-12-12,24.59,0.6835
2006-12-13,3.57,0.7162
2006-12-14,5.33,0.7198
2006-12-15,1.81,0.7117
2006-12-16,0.0,0.5667
2006-12-17,0.0,0.5501
2006-12-18,0.0,0.5344
2006-12-19,0.0,0.5247
2006-12-20,0.0,0.5512
2006-12-21,9.18,0.5921
2006-12-22,3.54,0.6194
2006-12-23,0.0,0.5815
2006-12-24,0.0,0.6409
2006-12-25,0.0,0.6661
2006-12-26,7.29,0.7237
2006-12-27,8.76,0.6914
2006-12-28,0.0,0.6357
2006-12-29,0.0,0.6144
2006-12-30,0.0,0.5914
2006-12-31,0.0,0.6326
2007-01-01,0.0,0.6276
2007-01-02,0.0,0.7155
2007-01-03,0.0,0.6936
2007-01-04,3.98,0.6841
2007-01-05,0.0,0.6359
2007-01-06,0.0,0.607
2007-01-07,0.0,0.6949
2007-01-08,0.0,0.7583
2007-01-09,0.0,0.7468
2007-01-10,0.0,0.6685
2007-01-11,0.0,0.6409
2007-01-12,0.0,0.5986
2007-01-13,0.0,0.5889
2007-01-14,0.0,0.6085
2007-01-15,0.0,0.6565
2007-01-16,0.0,0.6712
2007-01-17,4.55,0.676
2007-01-18,0.0,0.7399
2007-01-19,0.0,0.7802
2007-01-20,0.0,0.7688
2007-01-21,0.0,0.8716
2007-01-22,0.0,0.8785
2007-01-23,0.0,0.856
2007-01-24,0.0,0.8966
2007-01-25,0.0,0.9251
2007-01-26,0.0,0.9203
2007-01-27,5.3,0.7968
2007-01-28,3.92,0.8268
2007-01-29,0.0,1.0209
2007-01-30,0.0,1.0529
2007-01-31,0.0,1.0079
2007-02-01,0.0,0.9085
2007-02-02,0.0,0.9262
2007-02-03,0.0,1.0778
2007-02-04,0.0,1.1925
2007-02-05,0.0,1.2726
2007-02-06,0.0,1.2692
2007-02-07,3.96,1.0624
2007-02-08,4.85,0.9546
2007-02-09,8.09,0.8563
2007-02-10,21.9,0.9475
2007-02-11,9.73,1.0389
2007-02-12,6.62,1.1515
2007-02-13,6.51,1.0841
2007-02-14,0.0,1.4055
2007-02-15,0.0,1.5343
2007-02-16,0.0,1.7263
2007-02-17,0.0,1.8686
2007-02-18,0.0,1.7381
2007-02-19,0.0,1.6131
2007-02-20,0.0,1.5822
2007-02-21,0.0,1.4013
2007-02-22,14.47,1.208
2007-02-23,3.8,1.244
2007-02-24,2.3,1.4821
2007-02-25,8.29,1.1343
2007-02-26,14.24,1.132
2007-02-27,10.86,1.3113
2007-02-28,3.33,1.3306
2007-03-01,0.0,1.737
2007-03-02,0.0,1.9108
2007-03-03,0.0,2.1376
2007-03-04,0.0,2.3155
2007-03-05,0.0,2.4336
2007-03-06,0.0,2.4559
2007-03-07,0.0,2.324
2007-03-08,0.0,2.2662
2007-03-09,0.0,2.2696
2007-03-10,0.0,2.4904
2007-03-11,0.0,2.845
2007-03-12,0.0,3.0415
2007-03-13,0.0,2.9887
2007-03-14,0.0,2.8325
2007-03-15,0.0,2.9186
2007-03-16,0.0,3.1425
2007-03-17,0.0,2.9838
2007-03-18,0.0,2.7442
2007-03-19,0.0,2.695
2007-03-20,1.66,2.123
2007-03-21,0.0,2.5421
2007-03-22,0.0,2.9729
2007-03-23,0.0,3.1734
2007-03-24,0.0,3.0759
2007-03-25,0.0,2.5805
2007-03-26,4.07,2.0803
2007-03-27,2.71,2.039
2007-03-28,0.0,2.7473
2007-03-29,0.0,3.1338
2007-03-30,0.0,3.3467
2007-03-31,0.0,3.2523
2007-04-01,0.0,3.1441
2007-04-02,0.0,3.2461
2007-04-03,0.0,3.4469
2007-04-04,0.0,3.4187
2007-04-05,0.0,3.3447
2007-04-06,0.0,3.1862
2007-04-07,0.0,2.8228
2007-04-08,0.0,2.9671
2007-04-09,0.0,2.9617
2007-04-10,0.0,3.5801
2007-04-11,3.95,2.5133
2007-04-12,0.0,2.9872
2007-04-13,0.0,3.5444
2007-04-14,4.88,2.4638
2007-04-15,0.0,3.2595
2007-04-16,0.0,3.8116
2007-04-17,0.0,3.668
2007-04-18,0.0,3.0465
2007-04-19,0.0,2.9252
2007-04-20,3.35,2.2833
2007-04-21,0.07,3.1513
2007-04-22,7.35,2.3033
2007-04-23,0.0,3.7669
2007-04-24,0.0,3.9825
2007-04-25,0.0,3.7678
2007-04-26,0.0,4.0819
2007-04-27,0.0,4.7423
2007-04-28,0.0,4.9135
2007-04-29,0.0,4.7241
2007-04-30,0.0,4.4265
2007-05-01,0.0,4.3856
2007-05-02,2.29,3.2411
2007-05-03,0.01,3.402
2007-05-04,3.0,2.4918
2007-05-05,0.0,4.2546
2007-05-06,0.0,4.9907
2007-05-07,0.0,5.337
2007-05-08,0.0,5.4161
2007-05-09,0.0,5.0259
2007-05-10,0.0,4.5471
2007-05-11,0.0,3.8753
2007-05-12,0.0,3.9123
2007-05-13,0.0,4.5855
2007-05-14,0.0,4.627
2007-05-15,0.0,4.1799
2007-05-16,0.0,4.0856
2007-05-17,0.0,3.9484
2007-05-18,0.0,4.2548
2007-05-19,0.0,3.9793
2007-05-20,0.0,4.2032
2007-05-21,0.0,4.6422
2007-05-22,0.0,5.0389
2007-05-23,0.0,5.206
2007-05-24,0.0,5.023
2007-05-25,0.0,4.6771
2007-05-26,0.0,4.3005
2007-05-27,0.0,4.3163
2007-05-28,0.0,4.5477
2007-05-29,0.0,4.4317
2007-05-30,0.0,3.9847
2007-05-31,0.0,3.8528
2007-06-01,0.0,3.9081
2007-06-02,0.0,4.0462
2007-06-03,0.0,4.3739
2007-06-04,0.0,4.3641
2007-06-05,0.0,4.0515
2007-06-06,0.0,4.0032
2007-06-07,0.0,4.5816
2007-06-08,0.0,4.7639
2007-06-09,0.0,4.8707
2007-06-10,0.0,4.6888
2007-06-11,0.0,4.8616
2007-06-12,0.0,5.3645
2007-06-13,0.0,5.7351
2007-06-14,0.0,5.9325
2007-06-15,0.0,5.7577
2007-06-16,0.0,4.9285
2007-06-17,0.0,5.0853
2007-06-18,0.0,5.3778
2007-06-19,0.0,4.9486
2007-06-20,0.0,4.5691
2007-06-21,0.0,4.7565
2007-06-22,0.0,5.0066
2007-06-23,0.0,4.8196
2007-06-24,0.0,4.6652
2007-06-25,0.0,5.2423
2007-06-26,0.0,5.0604
2007-06-27,0.0,4.4563
2007-06-28,0.0,4.5061
2007-06-29,0.0,4.2543
2007-06-30,0.0,4.3956
2007-07-01,0.0,4.481
2007-07-02,0.0,4.8527
2007-07-03,0.0,4.8801
2007-07-04,0.0,5.5324
2007-07-05,0.0,5.6598
2007-07-06,0.0,5.4299
2007-07-07,0.0,4.2403
2007-07-08,0.0,4.7353
2007-07-09,0.0,4.6364
2007-07-10,0.0,4.3316
2007-07-11,0.0,4.1192
2007-07-12,0.0,4.309
2007-07-13,0.0,4.68
2007-07-14,0.0,4.58
2007-07-15,0.0,4.4182
2007-07-16,0.0,4.1745
2007-07-17,0.0,4.3035
2007-07-18,0.0,3.9418
2007-07-19,0.0,4.1547
2007-07-20,0.0,4.4469
2007-07-21,0.0,4.3928
2007-07-22,0.0,4.512
2007-07-23,0.0,4.666
2007-07-24,0.0,4.3971
2007-07-25,0.0,4.1175
2007-07-26,0.0,4.4534
2007-07-27,0.0,4.8264
2007-07-28,0.0,4.8114
2007-07-29,0.0,4.6304
2007-07-30,0.0,4.8054
2007-07-31,0.0,4.7693
2007-08-01,0.0,4.6725
2007-08-02,0.0,4.7206
2007-08-03,0.0,4.9292
2007-08-04,0.0,4.9547
2007-08-05,0.0,4.4973
2007-08-06,0.0,2.779
2007-08-07,0.0,3.174
2007-08-08,0.0,4.0697
2007-08-09,0.0,4.392
2007-08-10,0.0,4.4898
2007-08-11,0.0,4.1039
2007-08-12,0.0,4.0028
2007-08-13,0.0,4.3324
2007-08-14,0.0,4.3616
2007-08-15,0.0,4.169
2007-08-16,0.0,3.9288
2007-08-17,0.0,4.1662
2007-08-18,0.0,4.0012
2007-08-19,0.0,4.1296
2007-08-20,0.0,3.9449
2007-08-21,0.0,4.2543
2007-08-22,0.0,4.3161
2007-08-23,0.0,4.1745
2007-08-24,0.0,4.0853
2007-08-25,0.0,3.3089
2007-08-26,0.0,3.4891
2007-08-27,0.0,3.8057
2007-08-28,0.0,4.1301
2007-08-29,0.0,4.2581
2007-08-30,0.0,4.1951
2007-08-31,0.0,3.9354
2007-09-01,0.0,3.9786
2007-09-02,0.0,4.0389
2007-09-03,0.0,3.7854
2007-09-04,0.0,3.2336
2007-09-05,0.0,3.5345
2007-09-06,0.0,3.5581
2007-09-07,0.0,3.2987
2007-09-08,0.0,3.0101
2007-09-09,0.0,2.8632
2007-09-10,0.0,2.9702
2007-09-11,0.0,2.8599
2007-09-12,0.0,2.6457
2007-09-13,0.0,2.7019
2007-09-14,0.0,2.8759
2007-09-15,0.0,2.7469
2007-09-16,0.0,2.5446
2007-09-17,0.0,2.6947
2007-09-18,0.0,2.68
2007-09-19,0.0,2.4178
2007-09-20,0.0,2.4284
2007-09-21,0.0,2.5321
2007-09-22,4.0,1.9984
2007-09-23,0.0,2.0699
2007-09-24,0.0,2.5141
2007-09-25,0.0,2.6871
2007-09-26,0.0,2.7348
2007-09-27,0.0,2.6338
2007-09-28,0.0,2.2305
2007-09-29,0.0,2.1688
2007-09-30,0.0,2.2992
2007-10-01,0.0,2.2308
2007-10-02,0.0,2.2823
2007-10-03,0.0,2.2079
2007-10-04,0.0,1.977
2007-10-05,0.0,1.81
2007-10-06,0.0,1.909
2007-10-07,0.0,1.983
2007-10-08,0.0,2.0342
2007-10-09,0.0,1.9258
2007-10-10,11.05,1.4789
2007-10-11,0.0,1.71
2007-10-12,14.0,1.3482
2007-10-13,7.36,1.4829
2007-10-14,0.0,1.7104
2007-10-15,1.83,1.5849
2007-10-16,1.0,1.5124
2007-10-17,2.18,1.4823
2007-10-18,0.0,1.6098
2007-10-19,0.0,1.619
2007-10-20,0.0,1.5575
2007-10-21,0.0,1.5328
2007-10-22,0.0,1.5882
2007-10-23,0.0,1.5495
2007-10-24,0.0,1.5129
2007-10-25,0.0,1.5454
2007-10-26,0.0,1.3978
2007-10-27,0.0,1.3902
2007-10-28,0.0,1.4003
2007-10-29,0.0,1.3887
2007-10-30,1.09,1.2021
2007-10-31,0.0,1.2244
2007-11-01,0.0,1.2903
2007-11-02,0.0,1.263
2007-11-03,0.0,1.2488
2007-11-04,0.0,1.2004
2007-11-05,0.0,1.1724
2007-11-06,0.0,1.1792
2007-11-07,0.0,1.0714
2007-11-08,0.0,0.98
2007-11-09,0.0,1.0498
2007-11-10,9.14,0.9938
2007-11-11,12.68,0.9441
2007-11-12,0.0,1.0545
2007-11-13,0.0,1.1399
2007-11-14,0.0,1.1572
2007-11-15,0.0,1.1002
2007-11-16,0.0,1.0332
2007-11-17,0.0,1.0197
2007-11-18,0.0,0.9945
2007-11-19,0.0,0.9581
2007-11-20,0.0,0.8926
2007-11-21,0.0,0.8402
2007-11-22,0.0,0.7954
2007-11-23,0.0,0.7787
2007-11-24,0.0,0.7835
2007-11-25,0.0,0.817
2007-11-26,0.0,0.7621
2007-11-27,0.0,0.7932
2007-11-28,0.0,0.8018
2007-11-29,0.0,0.7243
2007-11-30,0.0,0.6654
2007-12-01,0.0,0.653
2007-12-02,0.0,0.6666
2007-12-03,0.0,0.7378
2007-12-04,4.0,0.7534
2007-12-05,0.0,0.7775
2007-12-06,7.31,0.7077
2007-12-07,12.95,0.6644
2007-12-08,0.0,0.6011
2007-12-09,0.0,0.6156
2007-12-10,0.0,0.6014
2007-12-11,0.0,0.6226
2007-12-12,0.0,0.5727
2007-12-13,0.0,0.5596
2007-12-14,0.0,0.5696
2007-12-15,0.0,0.5839
2007-12-16,0.0,0.6024
2007-12-17,4.66,0.6375
2007-12-18,11.89,0.6368
2007-12-19,6.11,0.614
2007-12-20,11.84,0.6255
2007-12-21,0.0,0.5548
2007-12-22,0.0,0.5406
2007-12-23,0.0,0.583
2007-12-24,0.0,0.6713
2007-12-25,0.0,0.5795
2007-12-26,0.0,0.5955
2007-12-27,0.0,0.5558
2007-12-28,3.02,0.5625
2007-12-29,2.82,0.6069
2007-12-30,0.0,0.6389
2007-12-31,0.0,0.6218
2008-01-01,0.0,0.6219
2008-01-02,0.0,0.5898
2008-01-03,11.24,0.6917
2008-01-04,45.08,0.7061
2008-01-05,24.85,0.6716
2008-01-06,9.08,0.6258
2008-01-07,5.57,0.6383
2008-01-08,5.36,0.6411
2008-01-09,0.0,0.6812
2008-01-10,2.39,0.6943
2008-01-11,0.0,0.7507
2008-01-12,0.0,0.7815
2008-01-13,0.0,0.7869
2008-01-14,0.0,0.7734
2008-01-15,0.0,0.7857
2008-01-16,0.0,0.8186
2008-01-17,0.0,0.8168
2008-01-18,0.0,0.775
2008-01-19,0.0,0.8264
2008-01-20,0.0,0.8261
2008-01-21,10.73,0.731
2008-01-22,11.86,0.7065
2008-01-23,5.77,0.6592
2008-01-24,4.38,0.6893
2008-01-25,13.87,0.7884
2008-01-26,17.21,0.9326
2008-01-27,11.96,0.9208
2008-01-28,7.47,0.8278
2008-01-29,3.56,0.8141
2008-01-30,4.02,0.8377
2008-01-31,7.21,0.8627
2008-02-01,8.1,0.8858
2008-02-02,8.47,0.8766
2008-02-03,10.1,0.8869
2008-02-04,0.0,1.0786
2008-02-05,0.0,1.1374
2008-02-06,0.0,1.1828
2008-02-07,0.0,1.2594
2008-02-08,0.0,1.3446
2008-02-09,0.0,1.4194
2008-02-10,0.0,1.5198
2008-02-11,0.0,1.5395
2008-02-12,0.0,1.6089
2008-02-13,0.0,1.6027
2008-02-14,0.0,1.4475
2008-02-15,0.0,1.5032
2008-02-16,0.0,1.5658
2008-02-17,0.0,1.5488
2008-02-18,0.0,1.5177
2008-02-19,13.55,1.2235
2008-02-20,11.15,1.1991
2008-02-21,3.98,1.2309
2008-02-22,6.41,1.1646
2008-02-23,4.65,1.2686
2008-02-24,12.38,1.1792
2008-02-25,5.66,1.3523
2008-02-26,0.0,1.9278
2008-02-27,0.0,2.0719
2008-02-28,0.0,2.1521
2008-02-29,0.0,2.1569
2008-03-01,0.0,1.9506
2008-03-02,0.0,2.0505
2008-03-03,0.0,2.2057
2008-03-04,0.0,2.2579
2008-03-05,0.0,2.2537
2008-03-06,0.0,2.2283
2008-03-07,0.0,2.2972
2008-03-08,0.0,2.3798
2008-03-09,0.0,2.482
2008-03-10,0.0,2.5578
2008-03-11,0.0,2.4451
2008-03-12,0.0,2.2929
2008-03-13,1.89,2.0189
2008-03-14,1.0,2.1306
2008-03-15,3.0,1.7202
2008-03-16,0.0,2.3246
2008-03-17,0.0,2.6214
2008-03-18,0.0,2.8187
2008-03-19,0.0,2.5888
2008-03-20,0.0,2.5379
2008-03-21,0.0,2.725
2008-03-22,0.0,3.0043
2008-03-23,0.0,3.1117
2008-03-24,0.0,3.0556
2008-03-25,0.0,2.7403
2008-03-26,0.0,2.7298
2008-03-27,0.0,2.7316
2008-03-28,0.0,2.7493
2008-03-29,1.0,2.3656
2008-03-30,0.0,2.5015
2008-03-31,0.0,2.8525
2008-04-01,0.0,2.9919
2008-04-02,0.0,3.0333
2008-04-03,0.0,3.215
2008-04-04,0.0,3.0312
2008-04-05,0.0,2.7929
2008-04-06,0.0,2.7704
2008-04-07,0.0,3.0762
2008-04-08,0.0,2.7548
2008-04-09,0.0,2.8851
2008-04-10,0.0,3.7101
2008-04-11,0.0,4.1453
2008-04-12,0.0,4.387
2008-04-13,0.0,4.5511
2008-04-14,0.0,4.1363
2008-04-15,0.0,3.1283
2008-04-16,0.0,3.7473
2008-04-17,0.0,4.212
2008-04-18,0.0,4.0067
2008-04-19,0.0,3.1437
2008-04-20,0.0,2.9344
2008-04-21,0.0,2.968
2008-04-22,0.0,3.0904
2008-04-23,3.22,2.4107
2008-04-24,0.0,3.7226
2008-04-25,0.0,4.1301
2008-04-26,0.0,4.5078
2008-04-27,0.0,4.7176
2008-04-28,0.0,4.5312
2008-04-29,0.0,4.0866
2008-04-30,0.0,3.4421
2008-05-01,0.0,3.8855
2008-05-02,0.0,3.7017
2008-05-03,0.0,3.8437
2008-05-04,0.0,3.413
2008-05-05,0.0,3.7842
2008-05-06,0.0,4.0955
2008-05-07,0.0,3.8975
2008-05-08,0.0,3.7591
2008-05-09,0.0,3.9447
2008-05-10,0.0,4.1057
2008-05-11,0.0,3.7243
2008-05-12,0.0,3.7411
2008-05-13,0.0,4.7064
2008-05-14,0.0,5.122
2008-05-15,0.0,5.384
2008-05-16,0.0,5.4941
2008-05-17,0.0,5.3908
2008-05-18,0.0,5.0923
2008-05-19,0.0,4.8484
2008-05-20,0.0,4.1851
2008-05-21,0.0,4.2638
2008-05-22,0.0,4.3777
2008-05-23,0.0,4.2703
2008-05-24,0.0,3.2643
2008-05-25,0.0,3.309
2008-05-26,0.0,3.5921
2008-05-27,0.0,3.5654
2008-05-28,0.0,4.1625
2008-05-29,0.0,3.9927
2008-05-30,0.0,3.9062
2008-05-31,0.0,3.7109
2008-06-01,0.0,3.7887
2008-06-02,0.0,4.0799
2008-06-03,0.0,4.1147
2008-06-04,0.0,4.1203
2008-06-05,0.0,4.5136
2008-06-06,0.0,4.4153
2008-06-07,0.0,4.8001
2008-06-08,0.0,5.0996
2008-06-09,0.0,5.5676
2008-06-10,0.0,5.5312
2008-06-11,0.0,5.2159
2008-06-12,0.0,5.5283
2008-06-13,0.0,5.3812
2008-06-14,0.0,4.9378
2008-06-15,0.0,4.4938
2008-06-16,0.0,4.4124
2008-06-17,0.0,5.1634
2008-06-18,0.0,5.5108
2008-06-19,0.0,5.824
2008-06-20,0.0,6.0532
2008-06-21,0.0,6.0572
2008-06-22,0.0,5.1474
2008-06-23,0.0,4.1315
2008-06-24,0.0,4.6246
2008-06-25,0.0,4.4669
2008-06-26,0.0,4.6483
2008-06-27,0.0,4.7646
2008-06-28,0.0,4.6824
2008-06-29,0.0,4.3544
2008-06-30,0.0,4.2273
2008-07-01,0.0,4.1807
2008-07-02,0.0,4.3154
2008-07-03,0.0,4.6433
2008-07-04,0.0,4.3608
2008-07-05,0.0,4.6601
2008-07-06,0.0,5.0366
2008-07-07,0.0,5.559
2008-07-08,0.0,5.8807
2008-07-09,0.0,5.8164
2008-07-10,0.0,5.5356
2008-07-11,0.0,5.0017
2008-07-12,0.0,4.4428
2008-07-13,0.0,4.2775
2008-07-14,0.0,4.1453
2008-07-15,0.0,4.1988
2008-07-16,0.0,4.3335
2008-07-17,0.0,4.1199
2008-07-18,0.0,4.4895
2008-07-19,0.0,4.6736
2008-07-20,0.0,4.028
2008-07-21,0.0,3.7798
2008-07-22,0.0,4.622
2008-07-23,0.0,4.7097
2008-07-24,0.0,4.7772
2008-07-25,0.0,4.7119
2008-07-26,0.0,5.0828
2008-07-27,0.0,4.7827
2008-07-28,0.0,3.8671
2008-07-29,0.0,3.8568
2008-07-30,0.0,4.3132
2008-07-31,0.0,4.3661
2008-08-01,0.0,4.4261
2008-08-02,0.0,4.6251
2008-08-03,0.0,4.4748
2008-08-04,0.0,4.0448
2008-08-05,0.0,3.8938
2008-08-06,0.0,3.9368
2008-08-07,0.0,4.1432
2008-08-08,0.0,3.8179
2008-08-09,0.0,3.8761
2008-08-10,0.0,4.5447
2008-08-11,0.0,4.7339
2008-08-12,0.0,4.684
2008-08-13,0.0,4.7495
2008-08-14,0.0,4.6033
2008-08-15,0.0,4.5488
2008-08-16,0.0,4.3134
2008-08-17,0.0,3.8818
2008-08-18,0.0,3.3196
2008-08-19,0.0,3.0277
2008-08-20,0.0,3.4123
2008-08-21,0.0,3.7262
2008-08-22,0.0,3.8443
2008-08-23,0.0,3.9355
2008-08-24,0.0,4.0468
2008-08-25,0.0,3.9176
2008-08-26,0.0,4.0686
2008-08-27,0.0,4.2615
2008-08-28,0.0,4.4355
2008-08-29,0.0,4.3823
2008-08-30,0.0,3.9523
2008-08-31,0.0,3.3971
2008-09-01,0.0,3.6631
2008-09-02,0.0,3.8441
2008-09-03,0.0,3.9517
2008-09-04,0.0,3.9517
2008-09-05,0.0,3.9376
2008-09-06,0.0,3.886
2008-09-07,0.0,3.6124
2008-09-08,0.0,3.1903
2008-09-09,0.0,2.6542
2008-09-10,0.0,2.7525
2008-09-11,0.0,2.9632
2008-09-12,0.0,2.8368
2008-09-13,0.0,2.8427
2008-09-14,0.0,2.8461
2008-09-15,0.0,2.8654
2008-09-16,0.0,2.5908
2008-09-17,0.0,2.392
2008-09-18,0.0,2.4119
2008-09-19,0.0,2.5366
2008-09-20,0.0,1.9518
2008-09-21,0.0,2.2285
2008-09-22,0.0,2.6023
2008-09-23,0.0,2.7676
2008-09-24,0.0,2.7265
2008-09-25,0.0,2.6692
2008-09-26,0.0,2.619
2008-09-27,0.0,2.6026
2008-09-28,0.0,2.4903
2008-09-29,0.0,2.1613
2008-09-30,0.0,2.3088
2008-10-01,0.0,2.3364
2008-10-02,0.0,1.9867
2008-10-03,0.0,1.8488
2008-10-04,5.47,1.5232
2008-10-05,0.0,1.7648
2008-10-06,0.0,1.9651
2008-10-07,0.0,2.1123
2008-10-08,0.0,2.0618
2008-10-09,0.0,1.9018
2008-10-10,0.0,1.6435
2008-10-11,0.0,1.4997
2008-10-12,0.0,1.5873
2008-10-13,0.0,1.698
2008-10-14,0.0,1.6951
2008-10-15,0.0,1.7016
2008-10-16,0.0,1.6919
2008-10-17,0.0,1.7007
2008-10-18,0.0,1.5885
2008-10-19,0.0,1.4151
2008-10-20,0.0,1.3416
2008-10-21,0.0,1.4113
2008-10-22,0.0,1.4796
2008-10-23,0.0,1.3862
2008-10-24,0.0,1.4189
2008-10-25,0.0,1.3652
2008-10-26,0.0,1.2377
2008-10-27,0.0,1.2014
2008-10-28,0.0,1.1545
2008-10-29,0.0,1.1233
2008-10-30,1.85,1.1369
2008-10-31,4.32,1.129
2008-11-01,21.67,1.0133
2008-11-02,17.71,0.9436
2008-11-03,8.01,0.9729
2008-11-04,6.03,0.9441
2008-11-05,0.0,1.0627
2008-11-06,0.0,1.1145
2008-11-07,0.0,1.2113
2008-11-08,1.3,1.1273
2008-11-09,1.6,0.968
2008-11-10,0.0,0.979
2008-11-11,0.0,0.9671
2008-11-12,0.0,1.0322
2008-11-13,0.0,1.1276
2008-11-14,0.0,1.2094
2008-11-15,0.0,1.2324
2008-11-16,0.0,1.1202
2008-11-17,0.0,1.0983
2008-11-18,0.0,1.0343
2008-11-19,0.0,0.9631
2008-11-20,0.0,0.9498
2008-11-21,0.0,0.9235
2008-11-22,0.0,0.8211
2008-11-23,0.0,0.8907
2008-11-24,0.0,0.8791
2008-11-25,0.0,0.8423
2008-11-26,7.38,0.7008
2008-11-27,0.0,0.7902
2008-11-28,0.0,0.7925
2008-11-29,0.0,0.8524
2008-11-30,0.0,0.7536
2008-12-01,0.0,0.7894
2008-12-02,0.0,0.7955
2008-12-03,0.0,0.6798
2008-12-04,0.0,0.7331
2008-12-05,0.0,0.7257
2008-12-06,0.0,0.686
2008-12-07,0.0,0.6167
2008-12-08,0.0,0.6709
2008-12-09,0.0,0.6371
2008-12-10,0.0,0.6403
2008-12-11,0.0,0.6213
2008-12-12,0.0,0.6218
2008-12-13,0.0,0.6501
2008-12-14,11.41,0.5674
2008-12-15,10.26,0.5768
2008-12-16,3.94,0.5616
2008-12-17,0.0,0.5524
2008-12-18,0.0,0.5428
2008-12-19,4.87,0.6129
2008-12-20,0.0,0.5514
2008-12-21,4.82,0.6035
2008-12-22,6.11,0.6149
2008-12-23,5.65,0.6081
2008-12-24,3.92,0.6373
2008-12-25,13.0,0.6207
2008-12-26,0.0,0.5581
2008-12-27,0.0,0.587
2008-12-28,0.0,0.6415
2008-12-29,0.0,0.6837
2008-12-30,0.0,0.6878
2008-12-31,0.0,0.6939
2009-01-01,0.0,0.6458
2009-01-02,2.3,0.6701
2009-01-03,0.0,0.6014
2009-01-04,0.0,0.5757
2009-01-05,1.02,0.6058
2009-01-06,0.0,0.6759
2009-01-07,0.0,0.6701
2009-01-08,0.0,0.6943
2009-01-09,0.0,0.6543
2009-01-10,0.0,0.7184
2009-01-11,0.0,0.7387
2009-01-12,0.0,0.8466
2009-01-13,0.0,0.8603
2009-01-14,0.0,0.7951
2009-01-15,0.0,0.8377
2009-01-16,0.0,0.8218
2009-01-17,0.0,0.806
2009-01-18,0.0,0.8305
2009-01-19,0.0,0.9195
2009-01-20,0.0,0.943
2009-01-21,11.37,0.8726
2009-01-22,17.77,0.769
2009-01-23,5.45,0.7108
2009-01-24,2.92,0.7486
2009-01-25,0.0,0.8138
2009-01-26,0.0,0.8592
2009-01-27,0.0,0.8936
2009-01-28,0.0,0.9706
2009-01-29,0.0,1.1056
2009-01-30,0.0,1.0891
2009-01-31,0.0,1.1462
2009-02-01,0.0,1.1797
2009-02-02,0.0,1.1759
2009-02-03,0.0,1.2508
2009-02-04,0.0,1.2624
2009-02-05,3.06,1.023
2009-02-06,6.63,0.7855
2009-02-07,3.58,0.9808
2009-02-08,2.25,1.0657
2009-02-09,4.14,0.9017
2009-02-10,0.36,1.0863
2009-02-11,3.77,0.9362
2009-02-12,2.83,0.9595
2009-02-13,13.88,0.9616
2009-02-14,5.21,0.9816
2009-02-15,24.65,0.8512
2009-02-16,21.46,0.9096
2009-02-17,17.08,0.9398
2009-02-18,3.33,1.2186
2009-02-19,0.0,1.6737
2009-02-20,0.0,1.7822
2009-02-21,0.0,1.7597
2009-02-22,14.83,1.2196
2009-02-23,8.4,1.0171
2009-02-24,5.97,1.329
2009-02-25,2.51,1.5734
2009-02-26,1.8,1.7163
2009-02-27,0.0,1.8687
2009-02-28,0.0,2.0023
2009-03-01,6.87,1.585
2009-03-02,10.64,1.3946
2009-03-03,22.4,1.4512
2009-03-04,11.91,1.5059
2009-03-05,9.04,1.5341
2009-03-06,0.0,1.9819
2009-03-07,0.0,2.2286
2009-03-08,0.0,2.2835
2009-03-09,0.0,2.1844
2009-03-10,0.0,2.2114
2009-03-11,0.0,2.3793
2009-03-12,0.0,2.5269
2009-03-13,0.0,2.5514
2009-03-14,0.0,2.2177
2009-03-15,0.7,2.1353
2009-03-16,0.0,2.1267
2009-03-17,0.0,2.6274
2009-03-18,0.0,2.979
2009-03-19,0.0,3.118
2009-03-20,0.0,2.9264
2009-03-21,4.09,2.2829
2009-03-22,9.21,1.8747
2009-03-23,0.0,2.6085
2009-03-24,0.0,3.033
2009-03-25,0.0,3.1221
2009-03-26,0.0,3.3692
2009-03-27,0.0,3.4599
2009-03-28,0.0,3.6165
2009-03-29,0.0,3.3406
2009-03-30,0.0,3.0744
2009-03-31,0.0,3.4183
2009-04-01,0.0,3.3507
2009-04-02,0.0,3.1385
2009-04-03,0.0,3.0157
2009-04-04,0.0,3.2333
2009-04-05,0.0,3.6165
2009-04-06,0.0,3.8542
2009-04-07,5.61,2.5417
2009-04-08,2.49,2.0205
2009-04-09,3.21,1.4546
2009-04-10,2.62,1.9733
2009-04-11,0.0,2.9965
2009-04-12,0.0,3.0672
2009-04-13,0.0,3.2429
2009-04-14,0.0,3.1594
2009-04-15,0.0,3.1679
2009-04-16,0.0,3.5142
2009-04-17,0.0,3.9851
2009-04-18,0.0,4.3107
2009-04-19,0.0,4.8001
2009-04-20,0.0,5.1027
2009-04-21,0.0,5.1522
2009-04-22,0.0,4.8321
2009-04-23,0.0,3.6438
2009-04-24,0.0,2.8755
2009-04-25,0.0,3.1356
2009-04-26,0.0,3.4869
2009-04-27,0.0,2.9471
2009-04-28,0.0,2.9272
2009-04-29,0.0,3.4667
2009-04-30,0.0,4.0765
2009-05-01,9.39,2.8753
2009-05-02,5.29,2.3076
2009-05-03,3.41,2.225
2009-05-04,0.0,3.7183
2009-05-05,5.65,2.9594
2009-05-06,0.0,4.2945
2009-05-07,0.0,4.5972
2009-05-08,0.0,4.876
2009-05-09,0.0,4.8845
2009-05-10,0.0,5.0062
2009-05-11,0.0,4.752
2009-05-12,0.0,4.6875
2009-05-13,0.0,4.7731
2009-05-14,0.0,4.6173
2009-05-15,0.0,4.7553
2009-05-16,0.0,5.8914
2009-05-17,0.0,6.1789
2009-05-18,0.0,5.2982
2009-05-19,0.0,4.5643
2009-05-20,0.0,4.7656
2009-05-21,0.0,4.9743
2009-05-22,0.0,4.8324
2009-05-23,0.0,4.4171
2009-05-24,0.0,3.2339
2009-05-25,0.0,4.585
2009-05-26,0.0,5.3913
2009-05-27,0.0,5.1708
2009-05-28,0.0,5.0878
2009-05-29,0.0,4.9496
2009-05-30,0.0,4.4456
2009-05-31,0.0,4.2714
2009-06-01,0.0,4.0115
2009-06-02,0.0,4.1511
2009-06-03,2.2,3.901
2009-06-04,0.0,3.8323
2009-06-05,0.0,3.7067
2009-06-06,0.0,3.9011
2009-06-07,0.0,3.8304
2009-06-08,0.0,3.6071
2009-06-09,0.0,3.3983
2009-06-10,0.0,3.3627
2009-06-11,0.0,3.6043
2009-06-12,0.0,3.745
2009-06-13,0.0,3.8787
2009-06-14,0.0,4.1855
2009-06-15,0.0,3.7994
2009-06-16,0.0,4.2792
2009-06-17,0.0,4.2787
2009-06-18,0.0,5.4713
2009-06-19,0.0,5.4978
2009-06-20,0.0,4.896
2009-06-21,0.0,4.999
2009-06-22,0.0,5.5598
2009-06-23,0.0,5.7211
2009-06-24,0.0,5.6137
2009-06-25,0.0,5.3696
2009-06-26,0.0,5.4202
2009-06-27,0.0,5.9538
2009-06-28,0.0,6.2164
2009-06-29,0.0,5.8113
2009-06-30,0.0,5.5077
2009-07-01,0.0,5.2151
2009-07-02,0.0,5.2306
2009-07-03,0.0,5.0814
2009-07-04,0.0,4.7252
2009-07-05,0.0,4.3796
2009-07-06,0.0,4.432
2009-07-07,0.0,4.6583
2009-07-08,0.0,4.9214
2009-07-09,0.0,4.5123
2009-07-10,0.0,4.6675
2009-07-11,0.0,4.621
2009-07-12,0.0,4.5758
2009-07-13,0.0,5.4186
2009-07-14,0.0,5.6282
2009-07-15,0.0,5.3068
2009-07-16,0.0,5.1486
2009-07-17,0.0,5.2036
2009-07-18,0.0,5.206
2009-07-19,0.0,5.285
2009-07-20,0.0,4.8124
2009-07-21,0.0,4.0172
2009-07-22,0.0,3.8206
2009-07-23,0.0,3.8648
2009-07-24,0.0,3.9277
2009-07-25,0.0,4.3229
2009-07-26,0.0,4.9389
2009-07-27,0.0,4.9208
2009-07-28,0.0,4.2971
2009-07-29,0.0,4.0869
2009-07-30,0.0,3.8529
2009-07-31,0.0,3.9613
2009-08-01,0.0,4.1291
2009-08-02,0.0,4.0278
2009-08-03,0.0,3.7613
2009-08-04,0.0,3.8904
2009-08-05,0.0,3.8446
2009-08-06,0.0,3.4801
2009-08-07,0.0,3.5742
2009-08-08,0.0,4.4117
2009-08-09,0.0,4.8802
2009-08-10,0.0,5.0153
2009-08-11,0.0,4.4147
2009-08-12,0.0,4.6664
2009-08-13,0.0,4.4416
2009-08-14,0.0,3.9753
2009-08-15,0.0,4.4002
2009-08-16,0.0,4.5037
2009-08-17,0.0,4.1799
2009-08-18,0.0,4.1198
2009-08-19,0.0,3.8911
2009-08-20,0.0,3.6553
2009-08-21,0.0,4.4773
2009-08-22,0.0,4.1022
2009-08-23,0.0,3.7141
2009-08-24,0.0,3.8444
2009-08-25,0.0,3.8799
2009-08-26,0.0,3.934
2009-08-27,0.0,4.2834
2009-08-28,0.0,4.5007
2009-08-29,0.0,4.4941
2009-08-30,0.0,3.6862
2009-08-31,0.0,3.2031
2009-09-01,0.0,3.5374
2009-09-02,0.0,3.9758
2009-09-03,0.0,3.9485
2009-09-04,0.0,3.4345
2009-09-05,0.0,3.1628
2009-09-06,0.0,3.0066
2009-09-07,0.0,3.1187
2009-09-08,0.0,3.2846
2009-09-09,0.0,3.2412
2009-09-10,0.0,3.605
2009-09-11,0.0,3.5835
2009-09-12,1.0,2.8926
2009-09-13,7.33,2.3404
2009-09-14,5.75,2.0221
2009-09-15,0.0,2.8248
2009-09-16,0.0,2.842
2009-09-17,0.0,2.9564
2009-09-18,0.0,3.2827
2009-09-19,0.0,3.0329
2009-09-20,0.0,2.9206
2009-09-21,0.0,3.0021
2009-09-22,0.0,3.0604
2009-09-23,0.0,2.8384
2009-09-24,0.0,2.6668
2009-09-25,0.0,2.8308
2009-09-26,0.0,2.9516
2009-09-27,0.0,2.8958
2009-09-28,0.0,2.3408
2009-09-29,0.0,1.9405
2009-09-30,0.0,2.0966
2009-10-01,0.0,2.2757
2009-10-02,0.0,2.3072
2009-10-03,0.0,2.0529
2009-10-04,0.0,1.7479
2009-10-05,0.0,1.8446
2009-10-06,0.0,1.9122
2009-10-07,0.0,1.9392
2009-10-08,0.0,1.7608
2009-10-09,0.0,1.7536
2009-10-10,0.0,1.6742
2009-10-11,0.0,1.5263
2009-10-12,0.0,1.439
2009-10-13,60.5,1.0436
2009-10-14,19.58,1.3209
2009-10-15,0.0,1.8132
2009-10-16,0.0,2.0698
2009-10-17,0.0,2.1224
2009-10-18,0.0,1.7385
2009-10-19,10.04,1.365
2009-10-20,0.0,1.5887
2009-10-21,0.0,1.6622
2009-10-22,0.0,1.7414
2009-10-23,0.0,1.9147
2009-10-24,0.0,1.8733
2009-10-25,0.0,1.9115
2009-10-26,0.0,1.8627
2009-10-27,0.0,1.5753
2009-10-28,0.0,1.3087
2009-10-29,0.0,1.4797
2009-10-30,0.0,1.5732
2009-10-31,0.0,1.5645
2009-11-01,0.0,1.5989
2009-11-02,0.0,1.6253
2009-11-03,0.0,1.5832
2009-11-04,0.0,1.4568
2009-11-05,0.0,1.3501
2009-11-06,0.0,1.2817
2009-11-07,0.0,1.2229
2009-11-08,0.0,1.2051
2009-11-09,0.0,1.1495
2009-11-10,0.0,1.1481
2009-11-11,0.0,1.1052
2009-11-12,0.0,1.0242
2009-11-13,0.0,0.9752
2009-11-14,1.02,0.9884
2009-11-15,0.0,0.9811
2009-11-16,0.0,0.9796
2009-11-17,0.0,0.9606
2009-11-18,0.0,0.9267
2009-11-19,0.0,0.8733
2009-11-20,4.85,0.7823
2009-11-21,0.0,0.7914
2009-11-22,0.0,0.8196
2009-11-23,0.0,0.8523
2009-11-24,0.0,0.8933
2009-11-25,0.0,0.8764
2009-11-26,0.0,0.8369
2009-11-27,3.98,0.7844
2009-11-28,0.0,0.7912
2009-11-29,0.0,0.8398
2009-11-30,0.0,0.7616
2009-12-01,0.0,0.6805
2009-12-02,0.0,0.6557
2009-12-03,0.0,0.7236
2009-12-04,0.0,0.6828
2009-12-05,0.0,0.6686
2009-12-06,4.93,0.591
2009-12-07,11.14,0.5612
2009-12-08,0.0,0.5331
2009-12-09,0.0,0.5428
2009-12-10,4.46,0.568
2009-12-11,10.43,0.6007
2009-12-12,11.46,0.6672
2009-12-13,11.85,0.6406
2009-12-14,0.0,0.6675
2009-12-15,0.0,0.6852
2009-12-16,1.12,0.7114
2009-12-17,0.0,0.7353
2009-12-18,0.0,0.707
2009-12-19,0.0,0.6961
2009-12-20,0.0,0.7273
2009-12-21,2.79,0.7045
2009-12-22,0.0,0.6127
2009-12-23,0.0,0.5934
2009-12-24,0.0,0.6072
2009-12-25,0.0,0.5898
2009-12-26,10.95,0.6353
2009-12-27,8.32,0.669
2009-12-28,1.11,0.6597
2009-12-29,2.84,0.6113
2009-12-30,0.0,0.7071
2009-12-31,0.0,0.7319
2010-01-01,0.0,0.7779
2010-01-02,0.0,0.7657
2010-01-03,0.0,0.7146
2010-01-04,0.0,0.7382
2010-01-05,0.0,0.7137
2010-01-06,0.0,0.7361
2010-01-07,0.0,0.7459
2010-01-08,0.0,0.7213
2010-01-09,0.0,0.7592
2010-01-10,0.0,0.7501
2010-01-11,0.0,0.7557
2010-01-12,7.05,0.8337
2010-01-13,5.05,0.8244
2010-01-14,0.0,0.8633
2010-01-15,0.0,0.8586
2010-01-16,0.0,0.8959
2010-01-17,6.04,0.797
2010-01-18,14.77,0.7556
2010-01-19,28.56,0.7809
2010-01-20,31.33,0.7428
2010-01-21,20.34,0.7125
2010-01-22,14.17,0.7289
2010-01-23,9.26,0.8057
2010-01-24,0.0,0.8975
2010-01-25,3.68,0.8112
2010-01-26,4.06,0.8139
2010-01-27,0.0,1.0
2010-01-28,0.0,1.0618
2010-01-29,0.91,1.089
2010-01-30,5.45,1.0026
2010-01-31,0.0,1.1281
2010-02-01,0.0,1.1898
2010-02-02,0.0,1.1709
2010-02-03,0.0,1.2473
2010-02-04,7.68,1.0642
2010-02-05,10.24,1.1287
2010-02-06,8.19,1.069
2010-02-07,0.0,1.1561
2010-02-08,1.06,1.2072
2010-02-09,4.69,1.0415
2010-02-10,0.0,1.3402
2010-02-11,0.0,1.4484
2010-02-12,0.0,1.5119
2010-02-13,0.0,1.5895
2010-02-14,0.0,1.625
2010-02-15,0.0,1.7386
2010-02-16,0.0,1.8075
2010-02-17,0.0,1.8414
2010-02-18,0.0,1.7931
2010-02-19,1.26,1.4627
2010-02-20,0.0,1.2734
2010-02-21,6.35,0.9833
2010-02-22,0.0,1.6333
2010-02-23,14.22,1.27
2010-02-24,8.47,1.2864
2010-02-25,0.0,1.8646
2010-02-26,13.9,1.544
2010-02-27,7.53,1.4557
2010-02-28,0.0,2.057
2010-03-01,0.0,2.0298
2010-03-02,6.49,1.439
2010-03-03,15.2,1.4786
2010-03-04,3.23,1.7506
2010-03-05,0.0,2.0479
2010-03-06,0.0,2.1568
2010-03-07,0.0,2.2388
2010-03-08,2.41,1.857
2010-03-09,2.58,1.994
2010-03-10,3.67,1.7684
2010-03-11,0.0,2.3166
2010-03-12,12.14,1.802
2010-03-13,2.87,1.9901
2010-03-14,0.0,2.5064
2010-03-15,0.0,2.788
2010-03-16,0.0,2.9563
2010-03-17,0.0,3.0735
2010-03-18,0.0,3.1886
2010-03-19,0.0,3.3677
2010-03-20,0.0,3.2501
2010-03-21,0.0,3.0082
2010-03-22,0.0,2.7913
2010-03-23,0.0,3.1682
2010-03-24,0.0,3.1558
2010-03-25,2.98,2.1841
2010-03-26,0.0,2.928
2010-03-27,0.0,3.1862
2010-03-28,0.0,3.3939
2010-03-29,0.0,2.9542
2010-03-30,5.34,1.8126
2010-03-31,6.99,1.9312
2010-04-01,5.03,1.9845
2010-04-02,2.24,2.2187
2010-04-03,0.0,2.4564
2010-04-04,11.97,1.7875
2010-04-05,9.79,2.0886
2010-04-06,0.0,3.0031
2010-04-07,0.0,3.4822
2010-04-08,0.0,3.3197
2010-04-09,0.0,3.5406
2010-04-10,0.0,2.9608
2010-04-11,21.68,2.0744
2010-04-12,14.15,1.6551
2010-04-13,0.0,2.5185
2010-04-14,0.0,2.9438
2010-04-15,0.0,3.6066
2010-04-16,0.0,3.7643
2010-04-17,0.0,3.7007
2010-04-18,0.0,4.2744
2010-04-19,0.0,4.1801
2010-04-20,12.38,2.6952
2010-04-21,3.89,1.9154
2010-04-22,0.0,3.3965
2010-04-23,0.0,4.2485
2010-04-24,0.0,4.2284
2010-04-25,0.0,4.6964
2010-04-26,0.0,4.6116
2010-04-27,3.27,3.1115
2010-04-28,3.76,2.2728
2010-04-29,0.0,3.4302
2010-04-30,0.0,4.022
2010-05-01,0.0,4.29
2010-05-02,0.0,4.7136
2010-05-03,0.0,4.9032
2010-05-04,0.0,4.9168
2010-05-05,0.0,4.2349
2010-05-06,0.0,4.4206
2010-05-07,0.0,4.3289
2010-05-08,0.0,4.0123
2010-05-09,0.0,3.414
2010-05-10,3.38,2.6603
2010-05-11,0.0,4.0309
2010-05-12,0.0,4.4625
2010-05-13,0.0,4.7672
2010-05-14,0.0,4.2578
2010-05-15,0.0,4.5585
2010-05-16,0.0,4.1398
2010-05-17,3.11,3.0223
2010-05-18,3.48,2.6609
2010-05-19,0.0,3.9445
2010-05-20,0.0,4.4152
2010-05-21,0.0,3.9581
2010-05-22,0.0,3.8818
2010-05-23,0.0,4.178
2010-05-24,0.0,3.9585
2010-05-25,6.61,2.9022
2010-05-26,5.98,2.7547
2010-05-27,6.2,3.0233
2010-05-28,0.0,4.0999
2010-05-29,0.0,5.3241
2010-05-30,0.0,5.5514
2010-05-31,0.0,5.0988
2010-06-01,0.0,4.2206
2010-06-02,0.0,4.7447
2010-06-03,0.0,5.0045
2010-06-04,0.0,5.0644
2010-06-05,0.0,5.3914
2010-06-06,0.0,5.2535
2010-06-07,0.0,4.8401
2010-06-08,0.0,4.3646
2010-06-09,0.0,4.045
2010-06-10,0.0,4.645
2010-06-11,0.0,5.41
2010-06-12,0.0,5.9521
2010-06-13,0.0,6.0872
2010-06-14,0.0,5.6516
2010-06-15,0.0,4.9829
2010-06-16,0.0,5.3046
2010-06-17,0.0,5.5868
2010-06-18,0.0,4.6945
2010-06-19,0.0,3.5729
2010-06-20,0.0,5.0155
2010-06-21,0.0,5.4549
2010-06-22,0.0,5.2896
2010-06-23,0.0,4.992
2010-06-24,0.0,3.9185
2010-06-25,0.0,4.3206
2010-06-26,0.0,5.1244
2010-06-27,0.0,6.0193
2010-06-28,0.0,5.8882
2010-06-29,0.0,5.4108
2010-06-30,0.0,4.9235
2010-07-01,0.0,4.7565
2010-07-02,0.0,4.6893
2010-07-03,0.0,5.4369
2010-07-04,0.0,5.516
2010-07-05,0.0,5.2618
2010-07-06,0.0,4.6818
2010-07-07,0.0,4.6937
2010-07-08,0.0,4.4924
2010-07-09,0.0,4.7586
2010-07-10,0.0,5.1134
2010-07-11,0.0,4.7901
2010-07-12,0.0,4.5675
2010-07-13,0.0,4.5697
2010-07-14,0.0,5.0593
2010-07-15,0.0,5.2294
2010-07-16,0.0,5.1146
2010-07-17,0.0,5.1117
2010-07-18,0.0,5.0536
2010-07-19,0.0,4.5299
2010-07-20,0.0,4.4314
2010-07-21,0.0,4.0913
2010-07-22,0.0,4.6646
2010-07-23,0.0,4.7169
2010-07-24,0.0,4.5252
2010-07-25,0.0,4.4079
2010-07-26,0.0,4.2243
2010-07-27,0.0,4.0833
2010-07-28,0.0,4.2443
2010-07-29,0.0,4.5722
2010-07-30,0.0,4.2117
2010-07-31,0.0,4.3418
2010-08-01,0.0,4.4823
2010-08-02,0.0,4.4388
2010-08-03,0.0,4.5319
2010-08-04,0.0,4.2495
2010-08-05,0.0,3.9661
2010-08-06,0.0,4.1857
2010-08-07,0.0,4.1877
2010-08-08,0.0,4.0989
2010-08-09,0.0,3.8966
2010-08-10,0.0,3.9893
2010-08-11,0.0,3.5011
2010-08-12,0.0,4.006
2010-08-13,0.0,4.039
2010-08-14,0.0,4.0193
2010-08-15,0.0,3.9097
2010-08-16,0.0,4.0999
2010-08-17,0.0,3.9087
2010-08-18,0.0,3.7316
2010-08-19,0.0,4.3086
2010-08-20,0.0,4.1164
2010-08-21,0.0,3.633
2010-08-22,0.0,3.9577
2010-08-23,0.0,4.5041
2010-08-24,0.0,4.8289
2010-08-25,0.0,4.7552
2010-08-26,0.0,3.9972
2010-08-27,0.0,3.4478
2010-08-28,0.0,3.119
2010-08-29,0.0,3.2457
2010-08-30,0.0,3.2672
2010-08-31,0.0,3.6486
2010-09-01,0.0,4.0635
2010-09-02,0.0,4.1462
2010-09-03,0.0,3.8879
2010-09-04,0.0,3.5429
2010-09-05,0.0,3.595
2010-09-06,0.0,3.7876
2010-09-07,0.0,3.1884
2010-09-08,0.0,2.201
2010-09-09,0.0,2.7
2010-09-10,0.0,3.2128
2010-09-11,0.0,3.3292
2010-09-12,0.0,2.9889
2010-09-13,0.0,2.6406
2010-09-14,0.0,2.7156
2010-09-15,0.0,2.6348
2010-09-16,0.0,2.7181
2010-09-17,0.0,2.287
2010-09-18,0.0,2.3989
2010-09-19,0.0,2.3642
2010-09-20,0.0,2.4819
2010-09-21,0.0,2.3509
2010-09-22,0.0,2.0913
2010-09-23,0.0,2.6679
2010-09-24,0.0,2.8354
2010-09-25,0.0,2.966
2010-09-26,0.0,2.9513
2010-09-27,0.0,2.9314
2010-09-28,0.0,2.9957
2010-09-29,0.0,2.8762
2010-09-30,0.0,2.5454
2010-10-01,0.0,2.1123
2010-10-02,0.0,2.2411
2010-10-03,0.0,2.0268
2010-10-04,0.0,1.7357
2010-10-05,0.0,1.962
2010-10-06,0.0,2.0094
2010-10-07,0.0,1.9157
2010-10-08,0.0,1.9804
2010-10-09,0.0,2.0138
2010-10-10,0.0,2.0399
2010-10-11,0.0,2.0904
2010-10-12,0.0,2.1323
2010-10-13,0.0,2.0155
2010-10-14,0.0,1.9684
2010-10-15,0.0,1.9089
2010-10-16,0.0,1.6739
2010-10-17,1.59,1.2077
2010-10-18,0.0,1.3476
2010-10-19,0.0,1.5154
2010-10-20,0.0,1.4613
2010-10-21,0.0,1.3658
2010-10-22,0.0,1.2224
2010-10-23,3.34,1.1226
2010-10-24,7.87,1.0671
2010-10-25,0.0,1.2091
2010-10-26,0.0,1.2006
2010-10-27,0.0,1.1661
2010-10-28,0.0,1.215
2010-10-29,2.75,1.1781
2010-10-30,2.0,1.118
2010-10-31,0.0,1.1168
2010-11-01,0.0,1.1116
2010-11-02,0.0,1.1134
2010-11-03,0.0,1.1089
2010-11-04,0.0,1.0498
2010-11-05,0.0,1.0227
2010-11-06,0.0,1.0153
2010-11-07,8.88,0.9397
2010-11-08,0.88,0.963
2010-11-09,0.32,0.9145
2010-11-10,3.56,0.9344
2010-11-11,0.0,0.926
2010-11-12,0.0,0.8668
2010-11-13,0.0,0.8871
2010-11-14,0.0,0.9366
2010-11-15,0.0,1.0153
2010-11-16,0.0,0.9008
2010-11-17,0.0,0.7746
2010-11-18,0.0,0.7482
2010-11-19,7.16,0.8251
2010-11-20,16.14,0.7139
2010-11-21,12.5,0.7099
2010-11-22,3.44,0.747
2010-11-23,4.96,0.7054
2010-11-24,0.0,0.6857
2010-11-25,0.0,0.682
2010-11-26,0.0,0.6986
2010-11-27,6.57,0.6973
2010-11-28,0.0,0.6714
2010-11-29,0.0,0.6559
2010-11-30,0.0,0.6639
2010-12-01,0.0,0.6915
2010-12-02,0.0,0.7163
2010-12-03,0.0,0.7358
2010-12-04,0.0,0.7851
2010-12-05,5.83,0.7654
2010-12-06,6.37,0.7639
2010-12-07,0.0,0.7413
2010-12-08,9.41,0.7123
2010-12-09,4.96,0.7265
2010-12-10,0.0,0.7852
2010-12-11,0.0,0.7967
2010-12-12,0.0,0.7702
2010-12-13,0.0,0.7507
2010-12-14,5.56,0.7095
2010-12-15,4.88,0.661
2010-12-16,0.31,0.6018
2010-12-17,10.27,0.6493
2010-12-18,10.51,0.7002
2010-12-19,31.58,0.6962
2010-12-20,4.63,0.6649
2010-12-21,3.6,0.6404
2010-12-22,5.23,0.6816
2010-12-23,0.0,0.6558
2010-12-24,0.0,0.6541
2010-12-25,10.0,0.6723
2010-12-26,3.57,0.6649
2010-12-27,0.0,0.6889
2010-12-28,22.53,0.6671
2010-12-29,12.12,0.6501
2010-12-30,0.0,0.576
2010-12-31,0.0,0.5862
2011-01-01,4.69,0.6028
2011-01-02,6.35,0.6116
2011-01-03,0.0,0.6473
2011-01-04,0.0,0.6231
2011-01-05,0.0,0.6157
2011-01-06,0.0,0.6051
2011-01-07,0.0,0.6186
2011-01-08,0.0,0.632
2011-01-09,0.0,0.622
2011-01-10,0.0,0.5949
2011-01-11,1.0,0.6614
2011-01-12,0.0,0.7531
2011-01-13,2.0,0.7638
2011-01-14,0.0,0.8483
2011-01-15,0.0,0.8482
2011-01-16,0.0,0.8017
2011-01-17,0.0,0.8351
2011-01-18,0.0,0.8645
2011-01-19,0.0,0.8685
2011-01-20,0.0,0.8863
2011-01-21,0.0,0.8493
2011-01-22,0.0,0.9091
2011-01-23,0.0,0.9502
2011-01-24,0.0,0.8784
2011-01-25,0.0,0.9491
2011-01-26,0.0,1.0068
2011-01-27,0.0,0.9526
2011-01-28,0.0,0.9307
2011-01-29,5.1,0.912
2011-01-30,11.67,0.8488
2011-01-31,0.0,1.0165
2011-02-01,0.0,1.1186
2011-02-02,0.0,1.128
2011-02-03,0.0,1.0681
2011-02-04,0.0,1.1356
2011-02-05,0.0,1.2304
2011-02-06,0.0,1.417
2011-02-07,0.0,1.2773
2011-02-08,0.0,1.264
2011-02-09,0.0,1.1926
2011-02-10,0.0,1.2273
2011-02-11,0.0,1.2346
2011-02-12,0.0,1.2694
2011-02-13,0.0,1.286
2011-02-14,2.73,1.2252
2011-02-15,4.49,0.9512
2011-02-16,15.03,1.0305
2011-02-17,16.13,0.945
2011-02-18,15.78,0.8235
2011-02-19,16.05,0.8092
2011-02-20,0.0,1.2822
2011-02-21,0.0,1.2575
2011-02-22,0.0,1.502
2011-02-23,0.0,1.5835
2011-02-24,6.22,1.1172
2011-02-25,15.3,0.9401
2011-02-26,0.0,1.4066
2011-02-27,0.0,1.6296
2011-02-28,0.0,1.7616
2011-03-01,0.0,1.847
2011-03-02,3.42,1.3315
2011-03-03,0.0,1.8101
2011-03-04,0.0,2.1148
2011-03-05,2.15,2.089
2011-03-06,8.96,1.5225
2011-03-07,3.14,1.6042
2011-03-08,2.97,1.5764
2011-03-09,0.0,2.2597
2011-03-10,0.0,2.303
2011-03-11,0.0,2.1361
2011-03-12,0.0,2.3765
2011-03-13,4.46,2.0241
2011-03-14,5.25,1.7193
2011-03-15,5.36,1.8846
2011-03-16,5.54,1.8234
2011-03-17,0.0,2.5256
2011-03-18,18.77,1.7286
2011-03-19,21.61,1.5482
2011-03-20,15.69,1.1381
2011-03-21,5.2,1.6426
2011-03-22,2.36,2.2338
2011-03-23,11.88,1.5479
2011-03-24,25.9,1.3527
2011-03-25,10.0,1.6578
2011-03-26,11.11,1.5947
2011-03-27,0.0,2.724
2011-03-28,0.0,2.8577
2011-03-29,0.0,3.1964
2011-03-30,0.0,3.6639
2011-03-31,0.0,4.0855
2011-04-01,0.0,4.03
2011-04-02,0.0,3.7339
2011-04-03,0.0,3.4044
2011-04-04,0.0,3.7764
2011-04-05,0.0,3.7911
2011-04-06,0.0,3.3605
2011-04-07,1.87,2.9239
2011-04-08,0.26,2.8111
2011-04-09,0.0,3.2522
2011-04-10,0.0,3.2323
2011-04-11,0.0,3.2413
2011-04-12,0.0,3.3295
2011-04-13,1.67,3.0106
2011-04-14,0.0,3.3827
2011-04-15,0.0,3.6777
2011-04-16,0.0,3.7798
2011-04-17,0.0,3.6578
2011-04-18,0.0,2.8948
2011-04-19,1.35,3.0821
2011-04-20,0.0,3.4832
2011-04-21,2.9,2.998
2011-04-22,0.0,3.4679
2011-04-23,0.0,3.5705
2011-04-24,0.1,2.8218
2011-04-25,0.0,3.1342
2011-04-26,0.0,3.7152
2011-04-27,0.0,3.9004
2011-04-28,0.0,3.6699
2011-04-29,0.0,3.9789
2011-04-30,0.0,4.107
2011-05-01,0.0,4.682
2011-05-02,0.0,4.8184
2011-05-03,0.0,4.7597
2011-05-04,0.0,5.2049
2011-05-05,0.0,5.3934
2011-05-06,0.0,4.8065
2011-05-07,0.0,3.6759
2011-05-08,0.0,3.2763
2011-05-09,0.0,3.799
2011-05-10,0.0,4.6137
2011-05-11,0.0,3.8164
2011-05-12,0.0,4.1446
2011-05-13,0.0,4.2667
2011-05-14,5.15,2.8755
2011-05-15,4.0,2.5472
2011-05-16,4.38,2.4773
2011-05-17,4.04,2.3147
2011-05-18,3.9,2.7729
2011-05-19,0.0,4.619
2011-05-20,0.0,4.4745
2011-05-21,0.0,4.3821
2011-05-22,0.0,3.8889
2011-05-23,0.0,3.9313
2011-05-24,0.0,4.1921
2011-05-25,1.98,3.8688
2011-05-26,0.0,3.7896
2011-05-27,0.0,3.7604
2011-05-28,0.0,3.7679
2011-05-29,0.0,4.1671
2011-05-30,0.0,3.9351
2011-05-31,3.91,2.5221
2011-06-01,4.1,2.9375
2011-06-02,0.0,4.0464
2011-06-03,0.64,4.2158
2011-06-04,18.87,2.4214
2011-06-05,4.2,3.0883
2011-06-06,0.0,3.8176
2011-06-07,0.0,4.257
2011-06-08,0.0,4.943
2011-06-09,0.0,5.3212
2011-06-10,0.0,5.1318
2011-06-11,0.0,4.5414
2011-06-12,0.0,5.2669
2011-06-13,0.0,5.2153
2011-06-14,0.0,5.9114
2011-06-15,0.0,6.0593
2011-06-16,0.0,5.7233
2011-06-17,0.0,5.3135
2011-06-18,0.0,5.3853
2011-06-19,0.0,5.6972
2011-06-20,0.0,6.2006
2011-06-21,0.0,6.2935
2011-06-22,0.0,5.873
2011-06-23,0.0,5.2278
2011-06-24,0.0,5.1894
2011-06-25,0.0,4.7801
2011-06-26,0.0,4.9992
2011-06-27,0.0,4.7065
2011-06-28,18.4,3.1721
2011-06-29,0.0,3.9286
2011-06-30,0.0,4.7928
2011-07-01,0.0,5.4458
2011-07-02,0.0,5.5341
2011-07-03,0.0,5.7433
2011-07-04,0.0,5.4756
2011-07-05,0.0,5.5633
2011-07-06,0.0,5.2862
2011-07-07,0.0,4.9697
2011-07-08,0.0,5.154
2011-07-09,0.0,4.8535
2011-07-10,0.0,4.5547
2011-07-11,0.0,3.7105
2011-07-12,0.0,3.3459
2011-07-13,0.0,3.2788
2011-07-14,0.0,3.0511
2011-07-15,0.0,3.1856
2011-07-16,0.0,3.8438
2011-07-17,0.0,3.7993
2011-07-18,0.0,4.5236
2011-07-19,0.0,4.5097
2011-07-20,0.0,5.1868
2011-07-21,0.0,5.2303
2011-07-22,0.0,4.9489
2011-07-23,0.0,4.799
2011-07-24,0.0,4.5595
2011-07-25,0.0,4.3859
2011-07-26,0.0,4.6372
2011-07-27,0.0,4.8922
2011-07-28,0.0,4.8082
2011-07-29,0.0,4.643
2011-07-30,0.0,4.4254
2011-07-31,0.0,4.3445
2011-08-01,0.0,4.3273
2011-08-02,0.0,4.5653
2011-08-03,0.0,4.6484
2011-08-04,0.0,4.1472
2011-08-05,0.0,4.3139
2011-08-06,0.0,4.3996
2011-08-07,0.0,4.0093
2011-08-08,0.0,4.2096
2011-08-09,0.0,4.5754
2011-08-10,0.0,4.5539
2011-08-11,0.0,4.3488
2011-08-12,0.0,4.2198
2011-08-13,0.0,4.3638
2011-08-14,0.0,4.347
2011-08-15,0.0,4.2163
2011-08-16,0.0,4.0969
2011-08-17,0.0,3.9269
2011-08-18,0.0,4.0125
2011-08-19,0.0,3.7574
2011-08-20,0.0,3.6047
2011-08-21,0.0,3.3643
2011-08-22,0.0,3.5482
2011-08-23,0.0,4.2792
2011-08-24,0.0,4.1142
2011-08-25,0.0,3.8227
2011-08-26,0.0,3.837
2011-08-27,0.0,3.7905
2011-08-28,0.0,3.8497
2011-08-29,0.0,3.5972
2011-08-30,0.0,3.5771
2011-08-31,0.0,3.4593
2011-09-01,0.0,3.6049
2011-09-02,0.0,3.7845
2011-09-03,0.0,3.583
2011-09-04,0.0,3.2444
2011-09-05,0.0,3.2515
2011-09-06,0.0,3.5296
2011-09-07,0.0,3.6678
2011-09-08,0.0,3.3068
2011-09-09,0.0,3.2833
2011-09-10,0.0,3.1678
2011-09-11,0.0,2.7299
2011-09-12,0.0,2.7904
2011-09-13,0.0,2.977
2011-09-14,0.0,2.7504
2011-09-15,0.0,2.6751
2011-09-16,0.0,2.6019
2011-09-17,0.0,2.8562
2011-09-18,0.0,3.0641
2011-09-19,0.0,3.1422
2011-09-20,0.0,3.1339
2011-09-21,0.0,3.0293
2011-09-22,0.0,2.9059
2011-09-23,0.0,2.8954
2011-09-24,0.0,2.5531
2011-09-25,0.0,1.9909
2011-09-26,0.0,2.4523
2011-09-27,0.0,2.5872
2011-09-28,0.0,2.7065
2011-09-29,0.0,2.5252
2011-09-30,0.0,2.1616
2011-10-01,0.0,2.0142
2011-10-02,0.0,2.0626
2011-10-03,6.16,1.6068
2011-10-04,6.79,1.3507
2011-10-05,12.84,1.3909
2011-10-06,8.55,1.351
2011-10-07,0.0,1.8322
2011-10-08,0.0,1.9027
2011-10-09,0.0,1.8647
2011-10-10,4.71,1.4641
2011-10-11,2.33,1.5368
2011-10-12,0.0,1.9763
2011-10-13,0.0,1.9781
2011-10-14,0.0,1.9982
2011-10-15,0.0,1.8949
2011-10-16,0.0,1.8004
2011-10-17,0.0,1.7974
2011-10-18,0.0,1.7752
2011-10-19,0.0,1.6533
2011-10-20,0.0,1.5772
2011-10-21,0.0,1.6022
2011-10-22,0.0,1.5874
2011-10-23,0.0,1.6354
2011-10-24,0.0,1.5527
2011-10-25,0.0,1.4676
2011-10-26,0.0,1.3619
2011-10-27,0.0,1.3032
2011-10-28,0.0,1.3126
2011-10-29,0.0,1.2656
2011-10-30,0.0,1.2828
2011-10-31,0.0,1.2799
2011-11-01,0.0,1.3216
2011-11-02,0.0,1.3188
2011-11-03,1.0,1.1325
2011-11-04,4.0,0.963
2011-11-05,6.95,0.9016
2011-11-06,4.0,0.8854
2011-11-07,0.0,1.01
2011-11-08,0.0,1.0013
2011-11-09,0.0,1.0182
2011-11-10,0.0,0.999
2011-11-11,2.81,0.9407
2011-11-12,1.0,0.9808
2011-11-13,0.0,0.9909
2011-11-14,0.0,0.9746
2011-11-15,0.0,0.9422
2011-11-16,0.0,0.9206
2011-11-17,0.0,0.9299
2011-11-18,1.0,0.8517
2011-11-19,4.31,0.7435
2011-11-20,5.83,0.7279
2011-11-21,0.0,0.8135
2011-11-22,0.0,0.8292
2011-11-23,0.0,0.8073
2011-11-24,1.81,0.7719
2011-11-25,0.0,0.7897
2011-11-26,0.0,0.8339
2011-11-27,0.0,0.8319
2011-11-28,0.0,0.7867
2011-11-29,0.0,0.7243
2011-11-30,0.0,0.724
2011-12-01,0.0,0.8408
2011-12-02,0.0,0.8776
2011-12-03,0.0,0.8181
2011-12-04,0.0,0.633
2011-12-05,0.0,0.6918
2011-12-06,0.0,0.5901
2011-12-07,0.0,0.599
2011-12-08,0.0,0.6024
2011-12-09,0.0,0.5961
2011-12-10,0.0,0.5852
2011-12-11,0.0,0.6397
2011-12-12,0.0,0.6125
2011-12-13,0.0,0.5703
2011-12-14,0.0,0.5758
2011-12-15,1.87,0.6353
2011-12-16,0.0,0.6084
2011-12-17,0.0,0.5843
2011-12-18,0.0,0.5821
2011-12-19,0.0,0.6585
2011-12-20,0.0,0.5855
2011-12-21,0.0,0.5787
2011-12-22,0.0,0.6074
2011-12-23,0.0,0.539
2011-12-24,0.0,0.5399
2011-12-25,0.0,0.536
2011-12-26,0.0,0.5479
2011-12-27,0.0,0.65
2011-12-28,0.0,0.6521
2011-12-29,0.0,0.7053
2011-12-30,0.5,0.7425
2011-12-31,0.0,0.6674
2012-01-01,0.0,0.6921
2012-01-02,0.0,0.7048
2012-01-03,0.0,0.7306
2012-01-04,0.0,0.7212
2012-01-05,0.0,0.7232
2012-01-06,0.0,0.73
2012-01-07,0.0,0.7079
2012-01-08,0.0,0.7942
2012-01-09,0.0,0.7133
2012-01-10,0.0,0.7244
2012-01-11,0.0,0.7384
2012-01-12,0.0,0.751
2012-01-13,0.0,0.7656
2012-01-14,0.0,0.7809
2012-01-15,0.0,0.7629
2012-01-16,0.0,0.6829
2012-01-17,0.0,0.6817
2012-01-18,0.0,0.733
2012-01-19,3.88,0.7253
2012-01-20,22.47,0.7667
2012-01-21,17.95,0.7924
2012-01-22,5.43,0.7447
2012-01-23,13.0,0.7458
2012-01-24,0.0,0.8914
2012-01-25,0.0,0.9901
2012-01-26,0.0,1.0159
2012-01-27,0.0,1.0639
2012-01-28,0.0,1.0437
2012-01-29,0.0,1.0873
2012-01-30,0.0,1.0903
2012-01-31,0.0,1.049
2012-02-01,0.0,1.0751
2012-02-02,0.0,1.152
2012-02-03,0.0,1.1809
2012-02-04,0.0,1.2039
2012-02-05,0.0,1.2674
2012-02-06,2.62,1.2368
2012-02-07,4.72,1.0439
2012-02-08,0.0,1.2942
2012-02-09,0.0,1.4136
2012-02-10,0.0,1.4698
2012-02-11,1.01,1.2265
2012-02-12,1.11,1.2391
2012-02-13,5.46,1.0476
2012-02-14,0.0,1.3161
2012-02-15,2.39,1.29
2012-02-16,0.0,1.5897
2012-02-17,0.0,1.6335
2012-02-18,0.0,1.5262
2012-02-19,0.0,1.4952
2012-02-20,0.89,1.463
2012-02-21,0.0,1.737
2012-02-22,0.0,2.0301
2012-02-23,0.0,2.1158
2012-02-24,0.0,2.1456
2012-02-25,0.0,1.9539
2012-02-26,0.0,1.733
2012-02-27,0.0,1.6285
2012-02-28,0.0,1.5834
2012-02-29,11.43,1.1696
2012-03-01,4.34,1.327
2012-03-02,0.0,1.9229
2012-03-03,0.0,2.2467
2012-03-04,0.0,2.3938
2012-03-05,0.0,2.42
2012-03-06,0.81,2.0924
2012-03-07,0.0,2.1014
2012-03-08,0.0,2.367
2012-03-09,0.0,2.5672
2012-03-10,0.0,2.4365
2012-03-11,0.0,2.1541
2012-03-12,0.0,2.2639
2012-03-13,7.12,1.3017
2012-03-14,15.08,1.0168
2012-03-15,1.53,1.4484
2012-03-16,14.12,1.433
2012-03-17,13.41,1.6645
2012-03-18,2.19,1.4884
2012-03-19,0.0,2.206
2012-03-20,0.0,2.4688
2012-03-21,0.0,2.9702
2012-03-22,0.0,2.6391
2012-03-23,0.0,2.733
2012-03-24,14.9,1.8586
2012-03-25,12.76,1.7114
2012-03-26,0.0,2.513
2012-03-27,12.46,1.8086
2012-03-28,6.12,1.9771
2012-03-29,0.0,3.0386
2012-03-30,0.0,2.9677
2012-03-31,9.29,2.2498
2012-04-01,4.56,2.2681
2012-04-02,0.0,3.2244
2012-04-03,0.0,3.3079
2012-04-04,0.0,3.2577
2012-04-05,0.0,3.1074
2012-04-06,0.0,3.2241
2012-04-07,0.0,3.5745
2012-04-08,0.0,3.817
2012-04-09,0.0,3.8753
2012-04-10,11.18,2.5682
2012-04-11,6.46,2.0996
2012-04-12,20.52,2.3338
2012-04-13,18.92,2.2741
2012-04-14,0.0,3.4782
2012-04-15,0.0,3.6782
2012-04-16,0.0,3.8217
2012-04-17,0.0,3.6525
2012-04-18,0.0,3.8935
2012-04-19,0.0,3.9513
2012-04-20,0.0,4.8347
2012-04-21,0.0,5.1615
2012-04-22,0.0,4.7374
2012-04-23,0.0,4.0902
2012-04-24,0.0,3.9535
2012-04-25,6.6,3.0063
2012-04-26,5.41,2.8782
2012-04-27,0.0,3.9674
2012-04-28,0.0,4.3175
2012-04-29,0.0,4.8319
2012-04-30,0.0,4.851
2012-05-01,0.0,3.9835
2012-05-02,0.0,3.5884
2012-05-03,0.83,3.5792
2012-05-04,0.0,3.2821
2012-05-05,0.0,4.5775
2012-05-06,0.0,5.0938
2012-05-07,0.0,5.3806
2012-05-08,0.0,5.477
2012-05-09,0.0,5.2216
2012-05-10,0.0,5.3592
2012-05-11,0.0,5.3787
2012-05-12,0.0,5.2397
2012-05-13,0.0,4.8962
2012-05-14,0.0,4.0757
2012-05-15,0.0,4.2405
2012-05-16,0.0,4.1873
2012-05-17,0.0,4.1523
2012-05-18,0.0,4.9668
2012-05-19,0.0,5.0125
2012-05-20,0.0,5.2332
2012-05-21,0.0,4.5701
2012-05-22,0.0,4.3288
2012-05-23,0.0,4.2604
2012-05-24,0.0,4.1594
2012-05-25,0.0,3.751
2012-05-26,0.0,3.0802
2012-05-27,0.0,3.8495
2012-05-28,0.0,3.5515
2012-05-29,0.0,4.6839
2012-05-30,0.0,5.097
2012-05-31,0.0,5.7246
2012-06-01,0.0,5.5811
2012-06-02,0.0,5.0645
2012-06-03,0.0,4.9468
2012-06-04,3.64,3.0161
2012-06-05,0.0,3.5147
2012-06-06,0.0,4.4896
2012-06-07,0.0,4.7259
2012-06-08,0.0,4.5258
2012-06-09,0.0,5.234
2012-06-10,0.0,5.7215
2012-06-11,0.0,6.1082
2012-06-12,0.0,5.9417
2012-06-13,0.0,5.4807
2012-06-14,0.0,5.2996
2012-06-15,0.0,5.6855
2012-06-16,0.0,6.2693
2012-06-17,0.0,5.7861
2012-06-18,0.0,5.1596
2012-06-19,0.0,5.2924
2012-06-20,0.0,5.7582
2012-06-21,0.0,4.9343
2012-06-22,0.0,4.5147
2012-06-23,0.0,4.3539
2012-06-24,0.0,4.1275
2012-06-25,0.0,4.1711
2012-06-26,0.0,4.9863
2012-06-27,0.0,5.1395
2012-06-28,0.0,4.6889
2012-06-29,0.0,4.1614
2012-06-30,0.0,4.1508
2012-07-01,0.0,3.9396
2012-07-02,0.0,4.1365
2012-07-03,0.0,5.1197
2012-07-04,0.0,4.9767
2012-07-05,0.0,4.5932
2012-07-06,0.0,4.9688
2012-07-07,0.0,5.2855
2012-07-08,0.0,4.9226
2012-07-09,0.0,4.7528
2012-07-10,0.0,5.3715
2012-07-11,0.0,5.4298
2012-07-12,0.0,5.1896
2012-07-13,0.0,4.3905
2012-07-14,0.0,4.4715
2012-07-15,0.0,4.5932
2012-07-16,0.0,4.0929
2012-07-17,0.0,3.6521
2012-07-18,0.0,3.9371
2012-07-19,0.0,4.1813
2012-07-20,0.0,5.084
2012-07-21,0.0,5.4464
2012-07-22,0.0,5.2448
2012-07-23,0.0,4.8599
2012-07-24,0.0,4.4518
2012-07-25,0.0,4.4943
2012-07-26,0.0,4.2378
2012-07-27,0.0,4.437
2012-07-28,0.0,4.1854
2012-07-29,0.0,4.4115
2012-07-30,0.0,4.922
2012-07-31,0.0,4.8201
2012-08-01,0.0,4.775
2012-08-02,0.0,4.8421
2012-08-03,0.0,4.5813
2012-08-04,0.0,3.9715
2012-08-05,0.0,3.8306
2012-08-06,0.0,4.4017
2012-08-07,0.0,4.3527
2012-08-08,0.0,4.8038
2012-08-09,0.0,4.9214
2012-08-10,0.0,4.8205
2012-08-11,0.0,4.8145
2012-08-12,0.0,4.4713
2012-08-13,0.0,4.5698
2012-08-14,0.0,4.1897
2012-08-15,0.0,3.8708
2012-08-16,0.0,4.0704
2012-08-17,0.0,3.9356
2012-08-18,0.0,3.8304
2012-08-19,0.0,3.6166
2012-08-20,0.0,3.7533
2012-08-21,0.0,3.7378
2012-08-22,0.0,3.4949
2012-08-23,0.0,3.6221
2012-08-24,0.0,3.7884
2012-08-25,0.0,3.5359
2012-08-26,0.0,3.1027
2012-08-27,0.0,3.7679
2012-08-28,0.0,3.7519
2012-08-29,0.0,4.0151
2012-08-30,0.0,3.6871
2012-08-31,0.0,2.5146
2012-09-01,0.0,2.7645
2012-09-02,0.0,3.5659
2012-09-03,0.0,3.7365
2012-09-04,0.0,3.5072
2012-09-05,0.0,3.032
2012-09-06,0.0,3.1106
2012-09-07,0.0,3.1541
2012-09-08,0.0,2.8548
2012-09-09,0.0,2.9553
2012-09-10,0.0,3.3352
2012-09-11,0.0,3.2404
2012-09-12,0.0,3.1005
2012-09-13,0.0,3.1459
2012-09-14,0.0,2.9857
2012-09-15,0.0,2.9678
2012-09-16,0.0,2.9463
2012-09-17,0.0,2.6061
2012-09-18,0.0,2.5876
2012-09-19,0.0,2.4516
2012-09-20,0.0,2.5819
2012-09-21,0.0,2.7562
2012-09-22,0.0,2.8557
2012-09-23,0.0,2.7964
2012-09-24,0.0,2.544
2012-09-25,0.0,2.5363
2012-09-26,0.0,2.4243
2012-09-27,0.0,2.5594
2012-09-28,0.0,2.2585
2012-09-29,0.0,2.4261
2012-09-30,0.0,2.5822
2012-10-01,0.0,2.6415
2012-10-02,0.0,2.645
2012-10-03,0.0,2.4977
2012-10-04,0.0,2.149
2012-10-05,0.0,1.8239
2012-10-06,0.0,1.8173
2012-10-07,0.0,1.8506
2012-10-08,0.0,1.783
2012-10-09,0.0,1.7397
2012-10-10,0.0,1.7482
2012-10-11,0.0,1.3756
2012-10-12,0.0,1.2868
2012-10-13,0.0,1.6318
2012-10-14,0.0,1.6766
2012-10-15,0.0,1.715
2012-10-16,0.0,1.7029
2012-10-17,0.0,1.7284
2012-10-18,0.0,1.7134
2012-10-19,0.0,1.6007
2012-10-20,0.0,1.4026
2012-10-21,2.07,1.2797
2012-10-22,12.16,1.1257
2012-10-23,4.97,1.1227
2012-10-24,2.7,1.1809
2012-10-25,0.0,1.2239
2012-10-26,0.0,1.2451
2012-10-27,0.0,1.28
2012-10-28,0.0,1.2762
2012-10-29,0.0,1.2389
2012-10-30,0.0,1.1951
2012-10-31,3.97,1.1132
2012-11-01,8.22,1.0585
2012-11-02,0.0,1.1632
2012-11-03,0.0,1.1655
2012-11-04,0.0,1.1708
2012-11-05,0.0,1.124
2012-11-06,0.0,1.084
2012-11-07,0.0,1.0563
2012-11-08,2.58,0.9826
2012-11-09,4.44,0.8867
2012-11-10,0.0,0.9239
2012-11-11,0.0,0.8913
2012-11-12,0.0,0.8887
2012-11-13,0.0,0.9146
2012-11-14,0.0,0.9768
2012-11-15,0.0,0.9078
2012-11-16,6.14,0.9327
2012-11-17,12.72,0.83
2012-11-18,8.7,0.8419
2012-11-19,0.0,0.9794
2012-11-20,2.34,0.9274
2012-11-21,12.89,0.8537
2012-11-22,0.0,0.8878
2012-11-23,0.0,0.8864
2012-11-24,0.0,0.895
2012-11-25,0.0,0.8785
2012-11-26,0.0,0.8356
2012-11-27,0.0,0.837
2012-11-28,9.6,0.7901
2012-11-29,7.37,0.7542
2012-11-30,45.02,0.7253
2012-12-01,10.47,0.7471
2012-12-02,28.82,0.7645
2012-12-03,0.0,0.7245
2012-12-04,0.0,0.7954
2012-12-05,13.8,0.7466
2012-12-06,0.0,0.7711
2012-12-07,0.0,0.7121
2012-12-08,0.0,0.6956
2012-12-09,0.0,0.7253
2012-12-10,0.0,0.7578
2012-12-11,0.0,0.7032
2012-12-12,2.55,0.6693
2012-12-13,0.0,0.596
2012-12-14,1.44,0.5777
2012-12-15,4.66,0.563
2012-12-16,0.0,0.6544
2012-12-17,5.3,0.6638
2012-12-18,0.0,0.5923
2012-12-19,0.0,0.5348
2012-12-20,0.0,0.5524
2012-12-21,6.32,0.6588
2012-12-22,17.08,0.6615
2012-12-23,29.45,0.6536
2012-12-24,0.0,0.6344
2012-12-25,12.68,0.6095
2012-12-26,6.68,0.6317
2012-12-27,0.0,0.6365
2012-12-28,0.0,0.5935
2012-12-29,3.13,0.6155
2012-12-30,0.0,0.6005
2012-12-31,1.56,0.6193
2013-01-01,0.0,0.6178
2013-01-02,0.0,0.5994
2013-01-03,0.0,0.6134
2013-01-04,0.0,0.6576
2013-01-05,4.21,0.6625
2013-01-06,4.28,0.6176
2013-01-07,0.0,0.6886
2013-01-08,0.0,0.7392
2013-01-09,0.78,0.7193
2013-01-10,0.0,0.6627
2013-01-11,0.0,0.6529
2013-01-12,0.0,0.6471
2013-01-13,0.0,0.6406
2013-01-14,0.0,0.6713
2013-01-15,0.0,0.7073
2013-01-16,0.0,0.7484
2013-01-17,0.0,0.7951
2013-01-18,0.0,0.8467
2013-01-19,0.0,0.8476
2013-01-20,0.0,0.8734
2013-01-21,0.0,0.8685
2013-01-22,0.0,0.8995
2013-01-23,2.15,0.9036
2013-01-24,3.36,0.7665
2013-01-25,2.88,0.9457
2013-01-26,0.0,0.9724
2013-01-27,0.0,0.9305
2013-01-28,0.0,0.9676
2013-01-29,0.0,1.0195
2013-01-30,0.0,1.1407
2013-01-31,0.0,1.1438
2013-02-01,0.0,1.1828
2013-02-02,0.0,1.1677
2013-02-03,0.0,1.1527
2013-02-04,0.0,1.1979
2013-02-05,0.0,1.059
2013-02-06,0.0,1.1786
2013-02-07,1.96,1.1135
2013-02-08,2.0,1.0803
2013-02-09,0.0,1.2103
2013-02-10,0.0,1.2725
2013-02-11,0.0,1.34
2013-02-12,0.0,1.3701
2013-02-13,0.0,1.4478
2013-02-14,0.0,1.5433
2013-02-15,0.0,1.6407
2013-02-16,0.0,1.6609
2013-02-17,0.0,1.6004
2013-02-18,0.0,1.1992
2013-02-19,9.35,0.9367
2013-02-20,0.0,1.4143
2013-02-21,0.0,1.5098
2013-02-22,0.0,1.5836
2013-02-23,0.0,1.4994
2013-02-24,0.0,1.6138
2013-02-25,0.0,1.6638
2013-02-26,0.0,1.7631
2013-02-27,0.0,1.8408
2013-02-28,0.0,1.8697
2013-03-01,0.0,2.0001
2013-03-02,0.0,2.0336
2013-03-03,0.0,1.8454
2013-03-04,0.0,1.7393
2013-03-05,2.74,1.6308
2013-03-06,2.95,1.4082
2013-03-07,4.85,1.5269
2013-03-08,5.18,1.4898
2013-03-09,0.0,2.0926
2013-03-10,0.0,2.2276
2013-03-11,0.0,2.3523
2013-03-12,0.0,2.4365
2013-03-13,0.0,2.5321
2013-03-14,0.0,2.4699
2013-03-15,0.0,2.4708
2013-03-16,0.0,2.4517
2013-03-17,0.0,2.4832
2013-03-18,0.0,2.4502
2013-03-19,1.66,2.4386
2013-03-20,3.26,2.0133
2013-03-21,0.0,2.4525
2013-03-22,0.0,2.5932
2013-03-23,0.0,2.6907
2013-03-24,0.0,2.7983
2013-03-25,0.0,2.4761
2013-03-26,0.0,2.6105
2013-03-27,0.0,2.5758
2013-03-28,0.0,2.7727
2013-03-29,0.0,3.1838
2013-03-30,0.0,2.9294
2013-03-31,3.42,2.3795
2013-04-01,5.37,2.1139
2013-04-02,0.0,3.0205
2013-04-03,0.0,3.4026
2013-04-04,6.39,2.3889
2013-04-05,0.0,2.5065
2013-04-06,0.0,2.4369
2013-04-07,1.21,2.5201
2013-04-08,0.0,3.1372
2013-04-09,0.0,3.5179
2013-04-10,0.0,3.9102
2013-04-11,0.0,3.6051
2013-04-12,0.0,3.7185
2013-04-13,0.0,3.3447
2013-04-14,0.0,3.352
2013-04-15,0.0,2.7125
2013-04-16,0.0,3.3994
2013-04-17,0.0,3.4894
2013-04-18,0.0,3.9392
2013-04-19,0.0,4.1651
2013-04-20,0.0,4.1719
2013-04-21,0.0,4.467
2013-04-22,0.0,4.606
2013-04-23,0.0,4.3877
2013-04-24,0.0,3.8288
2013-04-25,0.0,3.34
2013-04-26,0.0,3.7043
2013-04-27,0.0,4.1249
2013-04-28,0.0,4.5949
2013-04-29,0.0,4.7384
2013-04-30,0.0,4.4082
2013-05-01,0.0,4.5514
2013-05-02,0.0,5.0172
2013-05-03,0.0,4.9305
2013-05-04,0.0,4.8661
2013-05-05,0.0,3.8159
2013-05-06,0.0,3.1315
2013-05-07,0.0,3.6684
2013-05-08,0.0,3.0797
2013-05-09,0.0,3.112
2013-05-10,0.0,3.7099
2013-05-11,0.0,4.855
2013-05-12,0.0,4.5322
2013-05-13,0.0,4.3014
2013-05-14,0.0,4.0761
2013-05-15,0.0,3.5825
2013-05-16,0.0,3.2029
2013-05-17,0.0,3.5153
2013-05-18,0.0,4.1213
2013-05-19,0.0,4.7841
2013-05-20,0.0,5.2429
2013-05-21,0.0,4.3105
2013-05-22,0.0,3.6428
2013-05-23,0.0,3.842
2013-05-24,0.0,4.0478
2013-05-25,0.0,3.5871
2013-05-26,0.0,3.6288
2013-05-27,0.28,3.1504
2013-05-28,0.0,3.4076
2013-05-29,0.0,3.8252
2013-05-30,0.0,4.6378
2013-05-31,0.0,5.424
2013-06-01,0.0,5.6851
2013-06-02,0.0,5.2016
2013-06-03,0.0,4.9674
2013-06-04,0.0,4.2371
2013-06-05,0.0,4.2386
2013-06-06,0.0,4.8963
2013-06-07,0.0,5.8302
2013-06-08,0.0,5.9241
2013-06-09,0.0,4.5238
2013-06-10,0.0,4.1895
2013-06-11,0.0,4.5372
2013-06-12,0.0,4.7432
2013-06-13,0.0,5.0283
2013-06-14,0.0,5.3755
2013-06-15,0.0,4.5681
2013-06-16,0.0,4.7294
2013-06-17,0.0,4.3716
2013-06-18,0.0,3.6013
2013-06-19,0.0,4.4617
2013-06-20,0.0,4.8231
2013-06-21,0.0,5.1251
2013-06-22,0.0,5.4534
2013-06-23,0.0,3.6905
2013-06-24,1.09,2.7224
2013-06-25,0.0,4.1319
2013-06-26,0.0,4.7546
2013-06-27,0.0,5.4195
2013-06-28,0.0,5.9391
2013-06-29,0.0,6.0086
2013-06-30,0.0,5.6049
2013-07-01,0.0,5.9008
2013-07-02,0.0,5.9114
2013-07-03,0.0,5.8603
2013-07-04,0.0,5.7166
2013-07-05,0.0,4.4812
2013-07-06,0.0,4.5061
2013-07-07,0.0,4.906
2013-07-08,0.0,4.9847
2013-07-09,0.0,5.5515
2013-07-10,0.0,5.2254
2013-07-11,0.0,4.3817
2013-07-12,0.0,4.5279
2013-07-13,0.0,5.0435
2013-07-14,0.0,4.765
2013-07-15,0.0,4.0955
2013-07-16,0.0,3.7803
2013-07-17,0.0,4.1838
2013-07-18,0.0,4.9199
2013-07-19,0.0,5.0427
2013-07-20,0.0,5.0611
2013-07-21,0.0,4.8479
2013-07-22,0.0,4.5434
2013-07-23,0.0,4.2979
2013-07-24,0.0,4.8749
2013-07-25,0.0,4.5946
2013-07-26,0.0,4.5546
2013-07-27,0.0,4.2241
2013-07-28,0.0,3.9671
2013-07-29,0.0,4.0569
2013-07-30,0.0,4.2522
2013-07-31,0.0,4.1147
2013-08-01,0.0,3.9003
2013-08-02,0.0,4.3758
2013-08-03,0.0,4.297
2013-08-04,0.0,4.0142
2013-08-05,0.0,3.8506
2013-08-06,0.0,3.7604
2013-08-07,0.0,3.5875
2013-08-08,0.0,3.7608
2013-08-09,0.0,3.7213
2013-08-10,0.0,3.8671
2013-08-11,0.0,3.8871
2013-08-12,0.0,4.3275
2013-08-13,0.0,4.8043
2013-08-14,0.0,4.436
2013-08-15,0.0,4.2374
2013-08-16,0.0,4.2927
2013-08-17,0.0,3.8955
2013-08-18,0.0,4.8089
2013-08-19,0.0,4.7179
2013-08-20,0.0,4.2824
2013-08-21,0.0,3.8317
2013-08-22,0.0,3.5162
2013-08-23,0.0,3.5448
2013-08-24,0.0,3.6772
2013-08-25,0.0,3.8462
2013-08-26,0.0,3.5831
2013-08-27,0.0,3.8631
2013-08-28,0.0,3.8156
2013-08-29,0.0,3.7105
2013-08-30,0.0,4.1368
2013-08-31,0.0,3.7198
2013-09-01,0.0,3.6294
2013-09-02,0.0,3.3206
2013-09-03,0.0,3.2641
2013-09-04,0.0,3.2714
2013-09-05,0.0,3.2749
2013-09-06,0.0,3.876
2013-09-07,0.0,4.0196
2013-09-08,0.0,3.8744
2013-09-09,0.0,3.8278
2013-09-10,0.0,3.2988
2013-09-11,0.0,2.8488
2013-09-12,0.0,2.9256
2013-09-13,0.0,2.9546
2013-09-14,0.0,2.5552
2013-09-15,0.0,2.8723
2013-09-16,0.0,2.9655
2013-09-17,0.0,2.5383
2013-09-18,0.0,3.0307
2013-09-19,0.0,3.212
2013-09-20,0.0,2.7511
2013-09-21,14.03,1.6988
2013-09-22,0.0,2.3986
2013-09-23,0.0,2.7901
2013-09-24,0.0,2.3921
2013-09-25,0.0,2.1128
2013-09-26,0.0,2.4168
2013-09-27,0.0,2.5112
2013-09-28,0.0,2.6225
2013-09-29,0.0,2.3572
2013-09-30,0.0,2.189
2013-10-01,0.0,2.1616
2013-10-02,0.0,2.2166
2013-10-03,0.0,2.1276
2013-10-04,0.0,2.1923
2013-10-05,0.0,2.3272
2013-10-06,0.0,2.3067
2013-10-07,0.0,2.2254
2013-10-08,0.0,2.0356
2013-10-09,0.0,1.8445
2013-10-10,0.0,1.8254
2013-10-11,0.0,1.7314
2013-10-12,0.0,1.746
2013-10-13,0.0,1.7342
2013-10-14,0.0,1.797
2013-10-15,0.0,1.7957
2013-10-16,0.0,1.7888
2013-10-17,0.0,1.7308
2013-10-18,0.0,1.6816
2013-10-19,0.0,1.6584
2013-10-20,0.0,1.5887
2013-10-21,0.0,1.4823
2013-10-22,0.0,1.483
2013-10-23,0.0,1.403
2013-10-24,0.0,1.2295
2013-10-25,0.0,1.3072
2013-10-26,0.0,1.327
2013-10-27,0.0,1.1939
2013-10-28,0.0,1.0995
2013-10-29,0.0,1.0872
2013-10-30,0.0,1.1012
2013-10-31,0.0,1.1069
2013-11-01,0.0,1.1052
2013-11-02,0.0,1.0697
2013-11-03,0.0,0.9935
2013-11-04,0.0,0.9515
2013-11-05,0.0,0.9895
2013-11-06,0.0,0.9654
2013-11-07,0.0,0.9818
2013-11-08,0.0,0.9353
2013-11-09,0.0,0.8892
2013-11-10,0.0,0.8737
2013-11-11,0.0,0.8683
2013-11-12,0.0,0.9075
2013-11-13,0.0,0.8178
2013-11-14,0.0,0.8401
2013-11-15,0.0,0.7745
2013-11-16,0.0,0.7665
2013-11-17,0.0,0.7896
2013-11-18,0.0,0.7767
2013-11-19,6.98,0.8201
2013-11-20,17.54,0.8026
2013-11-21,10.16,0.8044
2013-11-22,0.0,0.9153
2013-11-23,0.0,0.8544
2013-11-24,0.0,0.813
2013-11-25,0.0,0.8029
2013-11-26,0.0,0.8295
2013-11-27,0.0,0.8312
2013-11-28,0.0,0.8476
2013-11-29,0.0,0.8087
2013-11-30,0.0,0.789
2013-12-01,0.0,0.7647
2013-12-02,0.0,0.7558
2013-12-03,0.0,0.7148
2013-12-04,0.0,0.6178
2013-12-05,0.0,0.5671
2013-12-06,8.6,0.5828
2013-12-07,8.62,0.5737
2013-12-08,0.0,0.5406
2013-12-09,0.0,0.5484
2013-12-10,0.0,0.5607
2013-12-11,0.0,0.587
2013-12-12,0.0,0.5966
2013-12-13,0.0,0.6227
2013-12-14,0.0,0.6149
2013-12-15,0.0,0.6123
2013-12-16,0.0,0.6777
2013-12-17,0.0,0.7
2013-12-18,0.0,0.6911
2013-12-19,0.0,0.6488
2013-12-20,0.0,0.6288
2013-12-21,0.0,0.6253
2013-12-22,0.0,0.6367
2013-12-23,0.0,0.6653
2013-12-24,0.0,0.6639
2013-12-25,0.0,0.6387
2013-12-26,0.0,0.6535
2013-12-27,0.0,0.6791
2013-12-28,0.0,0.6074
2013-12-29,0.0,0.6572
2013-12-30,0.0,0.627
2013-12-31,0.0,0.6763
2014-01-01,0.0,0.701
2014-01-02,0.0,0.7261
2014-01-03,0.0,0.7671
2014-01-04,0.0,0.753
2014-01-05,0.0,0.7292
2014-01-06,0.0,0.7584
2014-01-07,0.0,0.7857
2014-01-08,0.0,0.7275
2014-01-09,0.0,0.7695
2014-01-10,0.0,0.7975
2014-01-11,0.0,0.7666
2014-01-12,0.0,0.7757
2014-01-13,0.0,0.8534
2014-01-14,0.0,0.9289
2014-01-15,0.0,0.9664
2014-01-16,0.0,0.9697
2014-01-17,0.0,0.9595
2014-01-18,0.0,0.9789
2014-01-19,0.0,0.9646
2014-01-20,0.0,0.9939
2014-01-21,0.0,0.9945
2014-01-22,0.0,1.0393
2014-01-23,0.0,1.0219
2014-01-24,0.0,1.0606
2014-01-25,0.0,1.151
2014-01-26,0.0,1.1824
2014-01-27,0.0,1.0613
2014-01-28,0.0,1.1316
2014-01-29,0.0,0.9777
2014-01-30,1.0,0.9588
2014-01-31,0.0,1.0615
2014-02-01,0.0,1.0649
2014-02-02,8.14,0.7984
2014-02-03,0.0,0.9789
2014-02-04,0.0,1.0573
2014-02-05,0.0,1.0665
2014-02-06,13.49,0.8297
2014-02-07,6.2,0.7805
2014-02-08,9.74,0.8802
2014-02-09,10.62,0.8512
2014-02-10,6.59,0.976
2014-02-11,0.0,1.3342
2014-02-12,0.0,1.4404
2014-02-13,0.0,1.6498
2014-02-14,0.0,1.4129
2014-02-15,0.0,1.4011
2014-02-16,1.21,1.6055
2014-02-17,0.0,1.6039
2014-02-18,0.0,1.7116
2014-02-19,0.3,1.6654
2014-02-20,0.0,1.8455
2014-02-21,0.0,2.0282
2014-02-22,0.0,2.058
2014-02-23,0.0,2.1
2014-02-24,0.0,2.1922
2014-02-25,0.0,2.1089
2014-02-26,11.85,1.2441
2014-02-27,9.66,1.5039
2014-02-28,25.51,1.3034
2014-03-01,4.25,1.6097
2014-03-02,0.04,1.6155
2014-03-03,2.0,1.8119
2014-03-04,0.0,1.863
2014-03-05,1.72,2.1611
2014-03-06,3.5,1.8188
2014-03-07,0.0,2.4715
2014-03-08,0.0,2.6892
2014-03-09,0.0,2.7003
2014-03-10,0.93,2.4417
2014-03-11,0.0,2.5624
2014-03-12,0.0,2.8382
2014-03-13,0.0,3.0155
2014-03-14,0.0,2.9035
2014-03-15,0.0,3.1705
2014-03-16,0.0,3.1586
2014-03-17,0.0,2.7686
2014-03-18,0.0,2.8196
2014-03-19,0.0,3.1
2014-03-20,0.0,3.0398
2014-03-21,0.0,2.8786
2014-03-22,0.0,2.9215
2014-03-23,0.0,3.0342
2014-03-24,0.0,3.2929
2014-03-25,2.76,2.5144
2014-03-26,9.64,1.6666
2014-03-27,0.0,2.4735
2014-03-28,0.0,2.9626
2014-03-29,9.61,1.9223
2014-03-30,5.41,1.9814
2014-03-31,12.35,1.8007
2014-04-01,13.1,1.8591
2014-04-02,6.99,2.1911
2014-04-03,0.0,2.999
2014-04-04,6.97,1.8173
2014-04-05,0.0,3.03
2014-04-06,0.0,3.8151
2014-04-07,0.0,4.095
2014-04-08,0.0,4.2359
2014-04-09,0.0,3.8953
2014-04-10,0.0,4.1497
2014-04-11,0.0,3.6375
2014-04-12,0.0,3.193
2014-04-13,0.0,3.8687
2014-04-14,0.0,4.0572
2014-04-15,0.0,3.8566
2014-04-16,0.0,4.3299
2014-04-17,0.0,3.8198
2014-04-18,0.0,3.8069
2014-04-19,0.0,3.6197
2014-04-20,0.0,4.5304
2014-04-21,0.0,4.2649
2014-04-22,0.0,3.2335
2014-04-23,0.0,3.7992
2014-04-24,0.0,3.5031
2014-04-25,9.47,2.0376
2014-04-26,5.79,2.5423
2014-04-27,0.0,3.2912
2014-04-28,0.0,4.317
2014-04-29,0.0,5.0876
2014-04-30,0.0,5.4126
2014-05-01,0.0,5.4744
2014-05-02,0.0,5.0622
2014-05-03,0.0,3.9265
2014-05-04,0.0,3.3285
2014-05-05,0.0,3.2702
2014-05-06,0.0,3.8943
2014-05-07,0.0,3.8121
2014-05-08,0.0,3.513
2014-05-09,0.0,3.5203
2014-05-10,0.0,4.0052
2014-05-11,0.0,4.8853
2014-05-12,0.0,5.4096
2014-05-13,0.0,5.812
2014-05-14,0.0,5.9428
2014-05-15,0.0,5.7645
2014-05-16,0.0,5.0218
2014-05-17,0.0,4.1503
2014-05-18,0.0,3.7918
2014-05-19,0.0,3.5086
2014-05-20,0.0,4.0873
2014-05-21,0.0,4.8176
2014-05-22,0.0,4.7711
2014-05-23,0.0,4.9952
2014-05-24,0.0,4.6957
2014-05-25,0.0,5.4407
2014-05-26,0.0,5.2868
2014-05-27,0.0,4.6684
2014-05-28,0.0,4.8881
2014-05-29,0.0,5.2967
2014-05-30,0.0,4.4367
2014-05-31,0.0,4.9098
2014-06-01,0.0,5.2815
2014-06-02,0.0,4.4824
2014-06-03,0.0,4.7929
2014-06-04,0.0,5.3501
2014-06-05,0.0,5.1
2014-06-06,0.0,4.844
2014-06-07,0.0,5.2066
2014-06-08,0.0,6.0278
2014-06-09,0.0,5.8812
2014-06-10,0.0,5.0901
2014-06-11,0.0,4.5986
2014-06-12,0.0,4.059
2014-06-13,0.0,5.0785
2014-06-14,0.0,5.4949
2014-06-15,0.0,4.5833
2014-06-16,0.0,3.4907
2014-06-17,0.0,4.872
2014-06-18,0.0,5.511
2014-06-19,0.0,5.159
2014-06-20,0.0,5.2152
2014-06-21,0.0,4.3968
2014-06-22,0.0,4.5835
2014-06-23,0.0,5.0237
2014-06-24,0.0,4.4497
2014-06-25,0.0,3.497
2014-06-26,0.0,3.8142
2014-06-27,0.0,4.4545
2014-06-28,0.0,4.6611
2014-06-29,0.0,5.5826
2014-06-30,0.0,5.8578
2014-07-01,0.0,5.0647
2014-07-02,0.0,4.8762
2014-07-03,0.0,4.816
2014-07-04,0.0,4.9255
2014-07-05,0.0,5.316
2014-07-06,0.0,5.321
2014-07-07,0.0,5.1207
2014-07-08,0.0,4.7794
2014-07-09,0.0,4.8547
2014-07-10,0.0,4.5931
2014-07-11,0.0,4.1361
2014-07-12,0.0,4.3264
2014-07-13,0.0,5.0468
2014-07-14,0.0,5.4071
2014-07-15,0.0,4.8912
2014-07-16,0.0,4.5002
2014-07-17,0.0,3.9869
2014-07-18,0.0,3.9647
2014-07-19,0.0,4.4733
2014-07-20,0.0,4.2366
2014-07-21,0.0,3.9997
2014-07-22,0.0,4.2803
2014-07-23,0.0,4.4337
2014-07-24,0.0,5.305
2014-07-25,0.0,5.7276
2014-07-26,0.0,5.4629
2014-07-27,0.0,5.3082
2014-07-28,0.0,4.9043
2014-07-29,0.0,4.9764
2014-07-30,0.0,5.0913
2014-07-31,0.0,5.0156
2014-08-01,0.0,5.0492
2014-08-02,0.0,4.4258
2014-08-03,0.0,3.967
2014-08-04,0.0,3.965
2014-08-05,0.0,4.4303
2014-08-06,0.0,4.4819
2014-08-07,0.0,4.2849
2014-08-08,0.0,4.5664
2014-08-09,0.0,3.997
2014-08-10,0.0,4.2733
2014-08-11,0.0,4.3367
2014-08-12,0.0,4.1558
2014-08-13,0.0,4.3219
2014-08-14,0.0,4.2464
2014-08-15,0.0,4.3918
2014-08-16,0.0,4.3811
2014-08-17,0.0,4.2568
2014-08-18,0.0,3.7882
2014-08-19,0.0,3.579
2014-08-20,0.0,3.4464
2014-08-21,0.0,4.0943
2014-08-22,0.0,3.8181
2014-08-23,0.0,3.8505
2014-08-24,0.0,3.6859
2014-08-25,0.0,3.3554
2014-08-26,0.0,3.8556
2014-08-27,0.0,4.1834
2014-08-28,0.0,4.1287
2014-08-29,0.0,3.9445
2014-08-30,0.0,3.9637
2014-08-31,0.0,3.9763
2014-09-01,0.0,4.2091
2014-09-02,0.0,3.5269
2014-09-03,0.0,3.5653
2014-09-04,0.0,3.5074
2014-09-05,0.0,3.3375
2014-09-06,0.0,3.3348
2014-09-07,0.0,3.2647
2014-09-08,0.0,2.8018
2014-09-09,0.0,3.3328
2014-09-10,0.0,3.7705
2014-09-11,0.0,3.8041
2014-09-12,0.0,3.6763
2014-09-13,0.0,3.5013
2014-09-14,0.0,3.307
2014-09-15,0.0,3.0411
2014-09-16,0.0,3.2056
2014-09-17,0.0,3.089
2014-09-18,0.0,2.6097
2014-09-19,0.0,2.732
2014-09-20,0.0,2.6158
2014-09-21,0.0,2.1512
2014-09-22,0.0,2.6961
2014-09-23,0.0,2.7161
2014-09-24,0.0,2.5403
2014-09-25,12.08,1.9116
2014-09-26,0.0,2.2282
2014-09-27,0.0,2.1882
2014-09-28,0.0,2.2337
2014-09-29,0.0,2.2463
2014-09-30,0.0,2.3395
2014-10-01,0.0,2.5351
2014-10-02,0.0,2.6095
2014-10-03,0.0,2.6712
2014-10-04,0.0,2.6546
2014-10-05,0.0,2.6054
2014-10-06,0.0,2.489
2014-10-07,0.0,2.3255
2014-10-08,0.0,2.284
2014-10-09,0.0,2.0406
2014-10-10,0.0,1.8736
2014-10-11,0.0,2.0087
2014-10-12,0.0,2.1095
2014-10-13,0.0,2.0558
2014-10-14,0.0,1.6956
2014-10-15,0.41,1.5337
2014-10-16,0.0,1.6218
2014-10-17,0.0,1.6491
2014-10-18,0.0,1.6803
2014-10-19,0.0,1.6173
2014-10-20,0.0,1.3893
2014-10-21,0.0,1.4189
2014-10-22,0.0,1.4552
2014-10-23,0.0,1.4302
2014-10-24,0.0,1.437
2014-10-25,3.94,1.228
2014-10-26,0.0,1.2576
2014-10-27,0.0,1.2371
2014-10-28,0.0,1.2618
2014-10-29,0.0,1.2692
2014-10-30,0.0,1.2687
2014-10-31,6.05,0.9985
2014-11-01,3.01,1.0171
2014-11-02,0.0,1.0911
2014-11-03,0.0,1.0597
2014-11-04,0.0,1.0533
2014-11-05,0.0,1.072
2014-11-06,0.0,1.0502
2014-11-07,0.0,1.0406
2014-11-08,0.0,0.9991
2014-11-09,0.0,0.9735
2014-11-10,0.0,0.9576
2014-11-11,0.0,1.0168
2014-11-12,0.0,1.0089
2014-11-13,6.91,0.9213
2014-11-14,0.0,0.9928
2014-11-15,0.0,0.9597
2014-11-16,0.0,0.9218
2014-11-17,0.0,0.8841
2014-11-18,0.0,0.9027
2014-11-19,1.85,0.9283
2014-11-20,9.09,0.7643
2014-11-21,0.0,0.9087
2014-11-22,4.92,0.8603
2014-11-23,0.0,0.8825
2014-11-24,0.0,0.84
2014-11-25,0.0,0.8485
2014-11-26,0.0,0.8522
2014-11-27,0.0,0.8526
2014-11-28,0.0,0.7687
2014-11-29,5.4,0.7916
2014-11-30,10.97,0.7522
2014-12-01,7.25,0.8271
2014-12-02,32.95,0.7595
2014-12-03,39.49,0.745
2014-12-04,4.83,0.8215
2014-12-05,0.0,0.8666
2014-12-06,8.32,0.8208
2014-12-07,0.0,0.8362
2014-12-08,0.0,0.8974
2014-12-09,0.0,0.8545
2014-12-10,0.0,0.835
2014-12-11,64.91,0.7651
2014-12-12,33.69,0.6667
2014-12-13,4.53,0.6582
2014-12-14,0.34,0.7054
2014-12-15,26.25,0.6666
2014-12-16,9.68,0.7094
2014-12-17,9.46,0.6831
2014-12-18,4.62,0.7156
2014-12-19,6.04,0.6872
2014-12-20,3.32,0.6921
2014-12-21,0.01,0.7691
2014-12-22,0.0,0.8195
2014-12-23,0.0,0.8366
2014-12-24,1.0,0.7265
2014-12-25,0.0,0.6469
2014-12-26,0.0,0.6576
2014-12-27,0.0,0.6157
2014-12-28,0.0,0.6579
2014-12-29,0.0,0.6724
2014-12-30,0.0,0.6243
2014-12-31,0.0,0.619
